dept_id|department_name|key_functions|official_contact
DEPT-LUS-01|Communities of Lusangazi Dis-|Municipal planning, service delivery, and council oversight|info@lusangazicouncil.gov.zm
DEPT-LUS-02|Public Relation Unit|Municipal planning, service delivery, and council oversight|info@lusangazicouncil.gov.zm
DEPT-LUS-03|Community Led Total Sanita-|Municipal planning, service delivery, and council oversight|info@lusangazicouncil.gov.zm
DEPT-LUS-04|munity Specialist Officer, Mr.|Municipal planning, service delivery, and council oversight|info@lusangazicouncil.gov.zm
DEPT-LUS-05|of community-wide|Municipal planning, service delivery, and council oversight|info@lusangazicouncil.gov.zm
DEPT-LUS-06|Community Led Total Sanitation|Municipal planning, service delivery, and council oversight|info@lusangazicouncil.gov.zm
DEPT-LUS-07|Community Led Total Sanitation|Municipal planning, service delivery, and council oversight|info@lusangazicouncil.gov.zm
DEPT-LUS-08|Water and Sanitation Senior Community|Municipal planning, service delivery, and council oversight|info@lusangazicouncil.gov.zm
DEPT-LUS-09|Community Led Total Sanita-|Municipal planning, service delivery, and council oversight|info@lusangazicouncil.gov.zm
DEPT-LUS-10|community-wide action stim-|Municipal planning, service delivery, and council oversight|info@lusangazicouncil.gov.zm
DEPT-LUS-11|munity of Sandwe Chiefdom|Municipal planning, service delivery, and council oversight|info@lusangazicouncil.gov.zm
DEPT-LUS-12|A total of 14 headmen, EHTs and community champs from Sandw|Municipal planning, service delivery, and council oversight|info@lusangazicouncil.gov.zm
DEPT-LUS-13|communities.|Municipal planning, service delivery, and council oversight|info@lusangazicouncil.gov.zm
DEPT-LUS-14|community members can|Municipal planning, service delivery, and council oversight|info@lusangazicouncil.gov.zm
DEPT-LUS-15|Senior Community Develop-|Municipal planning, service delivery, and council oversight|info@lusangazicouncil.gov.zm
DEPT-LUS-16|said that the community and|Municipal planning, service delivery, and council oversight|info@lusangazicouncil.gov.zm
DEPT-LUS-17|munity members in triggered villages were building adequate|Municipal planning, service delivery, and council oversight|info@lusangazicouncil.gov.zm
DEPT-LUS-18|opportunities such as getting bore-|Municipal planning, service delivery, and council oversight|info@lusangazicouncil.gov.zm
DEPT-LUS-19|mental opportunities from both the|Municipal planning, service delivery, and council oversight|info@lusangazicouncil.gov.zm
DEPT-LUS-20|HIS ROYAL HIGHNESS CHIEF MAZIMAWE PRE TRIGGERS HIS ROYAL HI|Municipal planning, service delivery, and council oversight|info@lusangazicouncil.gov.zm
DEPT-LUS-21|Water and Sanitation Senior Community Specialist|Municipal planning, service delivery, and council oversight|info@lusangazicouncil.gov.zm
DEPT-LUS-22|Induna’s , headmen and community members witnessing the chi|Municipal planning, service delivery, and council oversight|info@lusangazicouncil.gov.zm
DEPT-LUS-23|other community members will|Municipal planning, service delivery, and council oversight|info@lusangazicouncil.gov.zm
DEPT-LUS-24|enhance the administration of|Municipal planning, service delivery, and council oversight|info@lusangazicouncil.gov.zm
DEPT-LUS-25|planning/budget processes as well as any developmental agend|Municipal planning, service delivery, and council oversight|info@lusangazicouncil.gov.zm
DEPT-LUS-26|Lusangazi district lacks a number of social amenities and la|Municipal planning, service delivery, and council oversight|info@lusangazicouncil.gov.zm
DEPT-LUS-27|projects as well as provide them with an opportunity to eith|Municipal planning, service delivery, and council oversight|info@lusangazicouncil.gov.zm
DEPT-LUS-28|The local authority has been engaging the community continuo|Municipal planning, service delivery, and council oversight|info@lusangazicouncil.gov.zm
DEPT-LUS-29|through the civic leadership. The business community has bee|Municipal planning, service delivery, and council oversight|info@lusangazicouncil.gov.zm
DEPT-LUS-30|process of levy collection and other opportunities. The trad|Municipal planning, service delivery, and council oversight|info@lusangazicouncil.gov.zm
DEPT-LUS-31| Strengthen partnerships with relevant parties including co|Municipal planning, service delivery, and council oversight|info@lusangazicouncil.gov.zm
DEPT-LUS-32| Support local investment and diverse Job creation and oppo|Municipal planning, service delivery, and council oversight|info@lusangazicouncil.gov.zm
DEPT-LUS-33|direct input of the community|Municipal planning, service delivery, and council oversight|info@lusangazicouncil.gov.zm
DEPT-LUS-34|Community Meetings Open forums led by council reps|Municipal planning, service delivery, and council oversight|info@lusangazicouncil.gov.zm
DEPT-LUS-35|Remote communities|Municipal planning, service delivery, and council oversight|info@lusangazicouncil.gov.zm
DEPT-LUS-36|All community members|Municipal planning, service delivery, and council oversight|info@lusangazicouncil.gov.zm
DEPT-LUS-37|Public notices and community posters|Municipal planning, service delivery, and council oversight|info@lusangazicouncil.gov.zm
DEPT-LUS-38|Community gatherings and public engagement meetings|Municipal planning, service delivery, and council oversight|info@lusangazicouncil.gov.zm
DEPT-LUS-39|Finance & Planning|Municipal planning, service delivery, and council oversight|info@lusangazicouncil.gov.zm
DEPT-LUS-40|Engage the business community|Municipal planning, service delivery, and council oversight|info@lusangazicouncil.gov.zm
DEPT-LUS-41|Capacitate community members|Municipal planning, service delivery, and council oversight|info@lusangazicouncil.gov.zm
DEPT-LUS-42|Twice per year Planning & Finance|Municipal planning, service delivery, and council oversight|info@lusangazicouncil.gov.zm
DEPT-LUS-43|Planning Dept.|Municipal planning, service delivery, and council oversight|info@lusangazicouncil.gov.zm
DEPT-LUS-44|Effective communication is essential for good governance, ac|Municipal planning, service delivery, and council oversight|info@lusangazicouncil.gov.zm
DEPT-LUS-45|Public Meetings In-person forums, community|Municipal planning, service delivery, and council oversight|info@lusangazicouncil.gov.zm
DEPT-LUS-46|Community members,|Municipal planning, service delivery, and council oversight|info@lusangazicouncil.gov.zm
DEPT-LUS-47|Remote communities|Municipal planning, service delivery, and council oversight|info@lusangazicouncil.gov.zm
DEPT-LUS-48|Business Forums: Twice yearly to discuss investment climate,|Municipal planning, service delivery, and council oversight|info@lusangazicouncil.gov.zm
DEPT-LUS-49|*Source of Information–Department of works and finance depar|Municipal planning, service delivery, and council oversight|info@lusangazicouncil.gov.zm
DEPT-LUS-50|NB: This report should be submitted to the Planning Departme|Municipal planning, service delivery, and council oversight|info@lusangazicouncil.gov.zm
DEPT-LUS-51|National Planning and Budgeting|Municipal planning, service delivery, and council oversight|info@lusangazicouncil.gov.zm
DEPT-LUS-52|THE NATIONAL PLANNING AND BUDGETING ACT,|Municipal planning, service delivery, and council oversight|info@lusangazicouncil.gov.zm
DEPT-LUS-53|Principles relating to national planning and budgeting|Municipal planning, service delivery, and council oversight|info@lusangazicouncil.gov.zm
DEPT-LUS-54|INSTITUTIONAL FRAMEWORK FOR DEVELOPMENT PLANNING|Municipal planning, service delivery, and council oversight|info@lusangazicouncil.gov.zm
DEPT-LUS-55|NATIONAL PLANNING PROCESS|Municipal planning, service delivery, and council oversight|info@lusangazicouncil.gov.zm
DEPT-LUS-56|Long Term Development Planning|Municipal planning, service delivery, and council oversight|info@lusangazicouncil.gov.zm
DEPT-LUS-57|Content of Long Term Development Planning|Municipal planning, service delivery, and council oversight|info@lusangazicouncil.gov.zm
DEPT-LUS-58|National Planning and Budgeting|Municipal planning, service delivery, and council oversight|info@lusangazicouncil.gov.zm
DEPT-LUS-59|Development planning guidelines|Municipal planning, service delivery, and council oversight|info@lusangazicouncil.gov.zm
DEPT-LUS-60|Development planning|Municipal planning, service delivery, and council oversight|info@lusangazicouncil.gov.zm
DEPT-LUS-61|Link to National Planning Framework|Municipal planning, service delivery, and council oversight|info@lusangazicouncil.gov.zm
DEPT-LUS-62|National Planning and Budgeting|Municipal planning, service delivery, and council oversight|info@lusangazicouncil.gov.zm
DEPT-LUS-63|An Act to provide for an integrated national planning and|Municipal planning, service delivery, and council oversight|info@lusangazicouncil.gov.zm
DEPT-LUS-64|and participation mechanisms in the national planning and|Municipal planning, service delivery, and council oversight|info@lusangazicouncil.gov.zm
DEPT-LUS-65|of national development plans with the National Planning|Municipal planning, service delivery, and council oversight|info@lusangazicouncil.gov.zm
DEPT-LUS-66|planning and budgeting process which promotes the|Municipal planning, service delivery, and council oversight|info@lusangazicouncil.gov.zm
DEPT-LUS-67|participation of state and non state actors in the planning|Municipal planning, service delivery, and council oversight|info@lusangazicouncil.gov.zm
DEPT-LUS-68|in national planning and budgeting; enhanced budget|Municipal planning, service delivery, and council oversight|info@lusangazicouncil.gov.zm
DEPT-LUS-69|1. (1) This Act may be cited as the National Planning and|Municipal planning, service delivery, and council oversight|info@lusangazicouncil.gov.zm
DEPT-LUS-70|National Planning and Budgeting|Municipal planning, service delivery, and council oversight|info@lusangazicouncil.gov.zm
DEPT-LUS-71|“ integrated ” in relation to national planning and budgetin|Municipal planning, service delivery, and council oversight|info@lusangazicouncil.gov.zm
DEPT-LUS-72|National Planning and Budgeting|Municipal planning, service delivery, and council oversight|info@lusangazicouncil.gov.zm
DEPT-LUS-73|communities;|Municipal planning, service delivery, and council oversight|info@lusangazicouncil.gov.zm
DEPT-LUS-74|“ planning ” means the setting up of goals, policies and|Municipal planning, service delivery, and council oversight|info@lusangazicouncil.gov.zm
DEPT-LUS-75|towns, cities and communities formulated in accordance|Municipal planning, service delivery, and council oversight|info@lusangazicouncil.gov.zm
DEPT-LUS-76|National Planning and Budgeting|Municipal planning, service delivery, and council oversight|info@lusangazicouncil.gov.zm
DEPT-LUS-77|to the national planning and budgeting process:|Municipal planning, service delivery, and council oversight|info@lusangazicouncil.gov.zm
DEPT-LUS-78|(b) planning processes including fiscal responsibilities and|Municipal planning, service delivery, and council oversight|info@lusangazicouncil.gov.zm
DEPT-LUS-79|(e) credibility of national development planning, budget|Municipal planning, service delivery, and council oversight|info@lusangazicouncil.gov.zm
DEPT-LUS-80|(f)time frames and milestones for planning and budgeting|Municipal planning, service delivery, and council oversight|info@lusangazicouncil.gov.zm
DEPT-LUS-81|(g) all levels of society are involved in the planning and|Municipal planning, service delivery, and council oversight|info@lusangazicouncil.gov.zm
DEPT-LUS-82|(h) input into the national planning and budgeting process a|Municipal planning, service delivery, and council oversight|info@lusangazicouncil.gov.zm
DEPT-LUS-83|(i) the national planning and budgeting system is applied to|Municipal planning, service delivery, and council oversight|info@lusangazicouncil.gov.zm
DEPT-LUS-84|ensure that the planning and budgeting process|Municipal planning, service delivery, and council oversight|info@lusangazicouncil.gov.zm
DEPT-LUS-85|planning and|Municipal planning, service delivery, and council oversight|info@lusangazicouncil.gov.zm
DEPT-LUS-86|National Planning and Budgeting|Municipal planning, service delivery, and council oversight|info@lusangazicouncil.gov.zm
DEPT-LUS-87|(k) the national planning and budgeting system will ensure|Municipal planning, service delivery, and council oversight|info@lusangazicouncil.gov.zm
DEPT-LUS-88|INSTITUTIONAL FRAMEWORK FOR DEVELOPMENT PLANNING|Municipal planning, service delivery, and council oversight|info@lusangazicouncil.gov.zm
DEPT-LUS-89|National Planning and Budgeting|Municipal planning, service delivery, and council oversight|info@lusangazicouncil.gov.zm
DEPT-LUS-90|(b) national, provincial and local planning and budgeting|Municipal planning, service delivery, and council oversight|info@lusangazicouncil.gov.zm
DEPT-LUS-91|(d) planning and budgeting processes that are participatory,|Municipal planning, service delivery, and council oversight|info@lusangazicouncil.gov.zm
DEPT-LUS-92|planning shall provide secretarial services to the National|Municipal planning, service delivery, and council oversight|info@lusangazicouncil.gov.zm
DEPT-LUS-93|National Planning and Budgeting|Municipal planning, service delivery, and council oversight|info@lusangazicouncil.gov.zm
DEPT-LUS-94|National Planning and Budgeting|Municipal planning, service delivery, and council oversight|info@lusangazicouncil.gov.zm
DEPT-LUS-95|The Ministry responsible for development planning at|Municipal planning, service delivery, and council oversight|info@lusangazicouncil.gov.zm
DEPT-LUS-96|Coordinating of the planning and implementation of developme|Municipal planning, service delivery, and council oversight|info@lusangazicouncil.gov.zm
DEPT-LUS-97|National Planning and Budgeting|Municipal planning, service delivery, and council oversight|info@lusangazicouncil.gov.zm
DEPT-LUS-98|(d) the head of each technical department within the local|Municipal planning, service delivery, and council oversight|info@lusangazicouncil.gov.zm
DEPT-LUS-99|National Planning and Budgeting|Municipal planning, service delivery, and council oversight|info@lusangazicouncil.gov.zm
DEPT-LUS-100|12. (1) The Directorate of Planning in a local authority in|Municipal planning, service delivery, and council oversight|info@lusangazicouncil.gov.zm
DEPT-LUS-101|the participation of non state actors in the national planni|Municipal planning, service delivery, and council oversight|info@lusangazicouncil.gov.zm
DEPT-LUS-102|into the planning and budgeting processes.|Municipal planning, service delivery, and council oversight|info@lusangazicouncil.gov.zm
DEPT-LUS-103|NATIONAL PLANNING PROCESS|Municipal planning, service delivery, and council oversight|info@lusangazicouncil.gov.zm
DEPT-LUS-104|National Planning and Budgeting|Municipal planning, service delivery, and council oversight|info@lusangazicouncil.gov.zm
DEPT-LUS-105|National Planning and Budgeting|Municipal planning, service delivery, and council oversight|info@lusangazicouncil.gov.zm
DEPT-LUS-106|the national development planning;|Municipal planning, service delivery, and council oversight|info@lusangazicouncil.gov.zm
DEPT-LUS-107|22. (1) The Minister responsible for development planning sh|Municipal planning, service delivery, and council oversight|info@lusangazicouncil.gov.zm
DEPT-LUS-108|National Planning and Budgeting|Municipal planning, service delivery, and council oversight|info@lusangazicouncil.gov.zm
DEPT-LUS-109|24. (1) The ministries responsible for development planninga|Municipal planning, service delivery, and council oversight|info@lusangazicouncil.gov.zm
DEPT-LUS-110|25. (1) The ministries responsible for development planninga|Municipal planning, service delivery, and council oversight|info@lusangazicouncil.gov.zm
DEPT-LUS-111|and submit to the ministry responsible for development plann|Municipal planning, service delivery, and council oversight|info@lusangazicouncil.gov.zm
DEPT-LUS-112|National Planning and Budgeting|Municipal planning, service delivery, and council oversight|info@lusangazicouncil.gov.zm
DEPT-LUS-113|consultation with the Minister, approve the National Plannin|Municipal planning, service delivery, and council oversight|info@lusangazicouncil.gov.zm
DEPT-LUS-114|Regional Planning Act, for the purposes of intergrated plann|Municipal planning, service delivery, and council oversight|info@lusangazicouncil.gov.zm
DEPT-LUS-115|National Planning and Budgeting|Municipal planning, service delivery, and council oversight|info@lusangazicouncil.gov.zm
DEPT-LUS-116|responsible for planning a detailed budget policy paper whic|Municipal planning, service delivery, and council oversight|info@lusangazicouncil.gov.zm
DEPT-LUS-117|National Planning and Budgeting|Municipal planning, service delivery, and council oversight|info@lusangazicouncil.gov.zm
DEPT-LUS-118|(ii) administration of fees and fines;|Municipal planning, service delivery, and council oversight|info@lusangazicouncil.gov.zm
DEPT-LUS-119|consultation with the Permanent Secretary responsible for pl|Municipal planning, service delivery, and council oversight|info@lusangazicouncil.gov.zm
DEPT-LUS-120|National Planning and Budgeting|Municipal planning, service delivery, and council oversight|info@lusangazicouncil.gov.zm
DEPT-LUS-121|National Planning and Budgeting|Municipal planning, service delivery, and council oversight|info@lusangazicouncil.gov.zm
DEPT-LUS-122|National Planning and Budgeting|Municipal planning, service delivery, and council oversight|info@lusangazicouncil.gov.zm
DEPT-LUS-123|National Planning and Budgeting|Municipal planning, service delivery, and council oversight|info@lusangazicouncil.gov.zm
DEPT-LUS-124|National Planning and Budgeting|Municipal planning, service delivery, and council oversight|info@lusangazicouncil.gov.zm
DEPT-LUS-125|The minister responsible for development planning shall|Municipal planning, service delivery, and council oversight|info@lusangazicouncil.gov.zm
DEPT-LUS-126|National Planning and Budgeting|Municipal planning, service delivery, and council oversight|info@lusangazicouncil.gov.zm
DEPT-LUS-127|(a) planning and budgeting policy frameworks;|Municipal planning, service delivery, and council oversight|info@lusangazicouncil.gov.zm
DEPT-LUS-128|(b) development planning processes and procedures for the|Municipal planning, service delivery, and council oversight|info@lusangazicouncil.gov.zm
DEPT-LUS-129|planning and budgetary processes;|Municipal planning, service delivery, and council oversight|info@lusangazicouncil.gov.zm
DEPT-LUS-130|or other planning or fiscal measure or framework that was in|Municipal planning, service delivery, and council oversight|info@lusangazicouncil.gov.zm
DEPT-LUS-131|National Planning and Budgeting|Municipal planning, service delivery, and council oversight|info@lusangazicouncil.gov.zm
DEPT-LUS-132|National Planning and Budgeting|Municipal planning, service delivery, and council oversight|info@lusangazicouncil.gov.zm
DEPT-LUS-133|National Planning and Budgeting|Municipal planning, service delivery, and council oversight|info@lusangazicouncil.gov.zm
DEPT-LUS-134|National Planning and Budgeting|Municipal planning, service delivery, and council oversight|info@lusangazicouncil.gov.zm
DEPT-LUS-135|Meeting Title: Business Community Stakeholder’s Engagement M|Municipal planning, service delivery, and council oversight|info@lusangazicouncil.gov.zm
DEPT-LUS-136|Community Development|Municipal planning, service delivery, and council oversight|info@lusangazicouncil.gov.zm
DEPT-LUS-137|4) Presentation on Budgeting and Planning Framework|Municipal planning, service delivery, and council oversight|info@lusangazicouncil.gov.zm
DEPT-LUS-138|The Accounts officer from the department of Finance reported|Municipal planning, service delivery, and council oversight|info@lusangazicouncil.gov.zm
DEPT-LUS-139|communities|Municipal planning, service delivery, and council oversight|info@lusangazicouncil.gov.zm
DEPT-LUS-140|with regards most of the levies. The Finance team shared wit|Municipal planning, service delivery, and council oversight|info@lusangazicouncil.gov.zm
DEPT-LUS-141|further shared that a community hall was procured at the cos|Municipal planning, service delivery, and council oversight|info@lusangazicouncil.gov.zm
DEPT-LUS-142|community when it was done. The resources being available we|Municipal planning, service delivery, and council oversight|info@lusangazicouncil.gov.zm
DEPT-LUS-143|alleviate poverty in the district. The projects on the red l|Municipal planning, service delivery, and council oversight|info@lusangazicouncil.gov.zm
DEPT-LUS-144|Permanent Secretary – Administration|Municipal planning, service delivery, and council oversight|info@lusangazicouncil.gov.zm
DEPT-LUS-145|Ministry of Finance and National Planning|Municipal planning, service delivery, and council oversight|info@lusangazicouncil.gov.zm
DEPT-LUS-146|social economic development to the intended local communitie|Municipal planning, service delivery, and council oversight|info@lusangazicouncil.gov.zm
DEPT-LUS-147|focus on addressing the plight of the local communities. The|Municipal planning, service delivery, and council oversight|info@lusangazicouncil.gov.zm
DEPT-LUS-148|communities in the digital and information age.|Municipal planning, service delivery, and council oversight|info@lusangazicouncil.gov.zm
DEPT-LUS-149|facilitating easy transactions of local communities where ba|Municipal planning, service delivery, and council oversight|info@lusangazicouncil.gov.zm
DEPT-LUS-150|and National Planning (MoFNP) with support from Cooperating|Municipal planning, service delivery, and council oversight|info@lusangazicouncil.gov.zm
DEPT-LUS-151|with the Local Communities, Development Partners, and the bu|Municipal planning, service delivery, and council oversight|info@lusangazicouncil.gov.zm
DEPT-LUS-152|communities on constituency projects and development program|Municipal planning, service delivery, and council oversight|info@lusangazicouncil.gov.zm
DEPT-LUS-153|opportunities.|Municipal planning, service delivery, and council oversight|info@lusangazicouncil.gov.zm
DEPT-LUS-154|will enhance uptake of e-Services by the local communities.|Municipal planning, service delivery, and council oversight|info@lusangazicouncil.gov.zm
DEPT-LUS-155|the directorate of planning and information. To this effect,|Municipal planning, service delivery, and council oversight|info@lusangazicouncil.gov.zm
DEPT-LUS-156|function in councils still operates under the department of|Municipal planning, service delivery, and council oversight|info@lusangazicouncil.gov.zm
DEPT-LUS-157|of the local communities we serve. The strategic direction r|Municipal planning, service delivery, and council oversight|info@lusangazicouncil.gov.zm
DEPT-LUS-158|communities; and|Municipal planning, service delivery, and council oversight|info@lusangazicouncil.gov.zm
DEPT-LUS-159|and under-served communities; and|Municipal planning, service delivery, and council oversight|info@lusangazicouncil.gov.zm
DEPT-LUS-160|institutional, and departmental);|Municipal planning, service delivery, and council oversight|info@lusangazicouncil.gov.zm
DEPT-LUS-161|in charge of the ICT function in the Sector. The ICT Depart|Municipal planning, service delivery, and council oversight|info@lusangazicouncil.gov.zm
DEPT-LUS-162|Strategy.. The committee will comprise departmental Heads f|Municipal planning, service delivery, and council oversight|info@lusangazicouncil.gov.zm
DEPT-LUS-163|of administration and will be chaired by Director ICT. The I|Municipal planning, service delivery, and council oversight|info@lusangazicouncil.gov.zm
DEPT-LUS-164|a) Administration of Chief’s Affairs;|Municipal planning, service delivery, and council oversight|info@lusangazicouncil.gov.zm
DEPT-LUS-165|t) Urban and Regional Planning;|Municipal planning, service delivery, and council oversight|info@lusangazicouncil.gov.zm
DEPT-LUS-166|Urban and Regional Planning (URP) Act No. 3 of 2015|Municipal planning, service delivery, and council oversight|info@lusangazicouncil.gov.zm
DEPT-LUS-167|Among the provisions of the Act is the decentralisation of p|Municipal planning, service delivery, and council oversight|info@lusangazicouncil.gov.zm
DEPT-LUS-168|functions to Town Councils and facilitating planning through|Municipal planning, service delivery, and council oversight|info@lusangazicouncil.gov.zm
DEPT-LUS-169|planning agreements.|Municipal planning, service delivery, and council oversight|info@lusangazicouncil.gov.zm
DEPT-LUS-170|line Ministries/Departments, other Socio-Economic Sectors, t|Municipal planning, service delivery, and council oversight|info@lusangazicouncil.gov.zm
DEPT-LUS-171|ICT department.|Municipal planning, service delivery, and council oversight|info@lusangazicouncil.gov.zm
DEPT-LUS-172|source Planning (ERP)|Municipal planning, service delivery, and council oversight|info@lusangazicouncil.gov.zm
DEPT-LUS-173|der-served communities|Municipal planning, service delivery, and council oversight|info@lusangazicouncil.gov.zm
DEPT-LUS-174|served communities.|Municipal planning, service delivery, and council oversight|info@lusangazicouncil.gov.zm
DEPT-LUS-175|2.1.1 Community Projects|Municipal planning, service delivery, and council oversight|info@lusangazicouncil.gov.zm
DEPT-LUS-176|2.1.2 Youth, Women and Community Empowerment|Municipal planning, service delivery, and council oversight|info@lusangazicouncil.gov.zm
DEPT-LUS-177|3.3.4 Ministry of Finance and National Planning|Municipal planning, service delivery, and council oversight|info@lusangazicouncil.gov.zm
DEPT-LUS-178|3.3.6 District Sector Departments|Municipal planning, service delivery, and council oversight|info@lusangazicouncil.gov.zm
DEPT-LUS-179|3.3.8 Private Sector/Business Community|Municipal planning, service delivery, and council oversight|info@lusangazicouncil.gov.zm
DEPT-LUS-180|3.3.11 Local Community|Municipal planning, service delivery, and council oversight|info@lusangazicouncil.gov.zm
DEPT-LUS-181|5.1 COMMUNITY PROJECTS|Municipal planning, service delivery, and council oversight|info@lusangazicouncil.gov.zm
DEPT-LUS-182|5.2 YOUTH, WOMEN AND COMMUNITY EMPOWERMENT|Municipal planning, service delivery, and council oversight|info@lusangazicouncil.gov.zm
DEPT-LUS-183|7.4.1 Procurement Planning|Municipal planning, service delivery, and council oversight|info@lusangazicouncil.gov.zm
DEPT-LUS-184|APPENDIX B. APPLICATION FORM FOR COMMUNITY PROJECTS|Municipal planning, service delivery, and council oversight|info@lusangazicouncil.gov.zm
DEPT-LUS-185|APPENDIX C. APPRAISAL CHECKLIST FOR COMMUNITY PROJECTS - FOR|Municipal planning, service delivery, and council oversight|info@lusangazicouncil.gov.zm
DEPT-LUS-186|APPENDIX D. APPLICATION/PROPOSAL FORM FOR YOUTH, WOMEN AND C|Municipal planning, service delivery, and council oversight|info@lusangazicouncil.gov.zm
DEPT-LUS-187|APPENDIX E. APPRAISAL CHECKLIST FOR YOUTH, WOMEN AND COMMUNI|Municipal planning, service delivery, and council oversight|info@lusangazicouncil.gov.zm
DEPT-LUS-188|Community Based Organisation|Municipal planning, service delivery, and council oversight|info@lusangazicouncil.gov.zm
DEPT-LUS-189|Community Welfare Assistance Committee|Municipal planning, service delivery, and council oversight|info@lusangazicouncil.gov.zm
DEPT-LUS-190|Director of Planning|Municipal planning, service delivery, and council oversight|info@lusangazicouncil.gov.zm
DEPT-LUS-191|District Planning Officer|Municipal planning, service delivery, and council oversight|info@lusangazicouncil.gov.zm
DEPT-LUS-192|District Planning Unit|Municipal planning, service delivery, and council oversight|info@lusangazicouncil.gov.zm
DEPT-LUS-193|“Community”|Municipal planning, service delivery, and council oversight|info@lusangazicouncil.gov.zm
DEPT-LUS-194|“Community Projects”|Municipal planning, service delivery, and council oversight|info@lusangazicouncil.gov.zm
DEPT-LUS-195|Means projects identified and undertaken at the community le|Municipal planning, service delivery, and council oversight|info@lusangazicouncil.gov.zm
DEPT-LUS-196|which causes a serious disruption in the functioning of a co|Municipal planning, service delivery, and council oversight|info@lusangazicouncil.gov.zm
DEPT-LUS-197|the community to cope using its own resources|Municipal planning, service delivery, and council oversight|info@lusangazicouncil.gov.zm
DEPT-LUS-198|Means a group formally recognised by the Local Authority or|Municipal planning, service delivery, and council oversight|info@lusangazicouncil.gov.zm
DEPT-LUS-199|community for the benefit of the community;|Municipal planning, service delivery, and council oversight|info@lusangazicouncil.gov.zm
DEPT-LUS-200|Means a platform where Zonal representatives meet the commun|Municipal planning, service delivery, and council oversight|info@lusangazicouncil.gov.zm
DEPT-LUS-201|needs, opportunities and activities in a zone;|Municipal planning, service delivery, and council oversight|info@lusangazicouncil.gov.zm
DEPT-LUS-202|The CDF was first established in 1995 to support micro-commu|Municipal planning, service delivery, and council oversight|info@lusangazicouncil.gov.zm
DEPT-LUS-203|to bridge the financing gap arising from non-existence sourc|Municipal planning, service delivery, and council oversight|info@lusangazicouncil.gov.zm
DEPT-LUS-204|emphasis on enhanced community participation in determining|Municipal planning, service delivery, and council oversight|info@lusangazicouncil.gov.zm
DEPT-LUS-205|The expanded scope of the CDF covers three (3) specific area|Municipal planning, service delivery, and council oversight|info@lusangazicouncil.gov.zm
DEPT-LUS-206|Women and Community Empowerment and Secondary Boarding Schoo|Municipal planning, service delivery, and council oversight|info@lusangazicouncil.gov.zm
DEPT-LUS-207|d) The Urban and Regional Planning Act No. 3 of 2015;|Municipal planning, service delivery, and council oversight|info@lusangazicouncil.gov.zm
DEPT-LUS-208|e) The National Planning and Budgeting Act No. 1 of 2020; a|Municipal planning, service delivery, and council oversight|info@lusangazicouncil.gov.zm
DEPT-LUS-209|The Constituency Development Fund (CDF) has three (3) compon|Municipal planning, service delivery, and council oversight|info@lusangazicouncil.gov.zm
DEPT-LUS-210|Youth, Women and Community Empowerment, and Secondary Boardi|Municipal planning, service delivery, and council oversight|info@lusangazicouncil.gov.zm
DEPT-LUS-211|2.1.1 Community Projects|Municipal planning, service delivery, and council oversight|info@lusangazicouncil.gov.zm
DEPT-LUS-212|Community Projects are projects, which are identified by the|Municipal planning, service delivery, and council oversight|info@lusangazicouncil.gov.zm
DEPT-LUS-213|of the wider community. Specifically;|Municipal planning, service delivery, and council oversight|info@lusangazicouncil.gov.zm
DEPT-LUS-214|a) Community Projects are projects where the benefits are a|Municipal planning, service delivery, and council oversight|info@lusangazicouncil.gov.zm
DEPT-LUS-215|Communities shall have an active participatory role in highl|Municipal planning, service delivery, and council oversight|info@lusangazicouncil.gov.zm
DEPT-LUS-216|b) Community Projects shall address challenges of inadequat|Municipal planning, service delivery, and council oversight|info@lusangazicouncil.gov.zm
DEPT-LUS-217|2.1.2 Youth, Women and Community Empowerment|Municipal planning, service delivery, and council oversight|info@lusangazicouncil.gov.zm
DEPT-LUS-218|vulnerable persons in the community. Empowerment beneficiari|Municipal planning, service delivery, and council oversight|info@lusangazicouncil.gov.zm
DEPT-LUS-219|employment and empowerment opportunities. Empowerment of the|Municipal planning, service delivery, and council oversight|info@lusangazicouncil.gov.zm
DEPT-LUS-220|Community Projects|Municipal planning, service delivery, and council oversight|info@lusangazicouncil.gov.zm
DEPT-LUS-221|The CDFC shall procure a brand new 4x4 motor vehicle from th|Municipal planning, service delivery, and council oversight|info@lusangazicouncil.gov.zm
DEPT-LUS-222|maintained from funds under the Community Projects Component|Municipal planning, service delivery, and council oversight|info@lusangazicouncil.gov.zm
DEPT-LUS-223|a) Two community representatives nominated by the Member of|Municipal planning, service delivery, and council oversight|info@lusangazicouncil.gov.zm
DEPT-LUS-224|d) A representative of the Director responsible for Plannin|Municipal planning, service delivery, and council oversight|info@lusangazicouncil.gov.zm
DEPT-LUS-225|The Directorates of Planning, and Finance in the Local Autho|Municipal planning, service delivery, and council oversight|info@lusangazicouncil.gov.zm
DEPT-LUS-226|The Committee shall be chaired by Director/Head of Planning|Municipal planning, service delivery, and council oversight|info@lusangazicouncil.gov.zm
DEPT-LUS-227|a) Planning Department of the Local Authority;|Municipal planning, service delivery, and council oversight|info@lusangazicouncil.gov.zm
DEPT-LUS-228|b) Finance Department of the Local Authority;|Municipal planning, service delivery, and council oversight|info@lusangazicouncil.gov.zm
DEPT-LUS-229|c) Engineering or Works Department of the Local Authority;|Municipal planning, service delivery, and council oversight|info@lusangazicouncil.gov.zm
DEPT-LUS-230|d) Procurement Department of the Local Authority;|Municipal planning, service delivery, and council oversight|info@lusangazicouncil.gov.zm
DEPT-LUS-231|l) District Community Development Office;|Municipal planning, service delivery, and council oversight|info@lusangazicouncil.gov.zm
DEPT-LUS-232|Under Community Projects, the Technical Appraisal Committee|Municipal planning, service delivery, and council oversight|info@lusangazicouncil.gov.zm
DEPT-LUS-233|3.3.4 Ministry of Finance and National Planning|Municipal planning, service delivery, and council oversight|info@lusangazicouncil.gov.zm
DEPT-LUS-234|The Ministry of Finance and National Planning shall:|Municipal planning, service delivery, and council oversight|info@lusangazicouncil.gov.zm
DEPT-LUS-235|3.3.6 District Sector Departments|Municipal planning, service delivery, and council oversight|info@lusangazicouncil.gov.zm
DEPT-LUS-236|The Sector Departments at district level shall be responsibl|Municipal planning, service delivery, and council oversight|info@lusangazicouncil.gov.zm
DEPT-LUS-237|a) Planning and budgeting;|Municipal planning, service delivery, and council oversight|info@lusangazicouncil.gov.zm
DEPT-LUS-238|3.3.8 Private Sector/Business Community|Municipal planning, service delivery, and council oversight|info@lusangazicouncil.gov.zm
DEPT-LUS-239|b) Mobilising the community; and|Municipal planning, service delivery, and council oversight|info@lusangazicouncil.gov.zm
DEPT-LUS-240|3.3.11 Local Community|Municipal planning, service delivery, and council oversight|info@lusangazicouncil.gov.zm
DEPT-LUS-241|The local community shall be responsible for:|Municipal planning, service delivery, and council oversight|info@lusangazicouncil.gov.zm
DEPT-LUS-242|a) Participating in community meetings;|Municipal planning, service delivery, and council oversight|info@lusangazicouncil.gov.zm
DEPT-LUS-243|b) Identifying community needs;|Municipal planning, service delivery, and council oversight|info@lusangazicouncil.gov.zm
DEPT-LUS-244|The Revolving Fund Account for Youth, Women and Community Em|Municipal planning, service delivery, and council oversight|info@lusangazicouncil.gov.zm
DEPT-LUS-245|Women and Community Empowerment Funds in the name of a Const|Municipal planning, service delivery, and council oversight|info@lusangazicouncil.gov.zm
DEPT-LUS-246|c) The Revolving Fund Bank Account for Youth, Women and Com|Municipal planning, service delivery, and council oversight|info@lusangazicouncil.gov.zm
DEPT-LUS-247|iii. Director Planning|Municipal planning, service delivery, and council oversight|info@lusangazicouncil.gov.zm
DEPT-LUS-248|5.1 COMMUNITY PROJECTS|Municipal planning, service delivery, and council oversight|info@lusangazicouncil.gov.zm
DEPT-LUS-249|The CDFC, in conjunction with the Local Authorities shall in|Municipal planning, service delivery, and council oversight|info@lusangazicouncil.gov.zm
DEPT-LUS-250|In an event of a disaster or emergency arising from natural|Municipal planning, service delivery, and council oversight|info@lusangazicouncil.gov.zm
DEPT-LUS-251|In the absence of such Plans, community priority needs shall|Municipal planning, service delivery, and council oversight|info@lusangazicouncil.gov.zm
DEPT-LUS-252|The project must be identified and prioritised by the local|Municipal planning, service delivery, and council oversight|info@lusangazicouncil.gov.zm
DEPT-LUS-253|iii. The project should use approved designs by the plannin|Municipal planning, service delivery, and council oversight|info@lusangazicouncil.gov.zm
DEPT-LUS-254|v. The projects must be of benefit the wider community.|Municipal planning, service delivery, and council oversight|info@lusangazicouncil.gov.zm
DEPT-LUS-255|5.2 YOUTH, WOMEN AND COMMUNITY EMPOWERMENT|Municipal planning, service delivery, and council oversight|info@lusangazicouncil.gov.zm
DEPT-LUS-256|The CDFC, in conjunction with the Local Authority, shall inv|Municipal planning, service delivery, and council oversight|info@lusangazicouncil.gov.zm
DEPT-LUS-257|The Youth, Women and Community shall be eligible to access a|Municipal planning, service delivery, and council oversight|info@lusangazicouncil.gov.zm
DEPT-LUS-258|iii. Proposals for empowerment shall provide employment opp|Municipal planning, service delivery, and council oversight|info@lusangazicouncil.gov.zm
DEPT-LUS-259|d) Proposals for empowerment shall provide employment oppor|Municipal planning, service delivery, and council oversight|info@lusangazicouncil.gov.zm
DEPT-LUS-260|e) Recommendation from the Community Welfare Assistants Com|Municipal planning, service delivery, and council oversight|info@lusangazicouncil.gov.zm
DEPT-LUS-261|Disaster Management and Mitigation Unit (DMMU);|Municipal planning, service delivery, and council oversight|info@lusangazicouncil.gov.zm
DEPT-LUS-262|c) Payment to communities in view of work done by the commu|Municipal planning, service delivery, and council oversight|info@lusangazicouncil.gov.zm
DEPT-LUS-263|community can easily understand.|Municipal planning, service delivery, and council oversight|info@lusangazicouncil.gov.zm
DEPT-LUS-264|Community Projects,|Municipal planning, service delivery, and council oversight|info@lusangazicouncil.gov.zm
DEPT-LUS-265|f) Fair opportunity to all bidders;|Municipal planning, service delivery, and council oversight|info@lusangazicouncil.gov.zm
DEPT-LUS-266|The Procurement Unit in the Local Authority shall be respons|Municipal planning, service delivery, and council oversight|info@lusangazicouncil.gov.zm
DEPT-LUS-267|The Local Authority Procurement Unit shall procure goods, wo|Municipal planning, service delivery, and council oversight|info@lusangazicouncil.gov.zm
DEPT-LUS-268|7.4.1 Procurement Planning|Municipal planning, service delivery, and council oversight|info@lusangazicouncil.gov.zm
DEPT-LUS-269|Staff at the Local Authority in consultation with representa|Municipal planning, service delivery, and council oversight|info@lusangazicouncil.gov.zm
DEPT-LUS-270|c) Decisions required to be made by, or on behalf of the Lo|Municipal planning, service delivery, and council oversight|info@lusangazicouncil.gov.zm
DEPT-LUS-271|b) Provide quarterly reports to the Ministry responsible fo|Municipal planning, service delivery, and council oversight|info@lusangazicouncil.gov.zm
DEPT-LUS-272|a) Department of Housing and Infrastructure Development;|Municipal planning, service delivery, and council oversight|info@lusangazicouncil.gov.zm
DEPT-LUS-273|c) Provincial Community Development Office;|Municipal planning, service delivery, and council oversight|info@lusangazicouncil.gov.zm
DEPT-LUS-274|f) Provincial Planning Unit;|Municipal planning, service delivery, and council oversight|info@lusangazicouncil.gov.zm
DEPT-LUS-275|g) Department of Physical Planning; and|Municipal planning, service delivery, and council oversight|info@lusangazicouncil.gov.zm
DEPT-LUS-276|h) Provincial Water and Sanitation Department.|Municipal planning, service delivery, and council oversight|info@lusangazicouncil.gov.zm
DEPT-LUS-277|d) Selected District Heads of Departments; and|Municipal planning, service delivery, and council oversight|info@lusangazicouncil.gov.zm
DEPT-LUS-278|e) Selected Local Authority Heads of Departments.|Municipal planning, service delivery, and council oversight|info@lusangazicouncil.gov.zm
DEPT-LUS-279|b) 4 Community members;|Municipal planning, service delivery, and council oversight|info@lusangazicouncil.gov.zm
DEPT-LUS-280|d) A representative of the Private Sector/Business Communit|Municipal planning, service delivery, and council oversight|info@lusangazicouncil.gov.zm
DEPT-LUS-281|The Monthly Monitoring Reports shall provide information on|Municipal planning, service delivery, and council oversight|info@lusangazicouncil.gov.zm
DEPT-LUS-282|the CDF based on agreed positions of the Community through t|Municipal planning, service delivery, and council oversight|info@lusangazicouncil.gov.zm
DEPT-LUS-283|Information shall flow from the Community to the WDC, then t|Municipal planning, service delivery, and council oversight|info@lusangazicouncil.gov.zm
DEPT-LUS-284|copied to the CDFC and Provincial Administration.|Municipal planning, service delivery, and council oversight|info@lusangazicouncil.gov.zm
DEPT-LUS-285|ADMINISTRATION|Municipal planning, service delivery, and council oversight|info@lusangazicouncil.gov.zm
DEPT-LUS-286|(1) COMMUNITY PROJECTS|Municipal planning, service delivery, and council oversight|info@lusangazicouncil.gov.zm
DEPT-LUS-287|Construction, rehabilitation and maintenance of feeder and c|Municipal planning, service delivery, and council oversight|info@lusangazicouncil.gov.zm
DEPT-LUS-288|Community foot bridge construction and maintenance|Municipal planning, service delivery, and council oversight|info@lusangazicouncil.gov.zm
DEPT-LUS-289|Community Storage Sheds|Municipal planning, service delivery, and council oversight|info@lusangazicouncil.gov.zm
DEPT-LUS-290|Rehabilitation and construction of community police posts|Municipal planning, service delivery, and council oversight|info@lusangazicouncil.gov.zm
DEPT-LUS-291|Construction and rehabilitation of community library|Municipal planning, service delivery, and council oversight|info@lusangazicouncil.gov.zm
DEPT-LUS-292|Rehabilitation of community or welfare halls|Municipal planning, service delivery, and council oversight|info@lusangazicouncil.gov.zm
DEPT-LUS-293|(2) YOUTH, WOMEN AND COMMUNITY EMPOWERMENT|Municipal planning, service delivery, and council oversight|info@lusangazicouncil.gov.zm
DEPT-LUS-294|benefit on the Community and job creation.|Municipal planning, service delivery, and council oversight|info@lusangazicouncil.gov.zm
DEPT-LUS-295|on the Community and job creation.|Municipal planning, service delivery, and council oversight|info@lusangazicouncil.gov.zm
DEPT-LUS-296|Seed money to Cooperatives, Clubs and Organised Groups to be|Municipal planning, service delivery, and council oversight|info@lusangazicouncil.gov.zm
DEPT-LUS-297|APPENDIX B. APPLICATION FORM FOR COMMUNITY PROJECTS|Municipal planning, service delivery, and council oversight|info@lusangazicouncil.gov.zm
DEPT-LUS-298|APPLICATION FORM FOR COMMUNITY PROJECTS|Municipal planning, service delivery, and council oversight|info@lusangazicouncil.gov.zm
DEPT-LUS-299|Community libraries, sports centres, feeder roads, dip tanks|Municipal planning, service delivery, and council oversight|info@lusangazicouncil.gov.zm
DEPT-LUS-300|rehabilitation and construction of community halls, construc|Municipal planning, service delivery, and council oversight|info@lusangazicouncil.gov.zm
DEPT-LUS-301|health posts, and others with community benefit and job crea|Municipal planning, service delivery, and council oversight|info@lusangazicouncil.gov.zm
DEPT-LUS-302|1. Name of Community making the proposal|Municipal planning, service delivery, and council oversight|info@lusangazicouncil.gov.zm
DEPT-LUS-303|6. Has the community been involved in any community based pr|Municipal planning, service delivery, and council oversight|info@lusangazicouncil.gov.zm
DEPT-LUS-304|7. Has the Community received any funding from any organiza|Municipal planning, service delivery, and council oversight|info@lusangazicouncil.gov.zm
DEPT-LUS-305|10. How did the community identify the project? (Attach minu|Municipal planning, service delivery, and council oversight|info@lusangazicouncil.gov.zm
DEPT-LUS-306|14. How will the Community contribution towards the cost of|Municipal planning, service delivery, and council oversight|info@lusangazicouncil.gov.zm
DEPT-LUS-307|16. How will the community ensure project sustainability?|Municipal planning, service delivery, and council oversight|info@lusangazicouncil.gov.zm
DEPT-LUS-308|APPENDIX C. APPRAISAL CHECKLIST FOR COMMUNITY PROJECTS - FOR|Municipal planning, service delivery, and council oversight|info@lusangazicouncil.gov.zm
DEPT-LUS-309|2. Is the project benefitting a wide scope of community memb|Municipal planning, service delivery, and council oversight|info@lusangazicouncil.gov.zm
DEPT-LUS-310|3. Signed Minutes of Community meetings|Municipal planning, service delivery, and council oversight|info@lusangazicouncil.gov.zm
DEPT-LUS-311|construction (title deeds, community land)|Municipal planning, service delivery, and council oversight|info@lusangazicouncil.gov.zm
DEPT-LUS-312|9. Recommendation letter from the community leaders i.e. WDC|Municipal planning, service delivery, and council oversight|info@lusangazicouncil.gov.zm
DEPT-LUS-313|10 Has the community contribution been agreed upon? If yes,|Municipal planning, service delivery, and council oversight|info@lusangazicouncil.gov.zm
DEPT-LUS-314|DEPARTMENT …………………………………………………………………………………………………………………………………|Municipal planning, service delivery, and council oversight|info@lusangazicouncil.gov.zm
DEPT-LUS-315|APPENDIX D. APPLICATION/PROPOSAL FORM FOR YOUTH, WOMEN AND C|Municipal planning, service delivery, and council oversight|info@lusangazicouncil.gov.zm
DEPT-LUS-316|COMMUNITY EMPOWERMENT|Municipal planning, service delivery, and council oversight|info@lusangazicouncil.gov.zm
DEPT-LUS-317|Seed money to Cooperatives, Clubs and Organised Groups to su|Municipal planning, service delivery, and council oversight|info@lusangazicouncil.gov.zm
DEPT-LUS-318|5. What are the main problems in your community?|Municipal planning, service delivery, and council oversight|info@lusangazicouncil.gov.zm
DEPT-LUS-319|8. How will the project benefit the community?|Municipal planning, service delivery, and council oversight|info@lusangazicouncil.gov.zm
DEPT-LUS-320|DEPARTMENT …………………………………………………………………………………………………………………………………|Municipal planning, service delivery, and council oversight|info@lusangazicouncil.gov.zm
DEPT-LUS-321|APPENDIX E. APPRAISAL CHECKLIST FOR YOUTH, WOMEN AND COMMUNI|Municipal planning, service delivery, and council oversight|info@lusangazicouncil.gov.zm
DEPT-LUS-322|Recommendation from Community Welfare Assistance Committee|Municipal planning, service delivery, and council oversight|info@lusangazicouncil.gov.zm
DEPT-LUS-323|DEPARTMENT …………………………………………………………………………………………………………………………………|Municipal planning, service delivery, and council oversight|info@lusangazicouncil.gov.zm
DEPT-LUS-324|Administration of Equalisation Fund|Municipal planning, service delivery, and council oversight|info@lusangazicouncil.gov.zm
DEPT-LUS-325|public health or urban and regional planning; or|Municipal planning, service delivery, and council oversight|info@lusangazicouncil.gov.zm
DEPT-LUS-326|avaluation of thelandor building tobecarried out bytheDepart|Municipal planning, service delivery, and council oversight|info@lusangazicouncil.gov.zm
DEPT-LUS-327|(b) an extension officer from the department responsible for|Municipal planning, service delivery, and council oversight|info@lusangazicouncil.gov.zm
DEPT-LUS-328|(c) an extension officer from the department responsible for|Municipal planning, service delivery, and council oversight|info@lusangazicouncil.gov.zm
DEPT-LUS-329|(d) an extension officer from the department responsible for|Municipal planning, service delivery, and council oversight|info@lusangazicouncil.gov.zm
DEPT-LUS-330|(e) an extension officer from the department responsible for|Municipal planning, service delivery, and council oversight|info@lusangazicouncil.gov.zm
DEPT-LUS-331|community development;|Municipal planning, service delivery, and council oversight|info@lusangazicouncil.gov.zm
DEPT-LUS-332|(d) promote community engagement in ward development|Municipal planning, service delivery, and council oversight|info@lusangazicouncil.gov.zm
DEPT-LUS-333|of the local community;|Municipal planning, service delivery, and council oversight|info@lusangazicouncil.gov.zm
DEPT-LUS-334|budget in accordance with the National Planning and Budget A|Municipal planning, service delivery, and council oversight|info@lusangazicouncil.gov.zm
DEPT-LUS-335|(a) administration and management of a general or special|Municipal planning, service delivery, and council oversight|info@lusangazicouncil.gov.zm
DEPT-LUS-336|administration and management of the funds.|Municipal planning, service delivery, and council oversight|info@lusangazicouncil.gov.zm
DEPT-LUS-337|(a) administration and management of the Equalisation Fund;|Municipal planning, service delivery, and council oversight|info@lusangazicouncil.gov.zm
DEPT-LUS-338|administration and management of the Equalisation|Municipal planning, service delivery, and council oversight|info@lusangazicouncil.gov.zm
DEPT-LUS-339|Administration|Municipal planning, service delivery, and council oversight|info@lusangazicouncil.gov.zm
DEPT-LUS-340|administration, extend the order for further periods of nine|Municipal planning, service delivery, and council oversight|info@lusangazicouncil.gov.zm
DEPT-LUS-341|(a) a fine of fifty thousand penalty units or imprisonment f|Municipal planning, service delivery, and council oversight|info@lusangazicouncil.gov.zm
DEPT-LUS-342|fine of six thousand penalty units for each day that the|Municipal planning, service delivery, and council oversight|info@lusangazicouncil.gov.zm
DEPT-LUS-343|Minister’s intention and shall afford a local authority an o|Municipal planning, service delivery, and council oversight|info@lusangazicouncil.gov.zm
DEPT-LUS-344|liable to a fine not exceeding fifty thousand penalty units|Municipal planning, service delivery, and council oversight|info@lusangazicouncil.gov.zm
DEPT-LUS-345|A local authority shall, in relation to general administrati|Municipal planning, service delivery, and council oversight|info@lusangazicouncil.gov.zm
DEPT-LUS-346|good administration of the council.|Municipal planning, service delivery, and council oversight|info@lusangazicouncil.gov.zm
DEPT-LUS-347|Administration|Municipal planning, service delivery, and council oversight|info@lusangazicouncil.gov.zm
DEPT-LUS-348|A local authority shall, in relation to community|Municipal planning, service delivery, and council oversight|info@lusangazicouncil.gov.zm
DEPT-LUS-349|of and participation in, community development;|Municipal planning, service delivery, and council oversight|info@lusangazicouncil.gov.zm
DEPT-LUS-350|any purpose connected with the administration of the|Municipal planning, service delivery, and council oversight|info@lusangazicouncil.gov.zm
DEPT-LUS-351|Meeting Title: Community Stakeholder’s Engagement Meeting|Municipal planning, service delivery, and council oversight|info@lusangazicouncil.gov.zm
DEPT-LUS-352|Community member|Municipal planning, service delivery, and council oversight|info@lusangazicouncil.gov.zm
DEPT-LUS-353|District Administration|Municipal planning, service delivery, and council oversight|info@lusangazicouncil.gov.zm
DEPT-LUS-354|Ass. Community Dev.|Municipal planning, service delivery, and council oversight|info@lusangazicouncil.gov.zm
DEPT-LUS-355|District Administration|Municipal planning, service delivery, and council oversight|info@lusangazicouncil.gov.zm
DEPT-LUS-356|4) Presentation on Budgeting and Planning Framework|Municipal planning, service delivery, and council oversight|info@lusangazicouncil.gov.zm
DEPT-LUS-357|were reviewing the 2025 budget performance and also planning|Municipal planning, service delivery, and council oversight|info@lusangazicouncil.gov.zm
DEPT-LUS-358|community and not small groups of people.|Municipal planning, service delivery, and council oversight|info@lusangazicouncil.gov.zm
DEPT-LUS-359|To review the Performance of the 2025 Budget up to date  To|Municipal planning, service delivery, and council oversight|info@lusangazicouncil.gov.zm
DEPT-LUS-360|To create awareness among stakeholders for easier disseminat|Municipal planning, service delivery, and council oversight|info@lusangazicouncil.gov.zm
DEPT-LUS-361|the community and asking members to contribute towards this|Municipal planning, service delivery, and council oversight|info@lusangazicouncil.gov.zm
DEPT-LUS-362|the community|Municipal planning, service delivery, and council oversight|info@lusangazicouncil.gov.zm
DEPT-LUS-363|nearby communities|Municipal planning, service delivery, and council oversight|info@lusangazicouncil.gov.zm
DEPT-LUS-364|Community hall|Municipal planning, service delivery, and council oversight|info@lusangazicouncil.gov.zm
DEPT-LUS-365|within a unitary State for sustainable development”. Citizen|Municipal planning, service delivery, and council oversight|info@lusangazicouncil.gov.zm
DEPT-LUS-366|Constitution of Zambia in 2016 and the enhancement of commun|Municipal planning, service delivery, and council oversight|info@lusangazicouncil.gov.zm
DEPT-LUS-367|of decentralisation in Zambia. It prioritises community enga|Municipal planning, service delivery, and council oversight|info@lusangazicouncil.gov.zm
DEPT-LUS-368|2.4.2 Planning and Local Economic Development|Municipal planning, service delivery, and council oversight|info@lusangazicouncil.gov.zm
DEPT-LUS-369|level units of the same administrative system while authorit|Municipal planning, service delivery, and council oversight|info@lusangazicouncil.gov.zm
DEPT-LUS-370|Government administration, this would entail the transfer|Municipal planning, service delivery, and council oversight|info@lusangazicouncil.gov.zm
DEPT-LUS-371|and transformation of livelihoods and communities at the|Municipal planning, service delivery, and council oversight|info@lusangazicouncil.gov.zm
DEPT-LUS-372|Administration:|Municipal planning, service delivery, and council oversight|info@lusangazicouncil.gov.zm
DEPT-LUS-373|Means a unit into which a district is divided for the purpos|Municipal planning, service delivery, and council oversight|info@lusangazicouncil.gov.zm
DEPT-LUS-374|system of governance within a Unitary State dates back to th|Municipal planning, service delivery, and council oversight|info@lusangazicouncil.gov.zm
DEPT-LUS-375|In 1980, the Local Administration Act, No. 15 was enacted. A|Municipal planning, service delivery, and council oversight|info@lusangazicouncil.gov.zm
DEPT-LUS-376|local Government administration with the ruling party struct|Municipal planning, service delivery, and council oversight|info@lusangazicouncil.gov.zm
DEPT-LUS-377|integrated. Local ofﬁces of Government departments at that l|Municipal planning, service delivery, and council oversight|info@lusangazicouncil.gov.zm
DEPT-LUS-378|Government structures, and repealed and replaced the Local A|Municipal planning, service delivery, and council oversight|info@lusangazicouncil.gov.zm
DEPT-LUS-379|Zambia remains a unitary state, the country must implement a|Municipal planning, service delivery, and council oversight|info@lusangazicouncil.gov.zm
DEPT-LUS-380|and economic development at the local level as well as foste|Municipal planning, service delivery, and council oversight|info@lusangazicouncil.gov.zm
DEPT-LUS-381|oversee programmes and projects in the district. The Provinc|Municipal planning, service delivery, and council oversight|info@lusangazicouncil.gov.zm
DEPT-LUS-382|Authorities, the Planning and Budgeting Act, No. 1 of 2020 a|Municipal planning, service delivery, and council oversight|info@lusangazicouncil.gov.zm
DEPT-LUS-383|fully operationalised in 2022. This structure is key to faci|Municipal planning, service delivery, and council oversight|info@lusangazicouncil.gov.zm
DEPT-LUS-384|development. However, community participation through these|Municipal planning, service delivery, and council oversight|info@lusangazicouncil.gov.zm
DEPT-LUS-385|to promote community participation in projects identiﬁcation|Municipal planning, service delivery, and council oversight|info@lusangazicouncil.gov.zm
DEPT-LUS-386|mobilise and engage stakeholders and the community, particul|Municipal planning, service delivery, and council oversight|info@lusangazicouncil.gov.zm
DEPT-LUS-387|subnational and substructure levels, citizen and community a|Municipal planning, service delivery, and council oversight|info@lusangazicouncil.gov.zm
DEPT-LUS-388|levels, promoting local economic development planning, and s|Municipal planning, service delivery, and council oversight|info@lusangazicouncil.gov.zm
DEPT-LUS-389|only Community Management of HIV/AIDS and TB was devolved in|Municipal planning, service delivery, and council oversight|info@lusangazicouncil.gov.zm
DEPT-LUS-390|2.4.2 Planning and Local Economic Development|Municipal planning, service delivery, and council oversight|info@lusangazicouncil.gov.zm
DEPT-LUS-391|In 2015, the Government enacted the Urban and Regional Plann|Municipal planning, service delivery, and council oversight|info@lusangazicouncil.gov.zm
DEPT-LUS-392|In this regard, Integrated Development Planning was adopted|Municipal planning, service delivery, and council oversight|info@lusangazicouncil.gov.zm
DEPT-LUS-393|the district level. Further in 2000, the National Planning a|Municipal planning, service delivery, and council oversight|info@lusangazicouncil.gov.zm
DEPT-LUS-394|enacted to provide a national planning framework. The frame|Municipal planning, service delivery, and council oversight|info@lusangazicouncil.gov.zm
DEPT-LUS-395|Integrated Development Plans (IDPs) as a critical long-term|Municipal planning, service delivery, and council oversight|info@lusangazicouncil.gov.zm
DEPT-LUS-396|The IDPs are premised on community participation involving t|Municipal planning, service delivery, and council oversight|info@lusangazicouncil.gov.zm
DEPT-LUS-397|the private sector, interest groups and other stakeholders i|Municipal planning, service delivery, and council oversight|info@lusangazicouncil.gov.zm
DEPT-LUS-398|arrangement for community engagement in setting local invest|Municipal planning, service delivery, and council oversight|info@lusangazicouncil.gov.zm
DEPT-LUS-399|implementing community-driven projects by WDCs as provided i|Municipal planning, service delivery, and council oversight|info@lusangazicouncil.gov.zm
DEPT-LUS-400|Despite the Urban and Regional Planning Act of 2015 providin|Municipal planning, service delivery, and council oversight|info@lusangazicouncil.gov.zm
DEPT-LUS-401|capacity in some districts. Further, the use of multiple pla|Municipal planning, service delivery, and council oversight|info@lusangazicouncil.gov.zm
DEPT-LUS-402|responsibilities and ﬁnancing from national to subnational g|Municipal planning, service delivery, and council oversight|info@lusangazicouncil.gov.zm
DEPT-LUS-403|management capacities, as well as in the harmonisation of ac|Municipal planning, service delivery, and council oversight|info@lusangazicouncil.gov.zm
DEPT-LUS-404|“Citizen-driven local governance within a unitary State for|Municipal planning, service delivery, and council oversight|info@lusangazicouncil.gov.zm
DEPT-LUS-405|transformation and community empowerment for improved liveli|Municipal planning, service delivery, and council oversight|info@lusangazicouncil.gov.zm
DEPT-LUS-406|for the beneﬁt of the community.|Municipal planning, service delivery, and council oversight|info@lusangazicouncil.gov.zm
DEPT-LUS-407|Objective 1: To promote inclusive citizen and community par|Municipal planning, service delivery, and council oversight|info@lusangazicouncil.gov.zm
DEPT-LUS-408|Strengthen platforms for community engagement at the local l|Municipal planning, service delivery, and council oversight|info@lusangazicouncil.gov.zm
DEPT-LUS-409|ii. Promote the participation of communities in local affair|Municipal planning, service delivery, and council oversight|info@lusangazicouncil.gov.zm
DEPT-LUS-410|in effective community engagement, development planning, coo|Municipal planning, service delivery, and council oversight|info@lusangazicouncil.gov.zm
DEPT-LUS-411|administration and management of devolved functions at lower|Municipal planning, service delivery, and council oversight|info@lusangazicouncil.gov.zm
DEPT-LUS-412|Objective 4: To promote participatory integrated development|Municipal planning, service delivery, and council oversight|info@lusangazicouncil.gov.zm
DEPT-LUS-413|Departments for devolved service delivery.|Municipal planning, service delivery, and council oversight|info@lusangazicouncil.gov.zm
DEPT-LUS-414|Administration|Municipal planning, service delivery, and council oversight|info@lusangazicouncil.gov.zm
DEPT-LUS-415|Administration|Municipal planning, service delivery, and council oversight|info@lusangazicouncil.gov.zm
DEPT-LUS-416|administration of the District.|Municipal planning, service delivery, and council oversight|info@lusangazicouncil.gov.zm
DEPT-LUS-417|and community participation in decision-making|Municipal planning, service delivery, and council oversight|info@lusangazicouncil.gov.zm
DEPT-LUS-418|Communicate to local leaders and communities on|Municipal planning, service delivery, and council oversight|info@lusangazicouncil.gov.zm
DEPT-LUS-419|Ensure that selected community projects are|Municipal planning, service delivery, and council oversight|info@lusangazicouncil.gov.zm
DEPT-LUS-420|against mal-administration and corruption at all|Municipal planning, service delivery, and council oversight|info@lusangazicouncil.gov.zm
DEPT-LUS-421|Mobilise communities to participate in the|Municipal planning, service delivery, and council oversight|info@lusangazicouncil.gov.zm
DEPT-LUS-422|Promote community mobilisation and participation|Municipal planning, service delivery, and council oversight|info@lusangazicouncil.gov.zm
DEPT-LUS-423|Capacity building for LA staff, WDCs and community|Municipal planning, service delivery, and council oversight|info@lusangazicouncil.gov.zm
DEPT-LUS-424|Promote community participation.|Municipal planning, service delivery, and council oversight|info@lusangazicouncil.gov.zm
DEPT-LUS-425|(s) National Planning and Budgeting Act No. 1 of 2020;|Municipal planning, service delivery, and council oversight|info@lusangazicouncil.gov.zm
DEPT-LUS-426|(u) Urban and Regional Planning Act No. 3 of 2015.|Municipal planning, service delivery, and council oversight|info@lusangazicouncil.gov.zm
DEPT-LUS-427|contributions through community participation and support fr|Municipal planning, service delivery, and council oversight|info@lusangazicouncil.gov.zm
DEPT-LUS-428|10. Public works only in respect of the needs of provincial|Municipal planning, service delivery, and council oversight|info@lusangazicouncil.gov.zm
DEPT-LUS-429|11. Provincial spatial planning and development|Municipal planning, service delivery, and council oversight|info@lusangazicouncil.gov.zm
DEPT-LUS-430|1. Administration of Justice|Municipal planning, service delivery, and council oversight|info@lusangazicouncil.gov.zm
DEPT-LUS-431|3. Administration of forests|Municipal planning, service delivery, and council oversight|info@lusangazicouncil.gov.zm
DEPT-LUS-432|8. District planning|Municipal planning, service delivery, and council oversight|info@lusangazicouncil.gov.zm
DEPT-LUS-433|26. Local spatial planning|Municipal planning, service delivery, and council oversight|info@lusangazicouncil.gov.zm
DEPT-LUS-434|The Community Development Officer took to the floor and shar|Municipal planning, service delivery, and council oversight|info@lusangazicouncil.gov.zm
DEPT-LUS-435|and united development, he further shared that the district|Municipal planning, service delivery, and council oversight|info@lusangazicouncil.gov.zm
DEPT-LUS-436|business community of the district where he also stated that|Municipal planning, service delivery, and council oversight|info@lusangazicouncil.gov.zm
DEPT-LUS-437|Finance department to share some insights on financial liter|Municipal planning, service delivery, and council oversight|info@lusangazicouncil.gov.zm
DEPT-LUS-438|The accountant began by sharing to the community on the fina|Municipal planning, service delivery, and council oversight|info@lusangazicouncil.gov.zm
DEPT-LUS-439|The Community Development Officer continued to share that th|Municipal planning, service delivery, and council oversight|info@lusangazicouncil.gov.zm
DEPT-LUS-440|One more member shared that the collections were indeed low|Municipal planning, service delivery, and council oversight|info@lusangazicouncil.gov.zm
DEPT-LUS-441|and nothing was secret in the governance approach. He furthe|Municipal planning, service delivery, and council oversight|info@lusangazicouncil.gov.zm
DEPT-LUS-442|that communities needed to be involved in the process of dev|Municipal planning, service delivery, and council oversight|info@lusangazicouncil.gov.zm
DEPT-LUS-443|The market committee vice chairlady raised a concern about m|Municipal planning, service delivery, and council oversight|info@lusangazicouncil.gov.zm
DEPT-LUS-444|In addition, the Community Development Officer added on the|Municipal planning, service delivery, and council oversight|info@lusangazicouncil.gov.zm
DEPT-LUS-445|business community what they required as part of engagement.|Municipal planning, service delivery, and council oversight|info@lusangazicouncil.gov.zm
DEPT-LUS-446|vastness community in this manner and they really appreciate|Municipal planning, service delivery, and council oversight|info@lusangazicouncil.gov.zm
DEPT-LUS-447|Finally, he also stated that the funding had further increas|Municipal planning, service delivery, and council oversight|info@lusangazicouncil.gov.zm
DEPT-LUS-448|opportunity to gain from this funding.|Municipal planning, service delivery, and council oversight|info@lusangazicouncil.gov.zm
DEPT-LUS-449|The community was asked to share what their needs were as a|Municipal planning, service delivery, and council oversight|info@lusangazicouncil.gov.zm
DEPT-LUS-450|that the community was willing to work with the local author|Municipal planning, service delivery, and council oversight|info@lusangazicouncil.gov.zm
DEPT-LUS-451|was there to help the community and She mentioned that there|Municipal planning, service delivery, and council oversight|info@lusangazicouncil.gov.zm
DEPT-LUS-452|projects, local economic development and council financial p|Municipal planning, service delivery, and council oversight|info@lusangazicouncil.gov.zm
DEPT-LUS-453|5. Government departments|Municipal planning, service delivery, and council oversight|info@lusangazicouncil.gov.zm
DEPT-LUS-454|Public notices and community posters|Municipal planning, service delivery, and council oversight|info@lusangazicouncil.gov.zm
DEPT-LUS-455|Community gatherings and public engagement meetings|Municipal planning, service delivery, and council oversight|info@lusangazicouncil.gov.zm
DEPT-LUS-456|Departments|Municipal planning, service delivery, and council oversight|info@lusangazicouncil.gov.zm
DEPT-LUS-457|Finance & Planning|Municipal planning, service delivery, and council oversight|info@lusangazicouncil.gov.zm
DEPT-LUS-458|Engage the business community To|Municipal planning, service delivery, and council oversight|info@lusangazicouncil.gov.zm
DEPT-LUS-459|Capacitate community members To be held in March and|Municipal planning, service delivery, and council oversight|info@lusangazicouncil.gov.zm
DEPT-LUS-460|Planning & Finance|Municipal planning, service delivery, and council oversight|info@lusangazicouncil.gov.zm
DEPT-LUS-461|Planning Dept.|Municipal planning, service delivery, and council oversight|info@lusangazicouncil.gov.zm
DEPT-LUS-462| Government grants (CDF administration components)|Municipal planning, service delivery, and council oversight|info@lusangazicouncil.gov.zm
DEPT-LUS-463|19. Immunity of inspectors|Municipal planning, service delivery, and council oversight|info@lusangazicouncil.gov.zm
DEPT-LUS-464|96. Administration and management of Fund|Municipal planning, service delivery, and council oversight|info@lusangazicouncil.gov.zm
DEPT-LUS-465|ability of people and communities to provide|Municipal planning, service delivery, and council oversight|info@lusangazicouncil.gov.zm
DEPT-LUS-466|(l) the Town and Country Planning Act;|Municipal planning, service delivery, and council oversight|info@lusangazicouncil.gov.zm
DEPT-LUS-467|natural resources and opportunities aimed at promoting,|Municipal planning, service delivery, and council oversight|info@lusangazicouncil.gov.zm
DEPT-LUS-468|department of the Government, the National Assembly,|Municipal planning, service delivery, and council oversight|info@lusangazicouncil.gov.zm
DEPT-LUS-469|long-term integrated planning and the co-ordination,|Municipal planning, service delivery, and council oversight|info@lusangazicouncil.gov.zm
DEPT-LUS-470|(l) community participation and involvement in natural|Municipal planning, service delivery, and council oversight|info@lusangazicouncil.gov.zm
DEPT-LUS-471|overall national planning through co-ordination with|Municipal planning, service delivery, and council oversight|info@lusangazicouncil.gov.zm
DEPT-LUS-472|that effect and an opportunity to be heard.|Municipal planning, service delivery, and council oversight|info@lusangazicouncil.gov.zm
DEPT-LUS-473|(vii) national planning;|Municipal planning, service delivery, and council oversight|info@lusangazicouncil.gov.zm
DEPT-LUS-474|Board, for the day-to-day administration of the Agency.|Municipal planning, service delivery, and council oversight|info@lusangazicouncil.gov.zm
DEPT-LUS-475|exceeding two hundred thousand penalty units or to imprisonm|Municipal planning, service delivery, and council oversight|info@lusangazicouncil.gov.zm
DEPT-LUS-476|Immunity of|Municipal planning, service delivery, and council oversight|info@lusangazicouncil.gov.zm
DEPT-LUS-477|(e) the interests of the local communities in, or around, th|Municipal planning, service delivery, and council oversight|info@lusangazicouncil.gov.zm
DEPT-LUS-478|community and relevant appropriate and conservancy authoriti|Municipal planning, service delivery, and council oversight|info@lusangazicouncil.gov.zm
DEPT-LUS-479|hundred thousand penalty units or to imprisonment for a peri|Municipal planning, service delivery, and council oversight|info@lusangazicouncil.gov.zm
DEPT-LUS-480|local communities;|Municipal planning, service delivery, and council oversight|info@lusangazicouncil.gov.zm
DEPT-LUS-481|communities; and|Municipal planning, service delivery, and council oversight|info@lusangazicouncil.gov.zm
DEPT-LUS-482|of the Agency, make regulations for the effective administra|Municipal planning, service delivery, and council oversight|info@lusangazicouncil.gov.zm
DEPT-LUS-483|hundred thousand penalty units or to imprisonment for a peri|Municipal planning, service delivery, and council oversight|info@lusangazicouncil.gov.zm
DEPT-LUS-484|hundred thousand penalty units or to imprisonment for a peri|Municipal planning, service delivery, and council oversight|info@lusangazicouncil.gov.zm
DEPT-LUS-485|hundred thousand penalty units or to imprisonment for a peri|Municipal planning, service delivery, and council oversight|info@lusangazicouncil.gov.zm
DEPT-LUS-486|the intention during the early planning stage.|Municipal planning, service delivery, and council oversight|info@lusangazicouncil.gov.zm
DEPT-LUS-487|Disaster Management Unit, appropriate authorities, public an|Municipal planning, service delivery, and council oversight|info@lusangazicouncil.gov.zm
DEPT-LUS-488|five hundred thousand penalty units or to imprisonment for a|Municipal planning, service delivery, and council oversight|info@lusangazicouncil.gov.zm
DEPT-LUS-489|operations and domestic and community activities, but|Municipal planning, service delivery, and council oversight|info@lusangazicouncil.gov.zm
DEPT-LUS-490|five hundred thousand penalty units or to imprisonment for a|Municipal planning, service delivery, and council oversight|info@lusangazicouncil.gov.zm
DEPT-LUS-491|fifty thousand penalty units or to imprisonment for a perio|Municipal planning, service delivery, and council oversight|info@lusangazicouncil.gov.zm
DEPT-LUS-492|domestic or community activities;|Municipal planning, service delivery, and council oversight|info@lusangazicouncil.gov.zm
DEPT-LUS-493|(b) establish institutional arrangements for the administra|Municipal planning, service delivery, and council oversight|info@lusangazicouncil.gov.zm
DEPT-LUS-494|hundred thousand penalty units or to imprisonment for a peri|Municipal planning, service delivery, and council oversight|info@lusangazicouncil.gov.zm
DEPT-LUS-495|(h) keep records and reports necessary for the administratio|Municipal planning, service delivery, and council oversight|info@lusangazicouncil.gov.zm
DEPT-LUS-496|or other suitable units; and|Municipal planning, service delivery, and council oversight|info@lusangazicouncil.gov.zm
DEPT-LUS-497|(e) regional and urban planning shall be managed in|Municipal planning, service delivery, and council oversight|info@lusangazicouncil.gov.zm
DEPT-LUS-498|accordance with the Town and Country Planning Act;|Municipal planning, service delivery, and council oversight|info@lusangazicouncil.gov.zm
DEPT-LUS-499|thousand penalty units or to imprisonment for a period not e|Municipal planning, service delivery, and council oversight|info@lusangazicouncil.gov.zm
DEPT-LUS-500|penalty units or to imprisonment for a period not exceeding|Municipal planning, service delivery, and council oversight|info@lusangazicouncil.gov.zm
DEPT-LUS-501|environment and of available opportunities to participate in|Municipal planning, service delivery, and council oversight|info@lusangazicouncil.gov.zm
DEPT-LUS-502|Administration|Municipal planning, service delivery, and council oversight|info@lusangazicouncil.gov.zm
DEPT-LUS-503|hundred thousand penalty units or to imprisonment for a per|Municipal planning, service delivery, and council oversight|info@lusangazicouncil.gov.zm
DEPT-LUS-504|penalty units for each day or part of a day after the date s|Municipal planning, service delivery, and council oversight|info@lusangazicouncil.gov.zm
DEPT-LUS-505|thousand penalty units or to imprisonment for a period not e|Municipal planning, service delivery, and council oversight|info@lusangazicouncil.gov.zm
DEPT-LUS-506|time, to a further fine not exceeding one thousand penalty u|Municipal planning, service delivery, and council oversight|info@lusangazicouncil.gov.zm
DEPT-LUS-507|hundred thousand penalty units or to imprisonment for a peri|Municipal planning, service delivery, and council oversight|info@lusangazicouncil.gov.zm
DEPT-LUS-508|to a further fine not exceeding two thousand penalty units f|Municipal planning, service delivery, and council oversight|info@lusangazicouncil.gov.zm
DEPT-LUS-509|hundred thousand penalty units or to imprisonment for a peri|Municipal planning, service delivery, and council oversight|info@lusangazicouncil.gov.zm
DEPT-LUS-510|units for each day or part of a day after the date specified|Municipal planning, service delivery, and council oversight|info@lusangazicouncil.gov.zm
DEPT-LUS-511|opportunity to be heard and to make written submissions.|Municipal planning, service delivery, and council oversight|info@lusangazicouncil.gov.zm
DEPT-LUS-512|exceeding seven hundred thousand penalty units or to impriso|Municipal planning, service delivery, and council oversight|info@lusangazicouncil.gov.zm
DEPT-LUS-513|exceeding three hundred thousand penalty units or to impriso|Municipal planning, service delivery, and council oversight|info@lusangazicouncil.gov.zm
DEPT-LUS-514|exceeding seven hundred thousand penalty units or to impri|Municipal planning, service delivery, and council oversight|info@lusangazicouncil.gov.zm
DEPT-LUS-515|exceeding five hundred thousand penalty units or to impriso|Municipal planning, service delivery, and council oversight|info@lusangazicouncil.gov.zm
DEPT-LUS-516|exceeding one million penalty units, or to imprisonment for|Municipal planning, service delivery, and council oversight|info@lusangazicouncil.gov.zm
DEPT-LUS-517|thousand penalty units or to imprisonment for a period not e|Municipal planning, service delivery, and council oversight|info@lusangazicouncil.gov.zm
DEPT-LUS-518|exceeding three hundred thousand penalty units or to impriso|Municipal planning, service delivery, and council oversight|info@lusangazicouncil.gov.zm
DEPT-LUS-519|penalty units or to imprisonment for a period not exceeding|Municipal planning, service delivery, and council oversight|info@lusangazicouncil.gov.zm
DEPT-LUS-520|penalty units per day on a first conviction, and not|Municipal planning, service delivery, and council oversight|info@lusangazicouncil.gov.zm
DEPT-LUS-521|more than eight hundred penalty units per day on each|Municipal planning, service delivery, and council oversight|info@lusangazicouncil.gov.zm
DEPT-LUS-522|not exceeding one thousand penalty units per day on a|Municipal planning, service delivery, and council oversight|info@lusangazicouncil.gov.zm
DEPT-LUS-523|units per day on each subsequent conviction.|Municipal planning, service delivery, and council oversight|info@lusangazicouncil.gov.zm
DEPT-LUS-524|the earliest opportunity for hearing and determining the app|Municipal planning, service delivery, and council oversight|info@lusangazicouncil.gov.zm
DEPT-LUS-525|an inspector and after affording the owner or occupier an op|Municipal planning, service delivery, and council oversight|info@lusangazicouncil.gov.zm
DEPT-LUS-526|two hundred thousand penalty units or where a person has adm|Municipal planning, service delivery, and council oversight|info@lusangazicouncil.gov.zm
DEPT-LUS-527|does not exceed two hundred thousand penalty units, summaril|Municipal planning, service delivery, and council oversight|info@lusangazicouncil.gov.zm
DEPT-LUS-528|thousand penalty units in respect of the offence.|Municipal planning, service delivery, and council oversight|info@lusangazicouncil.gov.zm
DEPT-LUS-529|exceeding three hundred thousand penalty units or to impriso|Municipal planning, service delivery, and council oversight|info@lusangazicouncil.gov.zm
DEPT-LUS-530|thousand penalty units or imprisonment for a period not|Municipal planning, service delivery, and council oversight|info@lusangazicouncil.gov.zm
DEPT-LUS-531|Administration of the Agency|Municipal planning, service delivery, and council oversight|info@lusangazicouncil.gov.zm
DEPT-LUS-532|hundred thousand penalty units or to imprisonment for a peri|Municipal planning, service delivery, and council oversight|info@lusangazicouncil.gov.zm
DEPT-LUS-533|penalty units or to imprisonment for a period not exceeding|Municipal planning, service delivery, and council oversight|info@lusangazicouncil.gov.zm
DEPT-LUS-534|COMMUNITY MEMBERS–|Municipal planning, service delivery, and council oversight|info@lusangazicouncil.gov.zm
DEPT-LUS-535|resources to communities to|Municipal planning, service delivery, and council oversight|info@lusangazicouncil.gov.zm
DEPT-LUS-536|munities to take control of|Municipal planning, service delivery, and council oversight|info@lusangazicouncil.gov.zm
DEPT-LUS-537|community and the imple-|Municipal planning, service delivery, and council oversight|info@lusangazicouncil.gov.zm
DEPT-LUS-538|partners and the communities of Lusangazi|Municipal planning, service delivery, and council oversight|info@lusangazicouncil.gov.zm
DEPT-LUS-539|opportunity for us to engage with each|Municipal planning, service delivery, and council oversight|info@lusangazicouncil.gov.zm
DEPT-LUS-540|Just to add on, economic opportunities|Municipal planning, service delivery, and council oversight|info@lusangazicouncil.gov.zm
DEPT-LUS-541|Allow me to applaud the community mem-|Municipal planning, service delivery, and council oversight|info@lusangazicouncil.gov.zm
DEPT-LUS-542|Public Relation Unit|Municipal planning, service delivery, and council oversight|info@lusangazicouncil.gov.zm
DEPT-LUS-543|District Planning Officer|Municipal planning, service delivery, and council oversight|info@lusangazicouncil.gov.zm
DEPT-LUS-544|Construction of 1x3 CRB Kalumbi Community School.|Municipal planning, service delivery, and council oversight|info@lusangazicouncil.gov.zm
DEPT-LUS-545|Construction of 1 x 2 CRB at Nsenya community.|Municipal planning, service delivery, and council oversight|info@lusangazicouncil.gov.zm
DEPT-LUS-546|CHAMALENJE COMMUNITY SCHOOL ( 1 X 2 CRB )|Municipal planning, service delivery, and council oversight|info@lusangazicouncil.gov.zm
DEPT-LUS-547|a good opportunity for parents to|Municipal planning, service delivery, and council oversight|info@lusangazicouncil.gov.zm
DEPT-LUS-548|community in Lusangazi were col-|Municipal planning, service delivery, and council oversight|info@lusangazicouncil.gov.zm
DEPT-LUS-549|holders such as the community|Municipal planning, service delivery, and council oversight|info@lusangazicouncil.gov.zm
DEPT-LUS-550|""" We are happy as a department"|Municipal planning, service delivery, and council oversight|info@lusangazicouncil.gov.zm
DEPT-LUS-551|PROPOSED COMMUNITY PROJECTS|Municipal planning, service delivery, and council oversight|info@lusangazicouncil.gov.zm
DEPT-LUS-552|planning document (IDP).|Municipal planning, service delivery, and council oversight|info@lusangazicouncil.gov.zm
DEPT-LUS-553|60 Community|Municipal planning, service delivery, and council oversight|info@lusangazicouncil.gov.zm
DEPT-LUS-554|Chikombe Community|Municipal planning, service delivery, and council oversight|info@lusangazicouncil.gov.zm
DEPT-LUS-555|Block at Malenga community|Municipal planning, service delivery, and council oversight|info@lusangazicouncil.gov.zm
DEPT-LUS-556|APPROVED COMMUNITY PROJECTS FOR 2025|Municipal planning, service delivery, and council oversight|info@lusangazicouncil.gov.zm
DEPT-LUS-557|UNITY COST(ZMK)|Municipal planning, service delivery, and council oversight|info@lusangazicouncil.gov.zm
DEPT-LUS-558|Construction of a 1 x 3 Classroom Block at Salazani Communit|Municipal planning, service delivery, and council oversight|info@lusangazicouncil.gov.zm
DEPT-LUS-559|Construction of a 1 x 3 Classroom Block at Zanji Community S|Municipal planning, service delivery, and council oversight|info@lusangazicouncil.gov.zm
DEPT-LUS-560|Construction of 1x3 CRB at Wasonkho Community School|Municipal planning, service delivery, and council oversight|info@lusangazicouncil.gov.zm
DEPT-LUS-561|conducting our stakcholders mccting in our community hall wh|Municipal planning, service delivery, and council oversight|info@lusangazicouncil.gov.zm
DEPT-LUS-562|conjunction with Councils, there aim was to help the communi|Municipal planning, service delivery, and council oversight|info@lusangazicouncil.gov.zm
DEPT-LUS-563|COnstruction ofa big community hall which was about to he hu|Municipal planning, service delivery, and council oversight|info@lusangazicouncil.gov.zm
DEPT-LUS-564|cngaging community represcntatives in discussions about thei|Municipal planning, service delivery, and council oversight|info@lusangazicouncil.gov.zm
DEPT-LUS-565|The sclection of projects by the communities within their re|Municipal planning, service delivery, and council oversight|info@lusangazicouncil.gov.zm
DEPT-LUS-566|opportunities within cach ward, allowing for a more comprehe|Municipal planning, service delivery, and council oversight|info@lusangazicouncil.gov.zm
DEPT-LUS-567|COMMUNITY PROJECTS|Municipal planning, service delivery, and council oversight|info@lusangazicouncil.gov.zm
DEPT-LUS-568|proposals from the community by cnd of Fcbruary of cach ycar|Municipal planning, service delivery, and council oversight|info@lusangazicouncil.gov.zm
DEPT-LUS-569|the comnmunity through the Ward Development Committee shall|Municipal planning, service delivery, and council oversight|info@lusangazicouncil.gov.zm
DEPT-LUS-570|of such Plans, Community|Municipal planning, service delivery, and council oversight|info@lusangazicouncil.gov.zm
DEPT-LUS-571|must be identified and prioritized by the local community:|Municipal planning, service delivery, and council oversight|info@lusangazicouncil.gov.zm
DEPT-LUS-572|The project should use approved designs by the planning auth|Municipal planning, service delivery, and council oversight|info@lusangazicouncil.gov.zm
DEPT-LUS-573|The projccts must be of bencfit to the wider community|Municipal planning, service delivery, and council oversight|info@lusangazicouncil.gov.zm
DEPT-LUS-574|yOUTIL, WOMEN & COMMUNITY EMPOWVERMENT|Municipal planning, service delivery, and council oversight|info@lusangazicouncil.gov.zm
DEPT-LUS-575|The Comnunity Development Oflicer informed the members that|Municipal planning, service delivery, and council oversight|info@lusangazicouncil.gov.zm
DEPT-LUS-576|The Community Development Officer infornmed the members that|Municipal planning, service delivery, and council oversight|info@lusangazicouncil.gov.zm
DEPT-LUS-577|Proposals for cmpowerment shall provide employment opportuni|Municipal planning, service delivery, and council oversight|info@lusangazicouncil.gov.zm
DEPT-LUS-578|The Conmunity Development Officer infomed the members that|Municipal planning, service delivery, and council oversight|info@lusangazicouncil.gov.zm
DEPT-LUS-579|Proposals lor empowerment shall provide cmployment opportuni|Municipal planning, service delivery, and council oversight|info@lusangazicouncil.gov.zm
DEPT-LUS-580|The Community Devclopmcnt Officer informed the members that|Municipal planning, service delivery, and council oversight|info@lusangazicouncil.gov.zm
DEPT-LUS-581|The Community Devclopment Officer informed the members how t|Municipal planning, service delivery, and council oversight|info@lusangazicouncil.gov.zm
DEPT-LUS-582|In response the Community IDevelopmcnt Oficer statcd that af|Municipal planning, service delivery, and council oversight|info@lusangazicouncil.gov.zm
DEPT-LUS-583|community on the projccts that had becn proposed, he further|Municipal planning, service delivery, and council oversight|info@lusangazicouncil.gov.zm
DEPT-LUS-584|Projects to be community-based|Municipal planning, service delivery, and council oversight|info@lusangazicouncil.gov.zm
DEPT-LUS-585|Community initiatives to be eligible|Municipal planning, service delivery, and council oversight|info@lusangazicouncil.gov.zm
DEPT-LUS-586|“community” means a geographically defined group of persons|Municipal planning, service delivery, and council oversight|info@lusangazicouncil.gov.zm
DEPT-LUS-587|includes a project initiated by a person or a community for|Municipal planning, service delivery, and council oversight|info@lusangazicouncil.gov.zm
DEPT-LUS-588|the benefit of the community;|Municipal planning, service delivery, and council oversight|info@lusangazicouncil.gov.zm
DEPT-LUS-589|(a) two community representatives nominated by the Member|Municipal planning, service delivery, and council oversight|info@lusangazicouncil.gov.zm
DEPT-LUS-590|(d) a representative of the director responsible for plannin|Municipal planning, service delivery, and council oversight|info@lusangazicouncil.gov.zm
DEPT-LUS-591|The Directorates of Planning, and Finance in the local|Municipal planning, service delivery, and council oversight|info@lusangazicouncil.gov.zm
DEPT-LUS-592|(1) A project under this Act shall be community-based|Municipal planning, service delivery, and council oversight|info@lusangazicouncil.gov.zm
DEPT-LUS-593|for the benefit of a broad cross section of the community of|Municipal planning, service delivery, and council oversight|info@lusangazicouncil.gov.zm
DEPT-LUS-594|or a defined phase, unit or element of a project.|Municipal planning, service delivery, and council oversight|info@lusangazicouncil.gov.zm
DEPT-LUS-595|and may include costs related to studies, planning and desig|Municipal planning, service delivery, and council oversight|info@lusangazicouncil.gov.zm
DEPT-LUS-596|not related to the community development under this Act.|Municipal planning, service delivery, and council oversight|info@lusangazicouncil.gov.zm
DEPT-LUS-597|(1) Aproject initiated bya communityis eligibleforsupport|Municipal planning, service delivery, and council oversight|info@lusangazicouncil.gov.zm
DEPT-LUS-598|Acommunity may, for the purposes of subsection (1), elect|Municipal planning, service delivery, and council oversight|info@lusangazicouncil.gov.zm
DEPT-LUS-599|a committee to represent the interests of that community dur|Municipal planning, service delivery, and council oversight|info@lusangazicouncil.gov.zm
DEPT-LUS-600|consultations with the relevant Government departments are|Municipal planning, service delivery, and council oversight|info@lusangazicouncil.gov.zm
DEPT-LUS-601|department of the Government in the district in which the|Municipal planning, service delivery, and council oversight|info@lusangazicouncil.gov.zm
DEPT-LUS-602|department; and|Municipal planning, service delivery, and council oversight|info@lusangazicouncil.gov.zm
DEPT-LUS-603|exceeding five hundred thousand penalty units or to imprison|Municipal planning, service delivery, and council oversight|info@lusangazicouncil.gov.zm
DEPT-LUS-604|administration purposes; and|Municipal planning, service delivery, and council oversight|info@lusangazicouncil.gov.zm
DEPT-LUS-605|(f) provide for the proper administration of the Fund.|Municipal planning, service delivery, and council oversight|info@lusangazicouncil.gov.zm
DEPT-LUS-606|hundred thousand penalty units or to imprisonment for a term|Municipal planning, service delivery, and council oversight|info@lusangazicouncil.gov.zm
DEPT-LUS-607|hundred thousand penalty units or to imprisonment for a term|Municipal planning, service delivery, and council oversight|info@lusangazicouncil.gov.zm
DEPT-LUS-608|hundred thousand penalty units or to imprisonment for a term|Municipal planning, service delivery, and council oversight|info@lusangazicouncil.gov.zm
DEPT-LUS-609|materials or substances present in a working or community|Municipal planning, service delivery, and council oversight|info@lusangazicouncil.gov.zm
DEPT-LUS-610|for the day-to-day administration of the Institute.|Municipal planning, service delivery, and council oversight|info@lusangazicouncil.gov.zm
DEPT-LUS-611|exceeding two hundred thousand penalty units or to imprisonm|Municipal planning, service delivery, and council oversight|info@lusangazicouncil.gov.zm
DEPT-LUS-612|an opportunity to meet the authorised officer;|Municipal planning, service delivery, and council oversight|info@lusangazicouncil.gov.zm
DEPT-LUS-613|five hundred thousand penalty units or to imprisonment for a|Municipal planning, service delivery, and council oversight|info@lusangazicouncil.gov.zm
DEPT-LUS-614|three hundred thousand penalty units or to imprisonment for|Municipal planning, service delivery, and council oversight|info@lusangazicouncil.gov.zm
DEPT-LUS-615|hundred thousand penalty units or to imprisonment for a peri|Municipal planning, service delivery, and council oversight|info@lusangazicouncil.gov.zm
DEPT-LUS-616|thousand penalty units or to imprisonment for a period not e|Municipal planning, service delivery, and council oversight|info@lusangazicouncil.gov.zm
DEPT-LUS-617|hundred thousand penalty units or to imprisonment for a peri|Municipal planning, service delivery, and council oversight|info@lusangazicouncil.gov.zm
DEPT-LUS-618|hundred thousand penalty units or to imprisonment for a peri|Municipal planning, service delivery, and council oversight|info@lusangazicouncil.gov.zm
DEPT-LUS-619|hundred thousand penalty units or to imprisonment for a peri|Municipal planning, service delivery, and council oversight|info@lusangazicouncil.gov.zm
DEPT-LUS-620|exceeding two hundred thousand penalty units or to imprisonm|Municipal planning, service delivery, and council oversight|info@lusangazicouncil.gov.zm
DEPT-LUS-621|(c) the Director of the Mines Safety Department in the|Municipal planning, service delivery, and council oversight|info@lusangazicouncil.gov.zm
DEPT-LUS-622|fine not exceeding one hundred thousand penalty units or to|Municipal planning, service delivery, and council oversight|info@lusangazicouncil.gov.zm
DEPT-LUS-623|exceeding two hundred thousand penalty units or to imprisonm|Municipal planning, service delivery, and council oversight|info@lusangazicouncil.gov.zm
DEPT-LUS-624|ADMINISTRATION OF INSTITUTE|Municipal planning, service delivery, and council oversight|info@lusangazicouncil.gov.zm
DEPT-LUS-625|hundred thousand penalty units or to imprisonment for a peri|Municipal planning, service delivery, and council oversight|info@lusangazicouncil.gov.zm
DEPT-LUS-626|penalty units or to imprisonment for a period not exceeding|Municipal planning, service delivery, and council oversight|info@lusangazicouncil.gov.zm
DEPT-LUS-627|Meeting Title: Community stakeholder’s engagement meeting|Municipal planning, service delivery, and council oversight|info@lusangazicouncil.gov.zm
DEPT-LUS-628|Community Development|Municipal planning, service delivery, and council oversight|info@lusangazicouncil.gov.zm
DEPT-LUS-629|Director Planning|Municipal planning, service delivery, and council oversight|info@lusangazicouncil.gov.zm
DEPT-LUS-630|6. Presentation on the community project application procedu|Municipal planning, service delivery, and council oversight|info@lusangazicouncil.gov.zm
DEPT-LUS-631|meeting in our community hall which was about to be built in|Municipal planning, service delivery, and council oversight|info@lusangazicouncil.gov.zm
DEPT-LUS-632|the community to be engaged in the budgeting process and als|Municipal planning, service delivery, and council oversight|info@lusangazicouncil.gov.zm
DEPT-LUS-633|The Council Secretary informed the members about the constru|Municipal planning, service delivery, and council oversight|info@lusangazicouncil.gov.zm
DEPT-LUS-634|In response, the Director planning shared that the LA was ma|Municipal planning, service delivery, and council oversight|info@lusangazicouncil.gov.zm
DEPT-LUS-635|community services e.g. Garbage collection, building of mark|Municipal planning, service delivery, and council oversight|info@lusangazicouncil.gov.zm
DEPT-LUS-636|community representatives in discussions about their priorit|Municipal planning, service delivery, and council oversight|info@lusangazicouncil.gov.zm
DEPT-LUS-637|The selection of projects by the communities within their re|Municipal planning, service delivery, and council oversight|info@lusangazicouncil.gov.zm
DEPT-LUS-638|The discussions also focused on identifying potential challe|Municipal planning, service delivery, and council oversight|info@lusangazicouncil.gov.zm
DEPT-LUS-639|6. PRESENTATION ON THE COMMUNITY PROJECT APPLICATION|Municipal planning, service delivery, and council oversight|info@lusangazicouncil.gov.zm
DEPT-LUS-640|COMMUNITY PROJECTS NOTIFICATION|Municipal planning, service delivery, and council oversight|info@lusangazicouncil.gov.zm
DEPT-LUS-641|the community by end of February of each year for implementa|Municipal planning, service delivery, and council oversight|info@lusangazicouncil.gov.zm
DEPT-LUS-642|In an event of a disaster or emergency arising from natural|Municipal planning, service delivery, and council oversight|info@lusangazicouncil.gov.zm
DEPT-LUS-643|community did not need and why some projects proposed were n|Municipal planning, service delivery, and council oversight|info@lusangazicouncil.gov.zm
DEPT-LUS-644|the projects. It was emphasized that the proposed projects f|Municipal planning, service delivery, and council oversight|info@lusangazicouncil.gov.zm
DEPT-LUS-645|such Plans, Community Priorities shall inform the criteria f|Municipal planning, service delivery, and council oversight|info@lusangazicouncil.gov.zm
DEPT-LUS-646|and prioritized by the local community;|Municipal planning, service delivery, and council oversight|info@lusangazicouncil.gov.zm
DEPT-LUS-647|project should use approved designs by the planning authorit|Municipal planning, service delivery, and council oversight|info@lusangazicouncil.gov.zm
DEPT-LUS-648|The projects must be of benefit to the wider community Membe|Municipal planning, service delivery, and council oversight|info@lusangazicouncil.gov.zm
DEPT-LUS-649|YOUTH, WOMEN & COMMUNITY EMPOWERMENT APPLICATION|Municipal planning, service delivery, and council oversight|info@lusangazicouncil.gov.zm
DEPT-LUS-650|The Community Development Officer informed the members that|Municipal planning, service delivery, and council oversight|info@lusangazicouncil.gov.zm
DEPT-LUS-651|The Community Development Officer informed the members that|Municipal planning, service delivery, and council oversight|info@lusangazicouncil.gov.zm
DEPT-LUS-652|Proposals for empowerment shall provide employment opportuni|Municipal planning, service delivery, and council oversight|info@lusangazicouncil.gov.zm
DEPT-LUS-653|The Community Development Officer informed the members that|Municipal planning, service delivery, and council oversight|info@lusangazicouncil.gov.zm
DEPT-LUS-654|Proposals for empowerment shall provide employment opportuni|Municipal planning, service delivery, and council oversight|info@lusangazicouncil.gov.zm
DEPT-LUS-655|The Community Development Officer informed the members that|Municipal planning, service delivery, and council oversight|info@lusangazicouncil.gov.zm
DEPT-LUS-656|The Community Development Officer informed the members how t|Municipal planning, service delivery, and council oversight|info@lusangazicouncil.gov.zm
DEPT-LUS-657|(Owani community|Municipal planning, service delivery, and council oversight|info@lusangazicouncil.gov.zm
DEPT-LUS-658|community school,|Municipal planning, service delivery, and council oversight|info@lusangazicouncil.gov.zm
DEPT-LUS-659|community school)|Municipal planning, service delivery, and council oversight|info@lusangazicouncil.gov.zm
DEPT-LUS-660|community school, kamseche|Municipal planning, service delivery, and council oversight|info@lusangazicouncil.gov.zm
DEPT-LUS-661|community school) health|Municipal planning, service delivery, and council oversight|info@lusangazicouncil.gov.zm
DEPT-LUS-662|4. 2023 Msanzala CDF approved community projects|Municipal planning, service delivery, and council oversight|info@lusangazicouncil.gov.zm
DEPT-LUS-663|12. 2022 women, youth and community empowerment grants benef|Municipal planning, service delivery, and council oversight|info@lusangazicouncil.gov.zm
DEPT-LUS-664|ble community member of Msanzala Constituency has access to|Municipal planning, service delivery, and council oversight|info@lusangazicouncil.gov.zm
DEPT-LUS-665|affect our community.|Municipal planning, service delivery, and council oversight|info@lusangazicouncil.gov.zm
DEPT-LUS-666|provision of water and sanitation in line with community nee|Municipal planning, service delivery, and council oversight|info@lusangazicouncil.gov.zm
DEPT-LUS-667|tized needs through community projects applications under CD|Municipal planning, service delivery, and council oversight|info@lusangazicouncil.gov.zm
DEPT-LUS-668|The Council is also encouraging community members through co|Municipal planning, service delivery, and council oversight|info@lusangazicouncil.gov.zm
DEPT-LUS-669|Construction of 1x2 CRB Njazi Community School|Municipal planning, service delivery, and council oversight|info@lusangazicouncil.gov.zm
DEPT-LUS-670|Construction of 1x2 CRB at Matizya Community|Municipal planning, service delivery, and council oversight|info@lusangazicouncil.gov.zm
DEPT-LUS-671|1x2 CRB Construction at Owani Community|Municipal planning, service delivery, and council oversight|info@lusangazicouncil.gov.zm
DEPT-LUS-672|Kamucheche Community School in Mawanda|Municipal planning, service delivery, and council oversight|info@lusangazicouncil.gov.zm
DEPT-LUS-673|1x2 CRB-Construction at Chamaleje Community|Municipal planning, service delivery, and council oversight|info@lusangazicouncil.gov.zm
DEPT-LUS-674|1x2 CRB Construction at Simwenda community|Municipal planning, service delivery, and council oversight|info@lusangazicouncil.gov.zm
DEPT-LUS-675|tangwila Community School in Nyakawise Ward|Municipal planning, service delivery, and council oversight|info@lusangazicouncil.gov.zm
DEPT-LUS-676|1x2 CRB Construction at Malengo community|Municipal planning, service delivery, and council oversight|info@lusangazicouncil.gov.zm
DEPT-LUS-677|1x2 CRB Construction at Chingolo community|Municipal planning, service delivery, and council oversight|info@lusangazicouncil.gov.zm
DEPT-LUS-678|1x2 CRB Construction at kamunga community|Municipal planning, service delivery, and council oversight|info@lusangazicouncil.gov.zm
DEPT-LUS-679|Songovah Community School in Ukwimi Ward|Municipal planning, service delivery, and council oversight|info@lusangazicouncil.gov.zm
DEPT-LUS-680|1x3 CRB Construction at Teteke Community|Municipal planning, service delivery, and council oversight|info@lusangazicouncil.gov.zm
DEPT-LUS-681|1x3 CRB-Construction atChaingo Community|Municipal planning, service delivery, and council oversight|info@lusangazicouncil.gov.zm
DEPT-LUS-682|1x3 CRB Construction at Chitwelele Community|Municipal planning, service delivery, and council oversight|info@lusangazicouncil.gov.zm
DEPT-LUS-683|APPROVED 2023 CDF COMMUNITY PROJECTS|Municipal planning, service delivery, and council oversight|info@lusangazicouncil.gov.zm
DEPT-LUS-684|Mileka community school|Municipal planning, service delivery, and council oversight|info@lusangazicouncil.gov.zm
DEPT-LUS-685|May I also add that economic opportunities have also been cr|Municipal planning, service delivery, and council oversight|info@lusangazicouncil.gov.zm
DEPT-LUS-686|erment grants have equally created economic opportunities th|Municipal planning, service delivery, and council oversight|info@lusangazicouncil.gov.zm
DEPT-LUS-687|Allow me to applaud the community members of our District as|Municipal planning, service delivery, and council oversight|info@lusangazicouncil.gov.zm
DEPT-LUS-688|their communities by ensuring|Municipal planning, service delivery, and council oversight|info@lusangazicouncil.gov.zm
DEPT-LUS-689|communities like Lusangazi by|Municipal planning, service delivery, and council oversight|info@lusangazicouncil.gov.zm
DEPT-LUS-690|communities like Lusangazi|Municipal planning, service delivery, and council oversight|info@lusangazicouncil.gov.zm
DEPT-LUS-691|role in sensitising the community on|Municipal planning, service delivery, and council oversight|info@lusangazicouncil.gov.zm
DEPT-LUS-692|Planning and budgeting|Municipal planning, service delivery, and council oversight|info@lusangazicouncil.gov.zm
DEPT-LUS-693|Mr. Anthony Makaliki, the Community Development|Municipal planning, service delivery, and council oversight|info@lusangazicouncil.gov.zm
DEPT-LUS-694|information, promotion of service delivery, creating economi|Municipal planning, service delivery, and council oversight|info@lusangazicouncil.gov.zm
DEPT-LUS-695|community in the Constituency Devel-|Municipal planning, service delivery, and council oversight|info@lusangazicouncil.gov.zm
DEPT-LUS-696|from the empowerment opportunities|Municipal planning, service delivery, and council oversight|info@lusangazicouncil.gov.zm
DEPT-LUS-697|back to enable other community mem-|Municipal planning, service delivery, and council oversight|info@lusangazicouncil.gov.zm
DEPT-LUS-698|YOUTH,WOMEN AND THE COMMUNITY RECEIVE K2, 132,|Municipal planning, service delivery, and council oversight|info@lusangazicouncil.gov.zm
DEPT-LUS-699|munity grants empowerment, 326 applications|Municipal planning, service delivery, and council oversight|info@lusangazicouncil.gov.zm
DEPT-LUS-700|for the opportunity accorded to them through CDF community e|Municipal planning, service delivery, and council oversight|info@lusangazicouncil.gov.zm
DEPT-LUS-701|Fund in 2022 for youths, women and community grants empowerm|Municipal planning, service delivery, and council oversight|info@lusangazicouncil.gov.zm
DEPT-LUS-702|2022 WOMEN, YOUTH AND COMMUNITY EMPOWERMENT GRANTS|Municipal planning, service delivery, and council oversight|info@lusangazicouncil.gov.zm
DEPT-LUS-703|munity members using the 2022 CDF empowerment Loans .|Municipal planning, service delivery, and council oversight|info@lusangazicouncil.gov.zm
DEPT-LUS-704|Lusangazi Districts gives the critical opportunities|Municipal planning, service delivery, and council oversight|info@lusangazicouncil.gov.zm
DEPT-LUS-705|7. The communities of both Petauke and Lusangazi|Municipal planning, service delivery, and council oversight|info@lusangazicouncil.gov.zm
DEPT-LUS-706|PART TWO – PLANNING SURVEY AND ISSUES REPORT................|Municipal planning, service delivery, and council oversight|info@lusangazicouncil.gov.zm
DEPT-LUS-707|Figure 4.1: Map Showing the Agro- Ecological Regions (Source|Municipal planning, service delivery, and council oversight|info@lusangazicouncil.gov.zm
DEPT-LUS-708|3.3.2 Community and District Priorities.....................|Municipal planning, service delivery, and council oversight|info@lusangazicouncil.gov.zm
DEPT-LUS-709|6.5.3 Land Use Planning Policies and Proposals to Improve, M|Municipal planning, service delivery, and council oversight|info@lusangazicouncil.gov.zm
DEPT-LUS-710|6.5.4 Land Use Planning Policies and Proposals for Specific|Municipal planning, service delivery, and council oversight|info@lusangazicouncil.gov.zm
DEPT-LUS-711|6.5.6 Land Use Planning Policies and Proposals for Informal|Municipal planning, service delivery, and council oversight|info@lusangazicouncil.gov.zm
DEPT-LUS-712|6.5.7 Land Use Planning Policies and Proposals for Areas und|Municipal planning, service delivery, and council oversight|info@lusangazicouncil.gov.zm
DEPT-LUS-713|PLANNING ACTIVITIES IN PETAUKE..............................|Municipal planning, service delivery, and council oversight|info@lusangazicouncil.gov.zm
DEPT-LUS-714|PLANNING ACTIVITIES IN LUSANGAZI DISTRICT...................|Municipal planning, service delivery, and council oversight|info@lusangazicouncil.gov.zm
DEPT-LUS-715|Community Forest Management Committees|Municipal planning, service delivery, and council oversight|info@lusangazicouncil.gov.zm
DEPT-LUS-716|Community Resource Board|Municipal planning, service delivery, and council oversight|info@lusangazicouncil.gov.zm
DEPT-LUS-717|Planning Survey and Issues Report|Municipal planning, service delivery, and council oversight|info@lusangazicouncil.gov.zm
DEPT-LUS-718|Urban and Regional Planning|Municipal planning, service delivery, and council oversight|info@lusangazicouncil.gov.zm
DEPT-LUS-719|Zambian Meteorological Department|Municipal planning, service delivery, and council oversight|info@lusangazicouncil.gov.zm
DEPT-LUS-720|accordance with the Urban and Regional Planning (URP) Act No|Municipal planning, service delivery, and council oversight|info@lusangazicouncil.gov.zm
DEPT-LUS-721|be the principal planning instrument to guide and inform all|Municipal planning, service delivery, and council oversight|info@lusangazicouncil.gov.zm
DEPT-LUS-722|development in the area of the local authority and all plann|Municipal planning, service delivery, and council oversight|info@lusangazicouncil.gov.zm
DEPT-LUS-723|planning authority”. This is therefore a joint IDP prepared|Municipal planning, service delivery, and council oversight|info@lusangazicouncil.gov.zm
DEPT-LUS-724|The Joint IDP has three main parts, namely: Planning Survey|Municipal planning, service delivery, and council oversight|info@lusangazicouncil.gov.zm
DEPT-LUS-725|PART TWO – PLANNING SURVEY AND ISSUES REPORT|Municipal planning, service delivery, and council oversight|info@lusangazicouncil.gov.zm
DEPT-LUS-726|for development agenda which focuses more on education, econ|Municipal planning, service delivery, and council oversight|info@lusangazicouncil.gov.zm
DEPT-LUS-727|planning for the Integrated Development Plan (IDP). Table 2|Municipal planning, service delivery, and council oversight|info@lusangazicouncil.gov.zm
DEPT-LUS-728|provides numerous business opportunities as it leads to incr|Municipal planning, service delivery, and council oversight|info@lusangazicouncil.gov.zm
DEPT-LUS-729|economic opportunities and other social needs skewed towards|Municipal planning, service delivery, and council oversight|info@lusangazicouncil.gov.zm
DEPT-LUS-730|community level, annual work plans are aligned to these docu|Municipal planning, service delivery, and council oversight|info@lusangazicouncil.gov.zm
DEPT-LUS-731|skilled staff were recruited and intensified community aware|Municipal planning, service delivery, and council oversight|info@lusangazicouncil.gov.zm
DEPT-LUS-732|Table 3.2: Community analysis of Health Facilities in Petauk|Municipal planning, service delivery, and council oversight|info@lusangazicouncil.gov.zm
DEPT-LUS-733|the Community|Municipal planning, service delivery, and council oversight|info@lusangazicouncil.gov.zm
DEPT-LUS-734|While the policy is being implemented a number of girls tend|Municipal planning, service delivery, and council oversight|info@lusangazicouncil.gov.zm
DEPT-LUS-735|and 35 Private and Community Schools). In terms of tertiary|Municipal planning, service delivery, and council oversight|info@lusangazicouncil.gov.zm
DEPT-LUS-736|The following issues were advanced by the communities during|Municipal planning, service delivery, and council oversight|info@lusangazicouncil.gov.zm
DEPT-LUS-737|Table 3.3: Community analysis of Education Facilities in Pet|Municipal planning, service delivery, and council oversight|info@lusangazicouncil.gov.zm
DEPT-LUS-738|schools and 35 Private and Community Schools). Considering a|Municipal planning, service delivery, and council oversight|info@lusangazicouncil.gov.zm
DEPT-LUS-739|Construction of Edgar Chagwa Lungu Community School|Municipal planning, service delivery, and council oversight|info@lusangazicouncil.gov.zm
DEPT-LUS-740|Lack of dams in most communities and seasonal streams has mo|Municipal planning, service delivery, and council oversight|info@lusangazicouncil.gov.zm
DEPT-LUS-741|Nation, especially forest dependent communities (Zambia Nati|Municipal planning, service delivery, and council oversight|info@lusangazicouncil.gov.zm
DEPT-LUS-742|Community Forest under COMACO in Nyamphande and a Game Manag|Municipal planning, service delivery, and council oversight|info@lusangazicouncil.gov.zm
DEPT-LUS-743|Offices (DFOs) in both Petauke and Lusangazi whilst the comm|Municipal planning, service delivery, and council oversight|info@lusangazicouncil.gov.zm
DEPT-LUS-744|managed by Community Forest Management Committees (CFMCs). S|Municipal planning, service delivery, and council oversight|info@lusangazicouncil.gov.zm
DEPT-LUS-745|forestry department reveals that all the forests in the dist|Municipal planning, service delivery, and council oversight|info@lusangazicouncil.gov.zm
DEPT-LUS-746|assessments conducted by the department of National Parks an|Municipal planning, service delivery, and council oversight|info@lusangazicouncil.gov.zm
DEPT-LUS-747|Table 3.4: Current Status of Local and National Forests in t|Municipal planning, service delivery, and council oversight|info@lusangazicouncil.gov.zm
DEPT-LUS-748|community school which|Municipal planning, service delivery, and council oversight|info@lusangazicouncil.gov.zm
DEPT-LUS-749|Lack of community forests in all the chiefdoms|Municipal planning, service delivery, and council oversight|info@lusangazicouncil.gov.zm
DEPT-LUS-750|lack land use planning|Municipal planning, service delivery, and council oversight|info@lusangazicouncil.gov.zm
DEPT-LUS-751|Land planning for agricultural activities|Municipal planning, service delivery, and council oversight|info@lusangazicouncil.gov.zm
DEPT-LUS-752|Creation of community forests in all the chiefdoms|Municipal planning, service delivery, and council oversight|info@lusangazicouncil.gov.zm
DEPT-LUS-753|aggressive campaigns to sensitise the communities on the val|Municipal planning, service delivery, and council oversight|info@lusangazicouncil.gov.zm
DEPT-LUS-754|authority, Eastern Water and Sewerage Company and Department|Municipal planning, service delivery, and council oversight|info@lusangazicouncil.gov.zm
DEPT-LUS-755|The Council is mandated to provide safe and clean water to t|Municipal planning, service delivery, and council oversight|info@lusangazicouncil.gov.zm
DEPT-LUS-756|clean and safe water to communities.|Municipal planning, service delivery, and council oversight|info@lusangazicouncil.gov.zm
DEPT-LUS-757|services both Lusangazi and Petauke districts. The area has|Municipal planning, service delivery, and council oversight|info@lusangazicouncil.gov.zm
DEPT-LUS-758|is produced by the rural communities and sold in the urban a|Municipal planning, service delivery, and council oversight|info@lusangazicouncil.gov.zm
DEPT-LUS-759|Given the lack industrialisation, there are less job opportu|Municipal planning, service delivery, and council oversight|info@lusangazicouncil.gov.zm
DEPT-LUS-760|Lusangazi and the community managed forests, rivers, mountai|Municipal planning, service delivery, and council oversight|info@lusangazicouncil.gov.zm
DEPT-LUS-761|Strengthen local community participation and commitments, an|Municipal planning, service delivery, and council oversight|info@lusangazicouncil.gov.zm
DEPT-LUS-762|Training of community members on how to raise tree nurseries|Municipal planning, service delivery, and council oversight|info@lusangazicouncil.gov.zm
DEPT-LUS-763|community woodlots.|Municipal planning, service delivery, and council oversight|info@lusangazicouncil.gov.zm
DEPT-LUS-764|The Zambian Meteorological Department (ZMD) is the primary w|Municipal planning, service delivery, and council oversight|info@lusangazicouncil.gov.zm
DEPT-LUS-765|Department- 2020)|Municipal planning, service delivery, and council oversight|info@lusangazicouncil.gov.zm
DEPT-LUS-766|Loss of livelihood (income opportunities and generate carbon|Municipal planning, service delivery, and council oversight|info@lusangazicouncil.gov.zm
DEPT-LUS-767|opportunities|Municipal planning, service delivery, and council oversight|info@lusangazicouncil.gov.zm
DEPT-LUS-768|Inadequate housing units|Municipal planning, service delivery, and council oversight|info@lusangazicouncil.gov.zm
DEPT-LUS-769|raised by the s communities of both Petauke and Lusangazi di|Municipal planning, service delivery, and council oversight|info@lusangazicouncil.gov.zm
DEPT-LUS-770|focuses on building ‘Sustainable Cities and Communities- i.e|Municipal planning, service delivery, and council oversight|info@lusangazicouncil.gov.zm
DEPT-LUS-771|development. The development of the joint IDP therefore prov|Municipal planning, service delivery, and council oversight|info@lusangazicouncil.gov.zm
DEPT-LUS-772|forest dependent communities with focus on: attainment of Su|Municipal planning, service delivery, and council oversight|info@lusangazicouncil.gov.zm
DEPT-LUS-773|Involvement of the community in the Conservation of wildlife|Municipal planning, service delivery, and council oversight|info@lusangazicouncil.gov.zm
DEPT-LUS-774|through the promotion of community resource boards (CRB)|Municipal planning, service delivery, and council oversight|info@lusangazicouncil.gov.zm
DEPT-LUS-775|Promote construct affordable and accessible housing units us|Municipal planning, service delivery, and council oversight|info@lusangazicouncil.gov.zm
DEPT-LUS-776|departments|Municipal planning, service delivery, and council oversight|info@lusangazicouncil.gov.zm
DEPT-LUS-777|3.3.2 Community and District Priorities|Municipal planning, service delivery, and council oversight|info@lusangazicouncil.gov.zm
DEPT-LUS-778|Creation of Community Forests|Municipal planning, service delivery, and council oversight|info@lusangazicouncil.gov.zm
DEPT-LUS-779|Creation of Community|Municipal planning, service delivery, and council oversight|info@lusangazicouncil.gov.zm
DEPT-LUS-780|Community Forests|Municipal planning, service delivery, and council oversight|info@lusangazicouncil.gov.zm
DEPT-LUS-781|Creation of Community|Municipal planning, service delivery, and council oversight|info@lusangazicouncil.gov.zm
DEPT-LUS-782|Administration|Municipal planning, service delivery, and council oversight|info@lusangazicouncil.gov.zm
DEPT-LUS-783|administration block|Municipal planning, service delivery, and council oversight|info@lusangazicouncil.gov.zm
DEPT-LUS-784|Area Plans, Re-planning|Municipal planning, service delivery, and council oversight|info@lusangazicouncil.gov.zm
DEPT-LUS-785|administration|Municipal planning, service delivery, and council oversight|info@lusangazicouncil.gov.zm
DEPT-LUS-786|8. Creation of community forests|Municipal planning, service delivery, and council oversight|info@lusangazicouncil.gov.zm
DEPT-LUS-787|communities|Municipal planning, service delivery, and council oversight|info@lusangazicouncil.gov.zm
DEPT-LUS-788|18 Re-planning|Municipal planning, service delivery, and council oversight|info@lusangazicouncil.gov.zm
DEPT-LUS-789|24 Housing Units|Municipal planning, service delivery, and council oversight|info@lusangazicouncil.gov.zm
DEPT-LUS-790|Creation of Community|Municipal planning, service delivery, and council oversight|info@lusangazicouncil.gov.zm
DEPT-LUS-791|community resource|Municipal planning, service delivery, and council oversight|info@lusangazicouncil.gov.zm
DEPT-LUS-792|through community|Municipal planning, service delivery, and council oversight|info@lusangazicouncil.gov.zm
DEPT-LUS-793|Creation of Community|Municipal planning, service delivery, and council oversight|info@lusangazicouncil.gov.zm
DEPT-LUS-794|housing units|Municipal planning, service delivery, and council oversight|info@lusangazicouncil.gov.zm
DEPT-LUS-795|Administration Blocks|Municipal planning, service delivery, and council oversight|info@lusangazicouncil.gov.zm
DEPT-LUS-796|To promote spatial planning for climate smart investments|Municipal planning, service delivery, and council oversight|info@lusangazicouncil.gov.zm
DEPT-LUS-797|Area Plans, Re-planning|Municipal planning, service delivery, and council oversight|info@lusangazicouncil.gov.zm
DEPT-LUS-798|departments|Municipal planning, service delivery, and council oversight|info@lusangazicouncil.gov.zm
DEPT-LUS-799|government departments|Municipal planning, service delivery, and council oversight|info@lusangazicouncil.gov.zm
DEPT-LUS-800|decisions in the IDP area that involve the use and developme|Municipal planning, service delivery, and council oversight|info@lusangazicouncil.gov.zm
DEPT-LUS-801|planning agreements have to be made to have these areas plan|Municipal planning, service delivery, and council oversight|info@lusangazicouncil.gov.zm
DEPT-LUS-802|improving the sub centers through planning agreements with t|Municipal planning, service delivery, and council oversight|info@lusangazicouncil.gov.zm
DEPT-LUS-803|6.5.3 Land Use Planning Policies and Proposals to Improve, M|Municipal planning, service delivery, and council oversight|info@lusangazicouncil.gov.zm
DEPT-LUS-804|The Urban and Regional Planning (URP) Act of 2015states that|Municipal planning, service delivery, and council oversight|info@lusangazicouncil.gov.zm
DEPT-LUS-805|developed as part of the planning function to enhance the be|Municipal planning, service delivery, and council oversight|info@lusangazicouncil.gov.zm
DEPT-LUS-806|ten years engage with the traditional leaders and the commun|Municipal planning, service delivery, and council oversight|info@lusangazicouncil.gov.zm
DEPT-LUS-807|protected to avoid unnecessary encroachment by carrying out|Municipal planning, service delivery, and council oversight|info@lusangazicouncil.gov.zm
DEPT-LUS-808|in hand also with the Traditional leaders and the community.|Municipal planning, service delivery, and council oversight|info@lusangazicouncil.gov.zm
DEPT-LUS-809|6.5.4 Land Use Planning Policies and Proposals for Specific|Municipal planning, service delivery, and council oversight|info@lusangazicouncil.gov.zm
DEPT-LUS-810|principal planning instrument to guide and inform all planni|Municipal planning, service delivery, and council oversight|info@lusangazicouncil.gov.zm
DEPT-LUS-811|of the local authority and all planning decisions of a Plann|Municipal planning, service delivery, and council oversight|info@lusangazicouncil.gov.zm
DEPT-LUS-812|6.5.5 Land Use Planning Policies and Proposals for the Prote|Municipal planning, service delivery, and council oversight|info@lusangazicouncil.gov.zm
DEPT-LUS-813|spatial development and planning, also includes|Municipal planning, service delivery, and council oversight|info@lusangazicouncil.gov.zm
DEPT-LUS-814|province level, and also incorporates planning guidelines fo|Municipal planning, service delivery, and council oversight|info@lusangazicouncil.gov.zm
DEPT-LUS-815|6.5.6 Land Use Planning Policies and Proposals for Informal|Municipal planning, service delivery, and council oversight|info@lusangazicouncil.gov.zm
DEPT-LUS-816|responsible the activity. The Act further states that a plan|Municipal planning, service delivery, and council oversight|info@lusangazicouncil.gov.zm
DEPT-LUS-817|Improvement Area. The re-planning will include carrying out|Municipal planning, service delivery, and council oversight|info@lusangazicouncil.gov.zm
DEPT-LUS-818|amenity as it may consider necessary or desirable. The cost|Municipal planning, service delivery, and council oversight|info@lusangazicouncil.gov.zm
DEPT-LUS-819|Lusangazi Town Council is currently not a planning authority|Municipal planning, service delivery, and council oversight|info@lusangazicouncil.gov.zm
DEPT-LUS-820|of the re planned areas will be done by the Eastern Provinci|Municipal planning, service delivery, and council oversight|info@lusangazicouncil.gov.zm
DEPT-LUS-821|Petauke Town Council is a planning authority, hence approval|Municipal planning, service delivery, and council oversight|info@lusangazicouncil.gov.zm
DEPT-LUS-822|intend to assist in re-planning of the informal areas, where|Municipal planning, service delivery, and council oversight|info@lusangazicouncil.gov.zm
DEPT-LUS-823|6.5.7 Land Use Planning Policies and Proposals for Areas und|Municipal planning, service delivery, and council oversight|info@lusangazicouncil.gov.zm
DEPT-LUS-824|there will be surety that the use of planning policies and p|Municipal planning, service delivery, and council oversight|info@lusangazicouncil.gov.zm
DEPT-LUS-825|that community members in Petauke district proposed that onc|Municipal planning, service delivery, and council oversight|info@lusangazicouncil.gov.zm
DEPT-LUS-826|the issues highlighted in the Planning Survey and Issues Rep|Municipal planning, service delivery, and council oversight|info@lusangazicouncil.gov.zm
DEPT-LUS-827|Creation of Community Forests|Municipal planning, service delivery, and council oversight|info@lusangazicouncil.gov.zm
DEPT-LUS-828|Creation of Community Forests|Municipal planning, service delivery, and council oversight|info@lusangazicouncil.gov.zm
DEPT-LUS-829|Creation of Community Forests|Municipal planning, service delivery, and council oversight|info@lusangazicouncil.gov.zm
DEPT-LUS-830|Creation of Community Forests|Municipal planning, service delivery, and council oversight|info@lusangazicouncil.gov.zm
DEPT-LUS-831|Development of 500 housing units|Municipal planning, service delivery, and council oversight|info@lusangazicouncil.gov.zm
DEPT-LUS-832|District Administration Block|Municipal planning, service delivery, and council oversight|info@lusangazicouncil.gov.zm
DEPT-LUS-833|planning and Upgrading of Settlements|Municipal planning, service delivery, and council oversight|info@lusangazicouncil.gov.zm
DEPT-LUS-834|DETAILED PLANNING ACTIVITIES IN PETAUKE|Municipal planning, service delivery, and council oversight|info@lusangazicouncil.gov.zm
DEPT-LUS-835|encompass customary areas where the Council will go into pla|Municipal planning, service delivery, and council oversight|info@lusangazicouncil.gov.zm
DEPT-LUS-836|The LAPs for the proposed settlements and the detailed propo|Municipal planning, service delivery, and council oversight|info@lusangazicouncil.gov.zm
DEPT-LUS-837|7.1.5.2 Detailed Planning Activities|Municipal planning, service delivery, and council oversight|info@lusangazicouncil.gov.zm
DEPT-LUS-838|The following table highlights the detailed planning activit|Municipal planning, service delivery, and council oversight|info@lusangazicouncil.gov.zm
DEPT-LUS-839|the planning area and neighboring areas.|Municipal planning, service delivery, and council oversight|info@lusangazicouncil.gov.zm
DEPT-LUS-840|Planning Survey and Issues|Municipal planning, service delivery, and council oversight|info@lusangazicouncil.gov.zm
DEPT-LUS-841|Preparation of Planning Survey and Issues|Municipal planning, service delivery, and council oversight|info@lusangazicouncil.gov.zm
DEPT-LUS-842|Land-use Plan, Planning Survey and Issues|Municipal planning, service delivery, and council oversight|info@lusangazicouncil.gov.zm
DEPT-LUS-843|use plan, Planning Survey and Issues Report,|Municipal planning, service delivery, and council oversight|info@lusangazicouncil.gov.zm
DEPT-LUS-844|the platform for planning of the project implementation in t|Municipal planning, service delivery, and council oversight|info@lusangazicouncil.gov.zm
DEPT-LUS-845|Number of Community|Municipal planning, service delivery, and council oversight|info@lusangazicouncil.gov.zm
DEPT-LUS-846|the community in|Municipal planning, service delivery, and council oversight|info@lusangazicouncil.gov.zm
DEPT-LUS-847|Number of Community|Municipal planning, service delivery, and council oversight|info@lusangazicouncil.gov.zm
DEPT-LUS-848|housing units|Municipal planning, service delivery, and council oversight|info@lusangazicouncil.gov.zm
DEPT-LUS-849|Administration|Municipal planning, service delivery, and council oversight|info@lusangazicouncil.gov.zm
DEPT-LUS-850|Administration Blocks|Municipal planning, service delivery, and council oversight|info@lusangazicouncil.gov.zm
DEPT-LUS-851|To promote spatial planning for climate smart investments|Municipal planning, service delivery, and council oversight|info@lusangazicouncil.gov.zm
DEPT-LUS-852|Re-planning and|Municipal planning, service delivery, and council oversight|info@lusangazicouncil.gov.zm
DEPT-LUS-853|departments|Municipal planning, service delivery, and council oversight|info@lusangazicouncil.gov.zm
DEPT-LUS-854|departments|Municipal planning, service delivery, and council oversight|info@lusangazicouncil.gov.zm
DEPT-LUS-855|The following tables defines the identified projects that co|Municipal planning, service delivery, and council oversight|info@lusangazicouncil.gov.zm
DEPT-LUS-856|Planning Survey and Issues Report. For detailed programme re|Municipal planning, service delivery, and council oversight|info@lusangazicouncil.gov.zm
DEPT-LUS-857|Creation of Community Forests|Municipal planning, service delivery, and council oversight|info@lusangazicouncil.gov.zm
DEPT-LUS-858|Construction of administration offices|Municipal planning, service delivery, and council oversight|info@lusangazicouncil.gov.zm
DEPT-LUS-859|Creation of community forests|Municipal planning, service delivery, and council oversight|info@lusangazicouncil.gov.zm
DEPT-LUS-860|Development of Local Area Plans- Re-planning and Upgrading o|Municipal planning, service delivery, and council oversight|info@lusangazicouncil.gov.zm
DEPT-LUS-861|DETAILED PLANNING ACTIVITIES IN LUSANGAZI DISTRICT|Municipal planning, service delivery, and council oversight|info@lusangazicouncil.gov.zm
DEPT-LUS-862|encompass customary areas where the Council will go into pla|Municipal planning, service delivery, and council oversight|info@lusangazicouncil.gov.zm
DEPT-LUS-863|The LAPs for the proposed settlements and the detailed propo|Municipal planning, service delivery, and council oversight|info@lusangazicouncil.gov.zm
DEPT-LUS-864|Housing units(50)|Municipal planning, service delivery, and council oversight|info@lusangazicouncil.gov.zm
DEPT-LUS-865|7.2.5.2 Detailed Planning Activities|Municipal planning, service delivery, and council oversight|info@lusangazicouncil.gov.zm
DEPT-LUS-866|The following table highlights the detailed planning activit|Municipal planning, service delivery, and council oversight|info@lusangazicouncil.gov.zm
DEPT-LUS-867|the planning area and neighboring areas.|Municipal planning, service delivery, and council oversight|info@lusangazicouncil.gov.zm
DEPT-LUS-868|Planning Survey and Issues|Municipal planning, service delivery, and council oversight|info@lusangazicouncil.gov.zm
DEPT-LUS-869|Preparation of Planning Survey and Issues|Municipal planning, service delivery, and council oversight|info@lusangazicouncil.gov.zm
DEPT-LUS-870|Land-use Plan, Planning Survey and Issues|Municipal planning, service delivery, and council oversight|info@lusangazicouncil.gov.zm
DEPT-LUS-871|use plan, Planning Survey and Issues Report,|Municipal planning, service delivery, and council oversight|info@lusangazicouncil.gov.zm
DEPT-LUS-872|project the platform for planning of the project implementat|Municipal planning, service delivery, and council oversight|info@lusangazicouncil.gov.zm
DEPT-LUS-873|Number of Community|Municipal planning, service delivery, and council oversight|info@lusangazicouncil.gov.zm
DEPT-LUS-874|the community in|Municipal planning, service delivery, and council oversight|info@lusangazicouncil.gov.zm
DEPT-LUS-875|Community Forests|Municipal planning, service delivery, and council oversight|info@lusangazicouncil.gov.zm
DEPT-LUS-876|housing units|Municipal planning, service delivery, and council oversight|info@lusangazicouncil.gov.zm
DEPT-LUS-877|Administration|Municipal planning, service delivery, and council oversight|info@lusangazicouncil.gov.zm
DEPT-LUS-878|Administration Blocks|Municipal planning, service delivery, and council oversight|info@lusangazicouncil.gov.zm
DEPT-LUS-879|To promote spatial planning for climate smart investments|Municipal planning, service delivery, and council oversight|info@lusangazicouncil.gov.zm
DEPT-LUS-880|Re-planning and|Municipal planning, service delivery, and council oversight|info@lusangazicouncil.gov.zm
DEPT-LUS-881|departments|Municipal planning, service delivery, and council oversight|info@lusangazicouncil.gov.zm
DEPT-LUS-882|departments|Municipal planning, service delivery, and council oversight|info@lusangazicouncil.gov.zm
DEPT-LUS-883|levels thus, the Planning Survey and Issues Report, Developm|Municipal planning, service delivery, and council oversight|info@lusangazicouncil.gov.zm
DEPT-LUS-884|Planning Survey and Issues Report|Municipal planning, service delivery, and council oversight|info@lusangazicouncil.gov.zm
DEPT-LUS-885|The development of the Planning Survey and Issues Report sta|Municipal planning, service delivery, and council oversight|info@lusangazicouncil.gov.zm
DEPT-LUS-886|desk analysis and review of available data and then going in|Municipal planning, service delivery, and council oversight|info@lusangazicouncil.gov.zm
DEPT-LUS-887|vital data on the challenges communities go through. The key|Municipal planning, service delivery, and council oversight|info@lusangazicouncil.gov.zm
DEPT-LUS-888|IDP technical team and came up with solid issues and challen|Municipal planning, service delivery, and council oversight|info@lusangazicouncil.gov.zm
DEPT-LUS-889|the communities of Petauke and Lusangazi and together with t|Municipal planning, service delivery, and council oversight|info@lusangazicouncil.gov.zm
DEPT-LUS-890|key issues which came from different communities. Then the I|Municipal planning, service delivery, and council oversight|info@lusangazicouncil.gov.zm
DEPT-LUS-891|with communities strategically developed projects and activi|Municipal planning, service delivery, and council oversight|info@lusangazicouncil.gov.zm
DEPT-LUS-892|key issues and challenges of the communities, through a high|Municipal planning, service delivery, and council oversight|info@lusangazicouncil.gov.zm
DEPT-LUS-893|process. Further the communities with support from the IDP t|Municipal planning, service delivery, and council oversight|info@lusangazicouncil.gov.zm
DEPT-LUS-894|projects according to priority needs of respective communiti|Municipal planning, service delivery, and council oversight|info@lusangazicouncil.gov.zm
DEPT-LUS-895|The Urban and Regional Planning Act, 2015|Municipal planning, service delivery, and council oversight|info@lusangazicouncil.gov.zm
DEPT-LUS-896|District Administration|Municipal planning, service delivery, and council oversight|info@lusangazicouncil.gov.zm
DEPT-LUS-897|Department of Forestry|Municipal planning, service delivery, and council oversight|info@lusangazicouncil.gov.zm
DEPT-LUS-898|Department of Chiefs|Municipal planning, service delivery, and council oversight|info@lusangazicouncil.gov.zm
DEPT-LUS-899|Assistant Community|Municipal planning, service delivery, and council oversight|info@lusangazicouncil.gov.zm
DEPT-LUS-900|Department Of|Municipal planning, service delivery, and council oversight|info@lusangazicouncil.gov.zm
DEPT-LUS-901|Department Of Social|Municipal planning, service delivery, and council oversight|info@lusangazicouncil.gov.zm
DEPT-LUS-902|Department of national|Municipal planning, service delivery, and council oversight|info@lusangazicouncil.gov.zm
DEPT-LUS-903|Department of fisheries|Municipal planning, service delivery, and council oversight|info@lusangazicouncil.gov.zm
DEPT-LUS-904|Department of National|Municipal planning, service delivery, and council oversight|info@lusangazicouncil.gov.zm
DEPT-LUS-905|Department Of Social|Municipal planning, service delivery, and council oversight|info@lusangazicouncil.gov.zm
DEPT-LUS-906|Creation of Community Forests|Municipal planning, service delivery, and council oversight|info@lusangazicouncil.gov.zm
DEPT-LUS-907|Creation of Community Forests|Municipal planning, service delivery, and council oversight|info@lusangazicouncil.gov.zm
DEPT-LUS-908|Creation of Community Forests|Municipal planning, service delivery, and council oversight|info@lusangazicouncil.gov.zm
DEPT-LUS-909|Creation of Community Forests|Municipal planning, service delivery, and council oversight|info@lusangazicouncil.gov.zm
DEPT-LUS-910|Development of 500 housing units|Municipal planning, service delivery, and council oversight|info@lusangazicouncil.gov.zm
DEPT-LUS-911|District Administration Block – CBD|Municipal planning, service delivery, and council oversight|info@lusangazicouncil.gov.zm
DEPT-LUS-912|Re-planning and Upgrading of|Municipal planning, service delivery, and council oversight|info@lusangazicouncil.gov.zm
DEPT-LUS-913|Creation of Community Forests|Municipal planning, service delivery, and council oversight|info@lusangazicouncil.gov.zm
DEPT-LUS-914|Construction of administration offices|Municipal planning, service delivery, and council oversight|info@lusangazicouncil.gov.zm
DEPT-LUS-915|Creation of community forest|Municipal planning, service delivery, and council oversight|info@lusangazicouncil.gov.zm
DEPT-LUS-916|Creation of community Agro- processing|Municipal planning, service delivery, and council oversight|info@lusangazicouncil.gov.zm
DEPT-LUS-917|planning and upgrading of settlements|Municipal planning, service delivery, and council oversight|info@lusangazicouncil.gov.zm
DEPT-LUS-918|Housing units (50)|Municipal planning, service delivery, and council oversight|info@lusangazicouncil.gov.zm
DEPT-LUS-919|departments and Government agencies|Municipal planning, service delivery, and council oversight|info@lusangazicouncil.gov.zm
DEPT-LUS-920|81. Dissolution of Government ministries, departments and|Municipal planning, service delivery, and council oversight|info@lusangazicouncil.gov.zm
DEPT-LUS-921|institution, department, Government agency, state owned|Municipal planning, service delivery, and council oversight|info@lusangazicouncil.gov.zm
DEPT-LUS-922|(b) ministries, provinces and departments means the|Municipal planning, service delivery, and council oversight|info@lusangazicouncil.gov.zm
DEPT-LUS-923|(b) National Planning and BudgetingAct, 2018;|Municipal planning, service delivery, and council oversight|info@lusangazicouncil.gov.zm
DEPT-LUS-924|department of the Government, the NationalAssembly, the|Municipal planning, service delivery, and council oversight|info@lusangazicouncil.gov.zm
DEPT-LUS-925|department in an appropriation Act and is separately|Municipal planning, service delivery, and council oversight|info@lusangazicouncil.gov.zm
DEPT-LUS-926|accounting units in ministries, departments, Government|Municipal planning, service delivery, and council oversight|info@lusangazicouncil.gov.zm
DEPT-LUS-927|staff to the units referred to in paragraph (k) and ensure|Municipal planning, service delivery, and council oversight|info@lusangazicouncil.gov.zm
DEPT-LUS-928|systems in ministries, departments and Government|Municipal planning, service delivery, and council oversight|info@lusangazicouncil.gov.zm
DEPT-LUS-929|accounting and internal audit units in public bodies to|Municipal planning, service delivery, and council oversight|info@lusangazicouncil.gov.zm
DEPT-LUS-930|deconcentrated to the ministries, provinces, departments and|Municipal planning, service delivery, and council oversight|info@lusangazicouncil.gov.zm
DEPT-LUS-931|ministries, departments and Government agencies|Municipal planning, service delivery, and council oversight|info@lusangazicouncil.gov.zm
DEPT-LUS-932|or department or service for which such head is provided.|Municipal planning, service delivery, and council oversight|info@lusangazicouncil.gov.zm
DEPT-LUS-933|(1) A controlling officer is responsible for planning and|Municipal planning, service delivery, and council oversight|info@lusangazicouncil.gov.zm
DEPT-LUS-934|and planning requirements of the National Planning and|Municipal planning, service delivery, and council oversight|info@lusangazicouncil.gov.zm
DEPT-LUS-935|department who contravenes or fails to comply with the|Municipal planning, service delivery, and council oversight|info@lusangazicouncil.gov.zm
DEPT-LUS-936|the National Planning and Budget Act, 2018; and|Municipal planning, service delivery, and council oversight|info@lusangazicouncil.gov.zm
DEPT-LUS-937|the proper administration of thisAct.|Municipal planning, service delivery, and council oversight|info@lusangazicouncil.gov.zm
DEPT-LUS-938|necessary for the proper administration of this Act.|Municipal planning, service delivery, and council oversight|info@lusangazicouncil.gov.zm
DEPT-LUS-939|necessary for the proper administration of this Act.|Municipal planning, service delivery, and council oversight|info@lusangazicouncil.gov.zm
DEPT-LUS-940|two hundred thousand penalty units or to imprisonment for a|Municipal planning, service delivery, and council oversight|info@lusangazicouncil.gov.zm
DEPT-LUS-941|ministry, department and Government agency that shall form p|Municipal planning, service delivery, and council oversight|info@lusangazicouncil.gov.zm
DEPT-LUS-942|such other departments or individual; or|Municipal planning, service delivery, and council oversight|info@lusangazicouncil.gov.zm
DEPT-LUS-943|(b) provide imprest accounts for use of departments or|Municipal planning, service delivery, and council oversight|info@lusangazicouncil.gov.zm
DEPT-LUS-944|(d) head of procurement and supplies unit;|Municipal planning, service delivery, and council oversight|info@lusangazicouncil.gov.zm
DEPT-LUS-945|appoint a special committee of survey for any ministry, depa|Municipal planning, service delivery, and council oversight|info@lusangazicouncil.gov.zm
DEPT-LUS-946|(a) the head of human resource and administration, as the|Municipal planning, service delivery, and council oversight|info@lusangazicouncil.gov.zm
DEPT-LUS-947|be incorporated in those of a department designated by theTr|Municipal planning, service delivery, and council oversight|info@lusangazicouncil.gov.zm
DEPT-LUS-948|responsible for the financial administration of any public|Municipal planning, service delivery, and council oversight|info@lusangazicouncil.gov.zm
DEPT-LUS-949|thousand penalty units, or to imprisonment for a term not ex|Municipal planning, service delivery, and council oversight|info@lusangazicouncil.gov.zm
DEPT-LUS-950|Act shall be given an opportunity to make representations wi|Municipal planning, service delivery, and council oversight|info@lusangazicouncil.gov.zm
DEPT-LUS-951|Acontrolling officer for aministry, department,Government|Municipal planning, service delivery, and council oversight|info@lusangazicouncil.gov.zm
DEPT-LUS-952|there is an establishment or merger of ministries, departmen|Municipal planning, service delivery, and council oversight|info@lusangazicouncil.gov.zm
DEPT-LUS-953|(b) accountabilityof the resources for the ministry, departm|Municipal planning, service delivery, and council oversight|info@lusangazicouncil.gov.zm
DEPT-LUS-954|departments|Municipal planning, service delivery, and council oversight|info@lusangazicouncil.gov.zm
DEPT-LUS-955|(2) Where a ministry, department and Government agency is|Municipal planning, service delivery, and council oversight|info@lusangazicouncil.gov.zm
DEPT-LUS-956|(a) quantify the cost of the established ministry, departmen|Municipal planning, service delivery, and council oversight|info@lusangazicouncil.gov.zm
DEPT-LUS-957|ministry, department and Government agency.|Municipal planning, service delivery, and council oversight|info@lusangazicouncil.gov.zm
DEPT-LUS-958|event of dissolution of ministry, department or Government a|Municipal planning, service delivery, and council oversight|info@lusangazicouncil.gov.zm
DEPT-LUS-959|ministry, Department and Government agency; and|Municipal planning, service delivery, and council oversight|info@lusangazicouncil.gov.zm
DEPT-LUS-960|liabilities of the dissolved ministry, department or|Municipal planning, service delivery, and council oversight|info@lusangazicouncil.gov.zm
DEPT-LUS-961|referred to insubsection (1) (b) among other ministries, dep|Municipal planning, service delivery, and council oversight|info@lusangazicouncil.gov.zm
DEPT-LUS-962|departments|Municipal planning, service delivery, and council oversight|info@lusangazicouncil.gov.zm
DEPT-LUS-963|penalty units, or a term of imprisonment not exceeding five|Municipal planning, service delivery, and council oversight|info@lusangazicouncil.gov.zm
DEPT-LUS-964|penalty units or to imprisonment for a termnot exceeding two|Municipal planning, service delivery, and council oversight|info@lusangazicouncil.gov.zm
DEPT-LUS-965|(i) the administration of the Treasury Single Account;|Municipal planning, service delivery, and council oversight|info@lusangazicouncil.gov.zm
DEPT-LUS-966|(l) management or administration of committees, constituted|Municipal planning, service delivery, and council oversight|info@lusangazicouncil.gov.zm
DEPT-LUS-967|units or imprisonment for a termnot exceeding two years|Municipal planning, service delivery, and council oversight|info@lusangazicouncil.gov.zm
DEPT-LUS-968|19. Communitysolidwastemanagementservices|Municipal planning, service delivery, and council oversight|info@lusangazicouncil.gov.zm
DEPT-LUS-969|21. Director andotherstaff of Department|Municipal planning, service delivery, and council oversight|info@lusangazicouncil.gov.zm
DEPT-LUS-970|25. Publicandcommunitycleaning|Municipal planning, service delivery, and council oversight|info@lusangazicouncil.gov.zm
DEPT-LUS-971|66. Performance of community obligations|Municipal planning, service delivery, and council oversight|info@lusangazicouncil.gov.zm
DEPT-LUS-972|75. Immunity of inspectors|Municipal planning, service delivery, and council oversight|info@lusangazicouncil.gov.zm
DEPT-LUS-973|and regional planning, surveys, occupational safety,|Municipal planning, service delivery, and council oversight|info@lusangazicouncil.gov.zm
DEPT-LUS-974|Department, a local authority, solid waste management|Municipal planning, service delivery, and council oversight|info@lusangazicouncil.gov.zm
DEPT-LUS-975|“ community ” means a group of at least ten urban, peri-|Municipal planning, service delivery, and council oversight|info@lusangazicouncil.gov.zm
DEPT-LUS-976|“ Department ” means the department in the Ministry|Municipal planning, service delivery, and council oversight|info@lusangazicouncil.gov.zm
DEPT-LUS-977|“ development ” means the area in which a gated community,|Municipal planning, service delivery, and council oversight|info@lusangazicouncil.gov.zm
DEPT-LUS-978|Service Commission as the head of the Department;|Municipal planning, service delivery, and council oversight|info@lusangazicouncil.gov.zm
DEPT-LUS-979|An appropriate authority shall consult with the Department|Municipal planning, service delivery, and council oversight|info@lusangazicouncil.gov.zm
DEPT-LUS-980|The Department may, after consultations with an|Municipal planning, service delivery, and council oversight|info@lusangazicouncil.gov.zm
DEPT-LUS-981|facilities, respectively, before the Department issues the|Municipal planning, service delivery, and council oversight|info@lusangazicouncil.gov.zm
DEPT-LUS-982|and Department;|Municipal planning, service delivery, and council oversight|info@lusangazicouncil.gov.zm
DEPT-LUS-983|Department.|Municipal planning, service delivery, and council oversight|info@lusangazicouncil.gov.zm
DEPT-LUS-984|The Department may, in writing, give to the solid waste|Municipal planning, service delivery, and council oversight|info@lusangazicouncil.gov.zm
DEPT-LUS-985|management company directions as the Department considers|Municipal planning, service delivery, and council oversight|info@lusangazicouncil.gov.zm
DEPT-LUS-986|(b) ensure that the department, Ministries responsible for|Municipal planning, service delivery, and council oversight|info@lusangazicouncil.gov.zm
DEPT-LUS-987|(c) ensure that the Department and the Zambia Environmental|Municipal planning, service delivery, and council oversight|info@lusangazicouncil.gov.zm
DEPT-LUS-988|in a solid waste management area shall involve communities i|Municipal planning, service delivery, and council oversight|info@lusangazicouncil.gov.zm
DEPT-LUS-989|solid waste management and consult with village and communit|Municipal planning, service delivery, and council oversight|info@lusangazicouncil.gov.zm
DEPT-LUS-990|communities.|Municipal planning, service delivery, and council oversight|info@lusangazicouncil.gov.zm
DEPT-LUS-991|in communities.|Municipal planning, service delivery, and council oversight|info@lusangazicouncil.gov.zm
DEPT-LUS-992|Environmental Management Agency and Department|Municipal planning, service delivery, and council oversight|info@lusangazicouncil.gov.zm
DEPT-LUS-993|Ministry responsible for health, the Department and a|Municipal planning, service delivery, and council oversight|info@lusangazicouncil.gov.zm
DEPT-LUS-994|penalty units or to imprisonment for a period not exceeding|Municipal planning, service delivery, and council oversight|info@lusangazicouncil.gov.zm
DEPT-LUS-995|The Director shall be the head of the Department|Municipal planning, service delivery, and council oversight|info@lusangazicouncil.gov.zm
DEPT-LUS-996|the Department.|Municipal planning, service delivery, and council oversight|info@lusangazicouncil.gov.zm
DEPT-LUS-997|for the Department that may be necessary for the efficacious|Municipal planning, service delivery, and council oversight|info@lusangazicouncil.gov.zm
DEPT-LUS-998|Department by thisAct or any other written law, relating|Municipal planning, service delivery, and council oversight|info@lusangazicouncil.gov.zm
DEPT-LUS-999|development, urban and regional planning, aviation|Municipal planning, service delivery, and council oversight|info@lusangazicouncil.gov.zm
DEPT-LUS-1000|A person shall participate in community cleaning of public|Municipal planning, service delivery, and council oversight|info@lusangazicouncil.gov.zm
DEPT-LUS-1001|responsibilities, participate in community cleaning and prov|Municipal planning, service delivery, and council oversight|info@lusangazicouncil.gov.zm
DEPT-LUS-1002|public areas and community areas.|Municipal planning, service delivery, and council oversight|info@lusangazicouncil.gov.zm
DEPT-LUS-1003|(a) five hundred thousand penalty units, for an individual;|Municipal planning, service delivery, and council oversight|info@lusangazicouncil.gov.zm
DEPT-LUS-1004|(b) one million penaltyunits, for a corporation, or an indiv|Municipal planning, service delivery, and council oversight|info@lusangazicouncil.gov.zm
DEPT-LUS-1005|hundred thousand penalty units or to imprisonment for a peri|Municipal planning, service delivery, and council oversight|info@lusangazicouncil.gov.zm
DEPT-LUS-1006|hundred thousand penalty units or to imprisonment for a term|Municipal planning, service delivery, and council oversight|info@lusangazicouncil.gov.zm
DEPT-LUS-1007|with the Department, for the provision of solid waste servic|Municipal planning, service delivery, and council oversight|info@lusangazicouncil.gov.zm
DEPT-LUS-1008|notify the Department of the failure, giving reasons for tha|Municipal planning, service delivery, and council oversight|info@lusangazicouncil.gov.zm
DEPT-LUS-1009|provider shall notify the Department, in writing, and surren|Municipal planning, service delivery, and council oversight|info@lusangazicouncil.gov.zm
DEPT-LUS-1010|licence to the Department.|Municipal planning, service delivery, and council oversight|info@lusangazicouncil.gov.zm
DEPT-LUS-1011|the Department, as specified in subsection (1), the licence|Municipal planning, service delivery, and council oversight|info@lusangazicouncil.gov.zm
DEPT-LUS-1012|provider’s licence shall be made to the Department, and the|Municipal planning, service delivery, and council oversight|info@lusangazicouncil.gov.zm
DEPT-LUS-1013|fine not exceeding three hundred thousand penalty units or t|Municipal planning, service delivery, and council oversight|info@lusangazicouncil.gov.zm
DEPT-LUS-1014|The Director may, after giving the licensee an opportunity|Municipal planning, service delivery, and council oversight|info@lusangazicouncil.gov.zm
DEPT-LUS-1015|gated community or housing estate shall apply to the Departm|Municipal planning, service delivery, and council oversight|info@lusangazicouncil.gov.zm
DEPT-LUS-1016|service provider to a gated community or housing estate with|Municipal planning, service delivery, and council oversight|info@lusangazicouncil.gov.zm
DEPT-LUS-1017|A person may apply, to the Department, for a permit to|Municipal planning, service delivery, and council oversight|info@lusangazicouncil.gov.zm
DEPT-LUS-1018|urbanand regional planning,environment managementand theheal|Municipal planning, service delivery, and council oversight|info@lusangazicouncil.gov.zm
DEPT-LUS-1019|hundred thousand penalty units or to imprisonment for a term|Municipal planning, service delivery, and council oversight|info@lusangazicouncil.gov.zm
DEPT-LUS-1020|48. (1) The Department shall establish and maintain a Regist|Municipal planning, service delivery, and council oversight|info@lusangazicouncil.gov.zm
DEPT-LUS-1021|The Department shall ensure that, the register referred to|Municipal planning, service delivery, and council oversight|info@lusangazicouncil.gov.zm
DEPT-LUS-1022|term of appointment, keep the Department and the relevant so|Municipal planning, service delivery, and council oversight|info@lusangazicouncil.gov.zm
DEPT-LUS-1023|Disaster Management and Mitigation Unit and the solid waste|Municipal planning, service delivery, and council oversight|info@lusangazicouncil.gov.zm
DEPT-LUS-1024|conviction, to a fine not exceeding fifty thousand penalty u|Municipal planning, service delivery, and council oversight|info@lusangazicouncil.gov.zm
DEPT-LUS-1025|provider may provide solid waste services to a gated communi|Municipal planning, service delivery, and council oversight|info@lusangazicouncil.gov.zm
DEPT-LUS-1026|to with the developer or residents of that gated community o|Municipal planning, service delivery, and council oversight|info@lusangazicouncil.gov.zm
DEPT-LUS-1027|a gated community, housing estate or similar property.|Municipal planning, service delivery, and council oversight|info@lusangazicouncil.gov.zm
DEPT-LUS-1028|shall undertake community obligations at the direction of th|Municipal planning, service delivery, and council oversight|info@lusangazicouncil.gov.zm
DEPT-LUS-1029|a review of the decision by the Department and, in determini|Municipal planning, service delivery, and council oversight|info@lusangazicouncil.gov.zm
DEPT-LUS-1030|(a) not exceeding twenty thousand penalty units, in the case|Municipal planning, service delivery, and council oversight|info@lusangazicouncil.gov.zm
DEPT-LUS-1031|(b) not exceeding fifty thousand penalty units, in the case|Municipal planning, service delivery, and council oversight|info@lusangazicouncil.gov.zm
DEPT-LUS-1032|units or to imprisonment for a term not exceeding two years,|Municipal planning, service delivery, and council oversight|info@lusangazicouncil.gov.zm
DEPT-LUS-1033|penalty units.|Municipal planning, service delivery, and council oversight|info@lusangazicouncil.gov.zm
DEPT-LUS-1034|penalty units or to imprisonment for a termnot exceeding two|Municipal planning, service delivery, and council oversight|info@lusangazicouncil.gov.zm
DEPT-LUS-1035|(a) fifty thousand penalty units or to imprisonment for a te|Municipal planning, service delivery, and council oversight|info@lusangazicouncil.gov.zm
DEPT-LUS-1036|(b) one hundred thousand penalty units, for a body corporate|Municipal planning, service delivery, and council oversight|info@lusangazicouncil.gov.zm
DEPT-LUS-1037|(i) fifty thousand penalty units; or|Municipal planning, service delivery, and council oversight|info@lusangazicouncil.gov.zm
DEPT-LUS-1038|(ii) one hundred thousand penalty units, in the case of a|Municipal planning, service delivery, and council oversight|info@lusangazicouncil.gov.zm
DEPT-LUS-1039|(a) ten thousand penalty units; or|Municipal planning, service delivery, and council oversight|info@lusangazicouncil.gov.zm
DEPT-LUS-1040|(b) forty thousand penalty units, for a body corporate or|Municipal planning, service delivery, and council oversight|info@lusangazicouncil.gov.zm
DEPT-LUS-1041|(5), is liable to a fine not exceeding twenty thousand penal|Municipal planning, service delivery, and council oversight|info@lusangazicouncil.gov.zm
DEPT-LUS-1042|liable to a fine not exceeding two hundred thousand penalty|Municipal planning, service delivery, and council oversight|info@lusangazicouncil.gov.zm
DEPT-LUS-1043|(9), is liable to a fine not exceeding two thousand penalty|Municipal planning, service delivery, and council oversight|info@lusangazicouncil.gov.zm
DEPT-LUS-1044|hundred thousand penalty units or to imprisonment for a|Municipal planning, service delivery, and council oversight|info@lusangazicouncil.gov.zm
DEPT-LUS-1045|not exceeding two hundred thousand penalty units or to|Municipal planning, service delivery, and council oversight|info@lusangazicouncil.gov.zm
DEPT-LUS-1046|exceeding three hundred thousand penalty units for each|Municipal planning, service delivery, and council oversight|info@lusangazicouncil.gov.zm
DEPT-LUS-1047|one hundred thousand penalty units or imprisonment for a per|Municipal planning, service delivery, and council oversight|info@lusangazicouncil.gov.zm
DEPT-LUS-1048|The Urban and Regional Planning|Municipal planning, service delivery, and council oversight|info@lusangazicouncil.gov.zm
DEPT-LUS-1049|THE URBAN AND REGIONAL PLANNING ACT, 2015|Municipal planning, service delivery, and council oversight|info@lusangazicouncil.gov.zm
DEPT-LUS-1050|Principles and standards for urban and regional planning|Municipal planning, service delivery, and council oversight|info@lusangazicouncil.gov.zm
DEPT-LUS-1051|PLANNING MANAGEMENT AND ADMINISTRATION|Municipal planning, service delivery, and council oversight|info@lusangazicouncil.gov.zm
DEPT-LUS-1052|Planning management and administration|Municipal planning, service delivery, and council oversight|info@lusangazicouncil.gov.zm
DEPT-LUS-1053|Role of Minister in planning|Municipal planning, service delivery, and council oversight|info@lusangazicouncil.gov.zm
DEPT-LUS-1054|Director of Planning|Municipal planning, service delivery, and council oversight|info@lusangazicouncil.gov.zm
DEPT-LUS-1055|Regional planning authorities|Municipal planning, service delivery, and council oversight|info@lusangazicouncil.gov.zm
DEPT-LUS-1056|Functions of regional planning authorities|Municipal planning, service delivery, and council oversight|info@lusangazicouncil.gov.zm
DEPT-LUS-1057|Provincial planning authorities|Municipal planning, service delivery, and council oversight|info@lusangazicouncil.gov.zm
DEPT-LUS-1058|Functions of provincial planning authorities|Municipal planning, service delivery, and council oversight|info@lusangazicouncil.gov.zm
DEPT-LUS-1059|Establishment of local authorities as planning authorities|Municipal planning, service delivery, and council oversight|info@lusangazicouncil.gov.zm
DEPT-LUS-1060|Establishment of planning committees|Municipal planning, service delivery, and council oversight|info@lusangazicouncil.gov.zm
DEPT-LUS-1061|Functions of planning committees|Municipal planning, service delivery, and council oversight|info@lusangazicouncil.gov.zm
DEPT-LUS-1062|PLANNING FRAMEWORK AND SYSTEM|Municipal planning, service delivery, and council oversight|info@lusangazicouncil.gov.zm
DEPT-LUS-1063|National Planning Framework|Municipal planning, service delivery, and council oversight|info@lusangazicouncil.gov.zm
DEPT-LUS-1064|Planning guidelines|Municipal planning, service delivery, and council oversight|info@lusangazicouncil.gov.zm
DEPT-LUS-1065|Planning agreements|Municipal planning, service delivery, and council oversight|info@lusangazicouncil.gov.zm
DEPT-LUS-1066|THE PLANNING PROCESS|Municipal planning, service delivery, and council oversight|info@lusangazicouncil.gov.zm
DEPT-LUS-1067|Initiation of planning|Municipal planning, service delivery, and council oversight|info@lusangazicouncil.gov.zm
DEPT-LUS-1068|Preparation of planning programme|Municipal planning, service delivery, and council oversight|info@lusangazicouncil.gov.zm
DEPT-LUS-1069|Public consultation of proposed planning programme|Municipal planning, service delivery, and council oversight|info@lusangazicouncil.gov.zm
DEPT-LUS-1070|Consideration of planning programme by provincial planning|Municipal planning, service delivery, and council oversight|info@lusangazicouncil.gov.zm
DEPT-LUS-1071|The Urban and Regional Planning|Municipal planning, service delivery, and council oversight|info@lusangazicouncil.gov.zm
DEPT-LUS-1072|Joint planning initiatives|Municipal planning, service delivery, and council oversight|info@lusangazicouncil.gov.zm
DEPT-LUS-1073|PLANNING APPLICATIONS AND PERMISSION|Municipal planning, service delivery, and council oversight|info@lusangazicouncil.gov.zm
DEPT-LUS-1074|Planning permission|Municipal planning, service delivery, and council oversight|info@lusangazicouncil.gov.zm
DEPT-LUS-1075|Powers of Minister on planning permission|Municipal planning, service delivery, and council oversight|info@lusangazicouncil.gov.zm
DEPT-LUS-1076|Effect of grant of planning permission|Municipal planning, service delivery, and council oversight|info@lusangazicouncil.gov.zm
DEPT-LUS-1077|Variation of planning permission|Municipal planning, service delivery, and council oversight|info@lusangazicouncil.gov.zm
DEPT-LUS-1078|Revocation of planning permission|Municipal planning, service delivery, and council oversight|info@lusangazicouncil.gov.zm
DEPT-LUS-1079|Public objection and consultation on planning applications|Municipal planning, service delivery, and council oversight|info@lusangazicouncil.gov.zm
DEPT-LUS-1080|Appeal against planning decision|Municipal planning, service delivery, and council oversight|info@lusangazicouncil.gov.zm
DEPT-LUS-1081|Report to planning committee|Municipal planning, service delivery, and council oversight|info@lusangazicouncil.gov.zm
DEPT-LUS-1082|Register of planning applications and permissions|Municipal planning, service delivery, and council oversight|info@lusangazicouncil.gov.zm
DEPT-LUS-1083|PLANNING APPEALS TRIBUNALS|Municipal planning, service delivery, and council oversight|info@lusangazicouncil.gov.zm
DEPT-LUS-1084|Planning appeals tribunals|Municipal planning, service delivery, and council oversight|info@lusangazicouncil.gov.zm
DEPT-LUS-1085|Immunity of members of planning appeals tribunals|Municipal planning, service delivery, and council oversight|info@lusangazicouncil.gov.zm
DEPT-LUS-1086|PLANNING CONTROLS AND COMPENSATION|Municipal planning, service delivery, and council oversight|info@lusangazicouncil.gov.zm
DEPT-LUS-1087|Planning inspectors|Municipal planning, service delivery, and council oversight|info@lusangazicouncil.gov.zm
DEPT-LUS-1088|Enforcement of notices and directions by planning inspector|Municipal planning, service delivery, and council oversight|info@lusangazicouncil.gov.zm
DEPT-LUS-1089|Noncompensation for planning decisions|Municipal planning, service delivery, and council oversight|info@lusangazicouncil.gov.zm
DEPT-LUS-1090|The Urban and Regional Planning|Municipal planning, service delivery, and council oversight|info@lusangazicouncil.gov.zm
DEPT-LUS-1091|The Urban and Regional Planning|Municipal planning, service delivery, and council oversight|info@lusangazicouncil.gov.zm
DEPT-LUS-1092|An Act to provide for development, planning and|Municipal planning, service delivery, and council oversight|info@lusangazicouncil.gov.zm
DEPT-LUS-1093|administration principles, standards and requirements for|Municipal planning, service delivery, and council oversight|info@lusangazicouncil.gov.zm
DEPT-LUS-1094|urban and regional planning processes and systems;|Municipal planning, service delivery, and council oversight|info@lusangazicouncil.gov.zm
DEPT-LUS-1095|urban and regional planning for the Republic; provide for|Municipal planning, service delivery, and council oversight|info@lusangazicouncil.gov.zm
DEPT-LUS-1096|a planning framework, guidelines, systems and processes|Municipal planning, service delivery, and council oversight|info@lusangazicouncil.gov.zm
DEPT-LUS-1097|for urban and regional planning for the Republic; establish|Municipal planning, service delivery, and council oversight|info@lusangazicouncil.gov.zm
DEPT-LUS-1098|inclusive process for urban and regional planning that|Municipal planning, service delivery, and council oversight|info@lusangazicouncil.gov.zm
DEPT-LUS-1099|allows for involvement of communities, private sector,|Municipal planning, service delivery, and council oversight|info@lusangazicouncil.gov.zm
DEPT-LUS-1100|interest groups and other stakeholders in the planning,|Municipal planning, service delivery, and council oversight|info@lusangazicouncil.gov.zm
DEPT-LUS-1101|integrated urban and regional planning in a devolved|Municipal planning, service delivery, and council oversight|info@lusangazicouncil.gov.zm
DEPT-LUS-1102|levels of ministries, provincial administration, local|Municipal planning, service delivery, and council oversight|info@lusangazicouncil.gov.zm
DEPT-LUS-1103|urban and regional planning; ensure sustainable urban and|Municipal planning, service delivery, and council oversight|info@lusangazicouncil.gov.zm
DEPT-LUS-1104|controls at all levels of urban and regional planning; ensur|Municipal planning, service delivery, and council oversight|info@lusangazicouncil.gov.zm
DEPT-LUS-1105|regional planning; repeal the Town and Country Planning|Municipal planning, service delivery, and council oversight|info@lusangazicouncil.gov.zm
DEPT-LUS-1106|The Urban and Regional Planning|Municipal planning, service delivery, and council oversight|info@lusangazicouncil.gov.zm
DEPT-LUS-1107|1. This Act may be cited as the Urban and Regional Planning|Municipal planning, service delivery, and council oversight|info@lusangazicouncil.gov.zm
DEPT-LUS-1108|any other law over, planning, natural resources, environment|Municipal planning, service delivery, and council oversight|info@lusangazicouncil.gov.zm
DEPT-LUS-1109|or anything that impacts on urban and regional planning|Municipal planning, service delivery, and council oversight|info@lusangazicouncil.gov.zm
DEPT-LUS-1110|The Urban and Regional Planning|Municipal planning, service delivery, and council oversight|info@lusangazicouncil.gov.zm
DEPT-LUS-1111|by a planning authority to do anything required to be done|Municipal planning, service delivery, and council oversight|info@lusangazicouncil.gov.zm
DEPT-LUS-1112|“development permit” means a planning permission granted|Municipal planning, service delivery, and council oversight|info@lusangazicouncil.gov.zm
DEPT-LUS-1113|The Urban and Regional Planning|Municipal planning, service delivery, and council oversight|info@lusangazicouncil.gov.zm
DEPT-LUS-1114|“development plans” means the National Planning Framework,|Municipal planning, service delivery, and council oversight|info@lusangazicouncil.gov.zm
DEPT-LUS-1115|regional planning provided for in section eight;|Municipal planning, service delivery, and council oversight|info@lusangazicouncil.gov.zm
DEPT-LUS-1116|formallybeen permitted by the planning authority|Municipal planning, service delivery, and council oversight|info@lusangazicouncil.gov.zm
DEPT-LUS-1117|without the formal permission of the planning|Municipal planning, service delivery, and council oversight|info@lusangazicouncil.gov.zm
DEPT-LUS-1118|from the planning authority to occupy the settled|Municipal planning, service delivery, and council oversight|info@lusangazicouncil.gov.zm
DEPT-LUS-1119|improving the quality of life of members of a community;|Municipal planning, service delivery, and council oversight|info@lusangazicouncil.gov.zm
DEPT-LUS-1120|The Urban and Regional Planning|Municipal planning, service delivery, and council oversight|info@lusangazicouncil.gov.zm
DEPT-LUS-1121|planning authority in accordance with section nineteen;|Municipal planning, service delivery, and council oversight|info@lusangazicouncil.gov.zm
DEPT-LUS-1122|“local planning authority” means a local authority designate|Municipal planning, service delivery, and council oversight|info@lusangazicouncil.gov.zm
DEPT-LUS-1123|as a planning authority by the Minister, by statutory|Municipal planning, service delivery, and council oversight|info@lusangazicouncil.gov.zm
DEPT-LUS-1124|“National Planning Framework” means a plan for national|Municipal planning, service delivery, and council oversight|info@lusangazicouncil.gov.zm
DEPT-LUS-1125|“planning” means the initiation and management of change in|Municipal planning, service delivery, and council oversight|info@lusangazicouncil.gov.zm
DEPT-LUS-1126|“planning agreement” means an agreement entered into|Municipal planning, service delivery, and council oversight|info@lusangazicouncil.gov.zm
DEPT-LUS-1127|“planning appeals tribunal” means a planning appeals tribuna|Municipal planning, service delivery, and council oversight|info@lusangazicouncil.gov.zm
DEPT-LUS-1128|“planning authority” means a regional planning authority,|Municipal planning, service delivery, and council oversight|info@lusangazicouncil.gov.zm
DEPT-LUS-1129|provincial planning authority or local planning authority;|Municipal planning, service delivery, and council oversight|info@lusangazicouncil.gov.zm
DEPT-LUS-1130|“ planning committee ” means a standing committee of a local|Municipal planning, service delivery, and council oversight|info@lusangazicouncil.gov.zm
DEPT-LUS-1131|authority responsible for planning provided for under sectio|Municipal planning, service delivery, and council oversight|info@lusangazicouncil.gov.zm
DEPT-LUS-1132|“ planning decision ” means—|Municipal planning, service delivery, and council oversight|info@lusangazicouncil.gov.zm
DEPT-LUS-1133|(a) a refusal of planning permission by a planning|Municipal planning, service delivery, and council oversight|info@lusangazicouncil.gov.zm
DEPT-LUS-1134|(b) a grant of planning permission by a planning|Municipal planning, service delivery, and council oversight|info@lusangazicouncil.gov.zm
DEPT-LUS-1135|The Urban and Regional Planning|Municipal planning, service delivery, and council oversight|info@lusangazicouncil.gov.zm
DEPT-LUS-1136|“ planning inspector ” means a person designated as such|Municipal planning, service delivery, and council oversight|info@lusangazicouncil.gov.zm
DEPT-LUS-1137|“ planning permission ” means permission granted to carry|Municipal planning, service delivery, and council oversight|info@lusangazicouncil.gov.zm
DEPT-LUS-1138|the Ministry responsible for urban and regional planning;|Municipal planning, service delivery, and council oversight|info@lusangazicouncil.gov.zm
DEPT-LUS-1139|“ provincial planning authority ” means an authority|Municipal planning, service delivery, and council oversight|info@lusangazicouncil.gov.zm
DEPT-LUS-1140|“regional planning authority” means an authority established|Municipal planning, service delivery, and council oversight|info@lusangazicouncil.gov.zm
DEPT-LUS-1141|“repealed Acts” means the Town and Country Planning Act,|Municipal planning, service delivery, and council oversight|info@lusangazicouncil.gov.zm
DEPT-LUS-1142|The Urban and Regional Planning|Municipal planning, service delivery, and council oversight|info@lusangazicouncil.gov.zm
DEPT-LUS-1143|provincial, district and local planning frameworks, systems|Municipal planning, service delivery, and council oversight|info@lusangazicouncil.gov.zm
DEPT-LUS-1144|and protected by integrative planning and systems;|Municipal planning, service delivery, and council oversight|info@lusangazicouncil.gov.zm
DEPT-LUS-1145|(c) planning procedures shall incorporate environmental|Municipal planning, service delivery, and council oversight|info@lusangazicouncil.gov.zm
DEPT-LUS-1146|The Urban and Regional Planning|Municipal planning, service delivery, and council oversight|info@lusangazicouncil.gov.zm
DEPT-LUS-1147|provincial, district and local planning shall be governed by|Municipal planning, service delivery, and council oversight|info@lusangazicouncil.gov.zm
DEPT-LUS-1148|shall be recognised in the planning function;|Municipal planning, service delivery, and council oversight|info@lusangazicouncil.gov.zm
DEPT-LUS-1149|The Urban and Regional Planning|Municipal planning, service delivery, and council oversight|info@lusangazicouncil.gov.zm
DEPT-LUS-1150|appropriate, developed as part of the planning function|Municipal planning, service delivery, and council oversight|info@lusangazicouncil.gov.zm
DEPT-LUS-1151|written law relating to planning that is not a specific subj|Municipal planning, service delivery, and council oversight|info@lusangazicouncil.gov.zm
DEPT-LUS-1152|law on a particular element of planning, the provisions of|Municipal planning, service delivery, and council oversight|info@lusangazicouncil.gov.zm
DEPT-LUS-1153|5. (1) A planning authority shall, as far as is reasonably|Municipal planning, service delivery, and council oversight|info@lusangazicouncil.gov.zm
DEPT-LUS-1154|practicable, for purposes of securing an efficient planning|Municipal planning, service delivery, and council oversight|info@lusangazicouncil.gov.zm
DEPT-LUS-1155|A planning authority shall, for the efficient issue of plann|Municipal planning, service delivery, and council oversight|info@lusangazicouncil.gov.zm
DEPT-LUS-1156|PLANNING MANAGEMENT AND ADMINISTRATION|Municipal planning, service delivery, and council oversight|info@lusangazicouncil.gov.zm
DEPT-LUS-1157|6. (1) The National Planning Framework of the Republic shall|Municipal planning, service delivery, and council oversight|info@lusangazicouncil.gov.zm
DEPT-LUS-1158|(b) the planning authorities; and|Municipal planning, service delivery, and council oversight|info@lusangazicouncil.gov.zm
DEPT-LUS-1159|(c) any other body designated as a planning authority by the|Municipal planning, service delivery, and council oversight|info@lusangazicouncil.gov.zm
DEPT-LUS-1160|Planning shall be hierarchical in nature, from the national|Municipal planning, service delivery, and council oversight|info@lusangazicouncil.gov.zm
DEPT-LUS-1161|in like manner planning authorities shall be so ranked.|Municipal planning, service delivery, and council oversight|info@lusangazicouncil.gov.zm
DEPT-LUS-1162|In the planning process, lower level planning authorities|Municipal planning, service delivery, and council oversight|info@lusangazicouncil.gov.zm
DEPT-LUS-1163|planning authorities.|Municipal planning, service delivery, and council oversight|info@lusangazicouncil.gov.zm
DEPT-LUS-1164|The Urban and Regional Planning|Municipal planning, service delivery, and council oversight|info@lusangazicouncil.gov.zm
DEPT-LUS-1165|administration|Municipal planning, service delivery, and council oversight|info@lusangazicouncil.gov.zm
DEPT-LUS-1166|local planning authorities;|Municipal planning, service delivery, and council oversight|info@lusangazicouncil.gov.zm
DEPT-LUS-1167|(b) prescribe planning guidelines, strategies and standards;|Municipal planning, service delivery, and council oversight|info@lusangazicouncil.gov.zm
DEPT-LUS-1168|planning authorities in the carrying out of their functions;|Municipal planning, service delivery, and council oversight|info@lusangazicouncil.gov.zm
DEPT-LUS-1169|planning authorities in the region;|Municipal planning, service delivery, and council oversight|info@lusangazicouncil.gov.zm
DEPT-LUS-1170|key performance indicators and targets for planning;|Municipal planning, service delivery, and council oversight|info@lusangazicouncil.gov.zm
DEPT-LUS-1171|and targets for planning;|Municipal planning, service delivery, and council oversight|info@lusangazicouncil.gov.zm
DEPT-LUS-1172|(g) coordinate planning and the provision of public and|Municipal planning, service delivery, and council oversight|info@lusangazicouncil.gov.zm
DEPT-LUS-1173|community services and facilities;|Municipal planning, service delivery, and council oversight|info@lusangazicouncil.gov.zm
DEPT-LUS-1174|(i) monitor progress and performance in planning and initiat|Municipal planning, service delivery, and council oversight|info@lusangazicouncil.gov.zm
DEPT-LUS-1175|to planning committees; and|Municipal planning, service delivery, and council oversight|info@lusangazicouncil.gov.zm
DEPT-LUS-1176|(l) call in development plans and applications for planning|Municipal planning, service delivery, and council oversight|info@lusangazicouncil.gov.zm
DEPT-LUS-1177|(i) the planning authority fails to meet the requirements|Municipal planning, service delivery, and council oversight|info@lusangazicouncil.gov.zm
DEPT-LUS-1178|section three and planning guidelines provided|Municipal planning, service delivery, and council oversight|info@lusangazicouncil.gov.zm
DEPT-LUS-1179|(iii) the planning permission is contrary to the provision|Municipal planning, service delivery, and council oversight|info@lusangazicouncil.gov.zm
DEPT-LUS-1180|to any planning authority regarding development plans and|Municipal planning, service delivery, and council oversight|info@lusangazicouncil.gov.zm
DEPT-LUS-1181|applications for planning permission and development permits|Municipal planning, service delivery, and council oversight|info@lusangazicouncil.gov.zm
DEPT-LUS-1182|are consistent with the provisions of this Act, and the plan|Municipal planning, service delivery, and council oversight|info@lusangazicouncil.gov.zm
DEPT-LUS-1183|The Urban and Regional Planning|Municipal planning, service delivery, and council oversight|info@lusangazicouncil.gov.zm
DEPT-LUS-1184|8. (1) There shall be a Director of Planning in the Ministry|Municipal planning, service delivery, and council oversight|info@lusangazicouncil.gov.zm
DEPT-LUS-1185|on matters relating to urban and regional planning.|Municipal planning, service delivery, and council oversight|info@lusangazicouncil.gov.zm
DEPT-LUS-1186|any aspect of urban and regional planning;|Municipal planning, service delivery, and council oversight|info@lusangazicouncil.gov.zm
DEPT-LUS-1187|publications relating to urban and regional planning|Municipal planning, service delivery, and council oversight|info@lusangazicouncil.gov.zm
DEPT-LUS-1188|the planning undertaken by planning authorities;|Municipal planning, service delivery, and council oversight|info@lusangazicouncil.gov.zm
DEPT-LUS-1189|planning authorities in the performance of their functions|Municipal planning, service delivery, and council oversight|info@lusangazicouncil.gov.zm
DEPT-LUS-1190|under this Act, and the compliance of planning authorities|Municipal planning, service delivery, and council oversight|info@lusangazicouncil.gov.zm
DEPT-LUS-1191|procedures for regional planning; and|Municipal planning, service delivery, and council oversight|info@lusangazicouncil.gov.zm
DEPT-LUS-1192|(f) establish and maintain liaison and co operation with pla|Municipal planning, service delivery, and council oversight|info@lusangazicouncil.gov.zm
DEPT-LUS-1193|The Director shall submit a National Planning Framework|Municipal planning, service delivery, and council oversight|info@lusangazicouncil.gov.zm
DEPT-LUS-1194|9. (1) The Minister shall constitute regional planning autho|Municipal planning, service delivery, and council oversight|info@lusangazicouncil.gov.zm
DEPT-LUS-1195|for a region, on an ad hoc basis, to spearhead planning for|Municipal planning, service delivery, and council oversight|info@lusangazicouncil.gov.zm
DEPT-LUS-1196|A regional planning authority shall consist of the following|Municipal planning, service delivery, and council oversight|info@lusangazicouncil.gov.zm
DEPT-LUS-1197|(a) five members qualified in planning, environmental|Municipal planning, service delivery, and council oversight|info@lusangazicouncil.gov.zm
DEPT-LUS-1198|provincial planning authorities in the region;|Municipal planning, service delivery, and council oversight|info@lusangazicouncil.gov.zm
DEPT-LUS-1199|(b) a representative of each of the planning authorities in|Municipal planning, service delivery, and council oversight|info@lusangazicouncil.gov.zm
DEPT-LUS-1200|The Urban and Regional Planning|Municipal planning, service delivery, and council oversight|info@lusangazicouncil.gov.zm
DEPT-LUS-1201|shall elect the vice-chairperson of the regional planning au|Municipal planning, service delivery, and council oversight|info@lusangazicouncil.gov.zm
DEPT-LUS-1202|from among the members of the regional planning authority.|Municipal planning, service delivery, and council oversight|info@lusangazicouncil.gov.zm
DEPT-LUS-1203|A member of the regional planning authority shall hold offic|Municipal planning, service delivery, and council oversight|info@lusangazicouncil.gov.zm
DEPT-LUS-1204|planning authority if that person—|Municipal planning, service delivery, and council oversight|info@lusangazicouncil.gov.zm
DEPT-LUS-1205|the procedures, reporting structures and administration of r|Municipal planning, service delivery, and council oversight|info@lusangazicouncil.gov.zm
DEPT-LUS-1206|planning authorities.|Municipal planning, service delivery, and council oversight|info@lusangazicouncil.gov.zm
DEPT-LUS-1207|names of the members of an ad hoc regional planning authorit|Municipal planning, service delivery, and council oversight|info@lusangazicouncil.gov.zm
DEPT-LUS-1208|The Urban and Regional Planning|Municipal planning, service delivery, and council oversight|info@lusangazicouncil.gov.zm
DEPT-LUS-1209|(a) be the secretary to the regional planning authority; and|Municipal planning, service delivery, and council oversight|info@lusangazicouncil.gov.zm
DEPT-LUS-1210|planning authority and recommend the members for|Municipal planning, service delivery, and council oversight|info@lusangazicouncil.gov.zm
DEPT-LUS-1211|10. (1) The functions of a regional planning authority are t|Municipal planning, service delivery, and council oversight|info@lusangazicouncil.gov.zm
DEPT-LUS-1212|(b) advise and assist planning authorities within the region|Municipal planning, service delivery, and council oversight|info@lusangazicouncil.gov.zm
DEPT-LUS-1213|Planning Framework;|Municipal planning, service delivery, and council oversight|info@lusangazicouncil.gov.zm
DEPT-LUS-1214|(d) conduct research required for regional planning;|Municipal planning, service delivery, and council oversight|info@lusangazicouncil.gov.zm
DEPT-LUS-1215|necessary to regional planning.|Municipal planning, service delivery, and council oversight|info@lusangazicouncil.gov.zm
DEPT-LUS-1216|A regional planning authority shall furnish the Minister wit|Municipal planning, service delivery, and council oversight|info@lusangazicouncil.gov.zm
DEPT-LUS-1217|The expenses of a regional planning authority shall be met|Municipal planning, service delivery, and council oversight|info@lusangazicouncil.gov.zm
DEPT-LUS-1218|planning authority.|Municipal planning, service delivery, and council oversight|info@lusangazicouncil.gov.zm
DEPT-LUS-1219|A provincial planning authority shall consist of the followi|Municipal planning, service delivery, and council oversight|info@lusangazicouncil.gov.zm
DEPT-LUS-1220|(a) five members qualified in planning, public health, law,|Municipal planning, service delivery, and council oversight|info@lusangazicouncil.gov.zm
DEPT-LUS-1221|The Urban and Regional Planning|Municipal planning, service delivery, and council oversight|info@lusangazicouncil.gov.zm
DEPT-LUS-1222|members shall elect the Vice-Chairperson of the provincial p|Municipal planning, service delivery, and council oversight|info@lusangazicouncil.gov.zm
DEPT-LUS-1223|authority from among the members of the provincial planning|Municipal planning, service delivery, and council oversight|info@lusangazicouncil.gov.zm
DEPT-LUS-1224|A member of the provincial planning authority shall hold|Municipal planning, service delivery, and council oversight|info@lusangazicouncil.gov.zm
DEPT-LUS-1225|planning authority if that person—|Municipal planning, service delivery, and council oversight|info@lusangazicouncil.gov.zm
DEPT-LUS-1226|procedures, reporting structures and administration of provi|Municipal planning, service delivery, and council oversight|info@lusangazicouncil.gov.zm
DEPT-LUS-1227|planning authorities.|Municipal planning, service delivery, and council oversight|info@lusangazicouncil.gov.zm
DEPT-LUS-1228|(a) be the Secretary to the provincial planning authority; a|Municipal planning, service delivery, and council oversight|info@lusangazicouncil.gov.zm
DEPT-LUS-1229|planning authority and recommend the members for|Municipal planning, service delivery, and council oversight|info@lusangazicouncil.gov.zm
DEPT-LUS-1230|The Urban and Regional Planning|Municipal planning, service delivery, and council oversight|info@lusangazicouncil.gov.zm
DEPT-LUS-1231|12. (1) A provincial planning authority shall be responsible|Municipal planning, service delivery, and council oversight|info@lusangazicouncil.gov.zm
DEPT-LUS-1232|all planning activities for the province and shall—|Municipal planning, service delivery, and council oversight|info@lusangazicouncil.gov.zm
DEPT-LUS-1233|(a) monitor and advise on the planning, drafting, adoption a|Municipal planning, service delivery, and council oversight|info@lusangazicouncil.gov.zm
DEPT-LUS-1234|(i) the integrated development plans of local planning|Municipal planning, service delivery, and council oversight|info@lusangazicouncil.gov.zm
DEPT-LUS-1235|plans of local planning authorities with the|Municipal planning, service delivery, and council oversight|info@lusangazicouncil.gov.zm
DEPT-LUS-1236|National Planning Framework and regional|Municipal planning, service delivery, and council oversight|info@lusangazicouncil.gov.zm
DEPT-LUS-1237|relating to the planning, drafting, adoption or review of|Municipal planning, service delivery, and council oversight|info@lusangazicouncil.gov.zm
DEPT-LUS-1238|between local planning authorities in the Province, as|Municipal planning, service delivery, and council oversight|info@lusangazicouncil.gov.zm
DEPT-LUS-1239|standards and planning guidelines provided for under|Municipal planning, service delivery, and council oversight|info@lusangazicouncil.gov.zm
DEPT-LUS-1240|(e) oversee all planning activities in the Province;|Municipal planning, service delivery, and council oversight|info@lusangazicouncil.gov.zm
DEPT-LUS-1241|(f) assist local authorities in planning, drafting, adopting|Municipal planning, service delivery, and council oversight|info@lusangazicouncil.gov.zm
DEPT-LUS-1242|(g) perform any other functions relating to planning in the|Municipal planning, service delivery, and council oversight|info@lusangazicouncil.gov.zm
DEPT-LUS-1243|A provincial planning authority shall, where a local plannin|Municipal planning, service delivery, and council oversight|info@lusangazicouncil.gov.zm
DEPT-LUS-1244|as a planning authority.|Municipal planning, service delivery, and council oversight|info@lusangazicouncil.gov.zm
DEPT-LUS-1245|A provincial planning authority shall, where the appointment|Municipal planning, service delivery, and council oversight|info@lusangazicouncil.gov.zm
DEPT-LUS-1246|of a local authority as a planning authority is revoked or s|Municipal planning, service delivery, and council oversight|info@lusangazicouncil.gov.zm
DEPT-LUS-1247|pursuant to subsection (2), perform the functions of the loc|Municipal planning, service delivery, and council oversight|info@lusangazicouncil.gov.zm
DEPT-LUS-1248|The Urban and Regional Planning|Municipal planning, service delivery, and council oversight|info@lusangazicouncil.gov.zm
DEPT-LUS-1249|designated as a planning authority for its area by the Minis|Municipal planning, service delivery, and council oversight|info@lusangazicouncil.gov.zm
DEPT-LUS-1250|(2) The functions of a local planning authority are to—|Municipal planning, service delivery, and council oversight|info@lusangazicouncil.gov.zm
DEPT-LUS-1251|(c) receive and process applications for planning permission|Municipal planning, service delivery, and council oversight|info@lusangazicouncil.gov.zm
DEPT-LUS-1252|(f) perform any other planning and development functions as|Municipal planning, service delivery, and council oversight|info@lusangazicouncil.gov.zm
DEPT-LUS-1253|A local planning authority shall furnish the Minister with|Municipal planning, service delivery, and council oversight|info@lusangazicouncil.gov.zm
DEPT-LUS-1254|authorities as local planning authorities, prescribe the pro|Municipal planning, service delivery, and council oversight|info@lusangazicouncil.gov.zm
DEPT-LUS-1255|reporting structures, secretariat services for, and administ|Municipal planning, service delivery, and council oversight|info@lusangazicouncil.gov.zm
DEPT-LUS-1256|local planning authorities.|Municipal planning, service delivery, and council oversight|info@lusangazicouncil.gov.zm
DEPT-LUS-1257|for planning shall be the planning committee for purposes of|Municipal planning, service delivery, and council oversight|info@lusangazicouncil.gov.zm
DEPT-LUS-1258|all the planning committees within the Province.|Municipal planning, service delivery, and council oversight|info@lusangazicouncil.gov.zm
DEPT-LUS-1259|or appointment of a planning committee, submit the names of|Municipal planning, service delivery, and council oversight|info@lusangazicouncil.gov.zm
DEPT-LUS-1260|members of the planning committee to the Provincial Planner|Municipal planning, service delivery, and council oversight|info@lusangazicouncil.gov.zm
DEPT-LUS-1261|Where a local authority does not establish a planning|Municipal planning, service delivery, and council oversight|info@lusangazicouncil.gov.zm
DEPT-LUS-1262|requirements of this Act, the relevant provincial planning a|Municipal planning, service delivery, and council oversight|info@lusangazicouncil.gov.zm
DEPT-LUS-1263|shall perform the functions of the planning committee under|Municipal planning, service delivery, and council oversight|info@lusangazicouncil.gov.zm
DEPT-LUS-1264|The Urban and Regional Planning|Municipal planning, service delivery, and council oversight|info@lusangazicouncil.gov.zm
DEPT-LUS-1265|of planning|Municipal planning, service delivery, and council oversight|info@lusangazicouncil.gov.zm
DEPT-LUS-1266|The planning department of a local authority shall provide|Municipal planning, service delivery, and council oversight|info@lusangazicouncil.gov.zm
DEPT-LUS-1267|the secretarial and administrative support to the planning c|Municipal planning, service delivery, and council oversight|info@lusangazicouncil.gov.zm
DEPT-LUS-1268|15. (1) A planning committee shall—|Municipal planning, service delivery, and council oversight|info@lusangazicouncil.gov.zm
DEPT-LUS-1269|planning authority in accordance with this Act;|Municipal planning, service delivery, and council oversight|info@lusangazicouncil.gov.zm
DEPT-LUS-1270|prepared by the local planning authority in accordance|Municipal planning, service delivery, and council oversight|info@lusangazicouncil.gov.zm
DEPT-LUS-1271|(c) consider and make planning decisions on applications fo|Municipal planning, service delivery, and council oversight|info@lusangazicouncil.gov.zm
DEPT-LUS-1272|other plan prepared by the local planning authority in|Municipal planning, service delivery, and council oversight|info@lusangazicouncil.gov.zm
DEPT-LUS-1273|A planning committee shall, in performing its functions unde|Municipal planning, service delivery, and council oversight|info@lusangazicouncil.gov.zm
DEPT-LUS-1274|planning department of the local authority.|Municipal planning, service delivery, and council oversight|info@lusangazicouncil.gov.zm
DEPT-LUS-1275|A planning committee shall report to the council of the|Municipal planning, service delivery, and council oversight|info@lusangazicouncil.gov.zm
DEPT-LUS-1276|PLANNING FRAMEWORK AND SYSTEM|Municipal planning, service delivery, and council oversight|info@lusangazicouncil.gov.zm
DEPT-LUS-1277|16. (1) The National Planning Framework shall apply to the|Municipal planning, service delivery, and council oversight|info@lusangazicouncil.gov.zm
DEPT-LUS-1278|The National Planning Framework shall—|Municipal planning, service delivery, and council oversight|info@lusangazicouncil.gov.zm
DEPT-LUS-1279|direction and trends of spatial development and planning|Municipal planning, service delivery, and council oversight|info@lusangazicouncil.gov.zm
DEPT-LUS-1280|The Urban and Regional Planning|Municipal planning, service delivery, and council oversight|info@lusangazicouncil.gov.zm
DEPT-LUS-1281|(b) include planning guidelines for regional development pla|Municipal planning, service delivery, and council oversight|info@lusangazicouncil.gov.zm
DEPT-LUS-1282|The Director shall, when preparing the National Planning|Municipal planning, service delivery, and council oversight|info@lusangazicouncil.gov.zm
DEPT-LUS-1283|The National Planning Framework shall be reviewed every|Municipal planning, service delivery, and council oversight|info@lusangazicouncil.gov.zm
DEPT-LUS-1284|National Planning Framework.|Municipal planning, service delivery, and council oversight|info@lusangazicouncil.gov.zm
DEPT-LUS-1285|A planning authority shall ensure that the objectives of the|Municipal planning, service delivery, and council oversight|info@lusangazicouncil.gov.zm
DEPT-LUS-1286|National Planning Framework are achieved.|Municipal planning, service delivery, and council oversight|info@lusangazicouncil.gov.zm
DEPT-LUS-1287|guidelines for planning and development which shall be compl|Municipal planning, service delivery, and council oversight|info@lusangazicouncil.gov.zm
DEPT-LUS-1288|with by all planning authorities.|Municipal planning, service delivery, and council oversight|info@lusangazicouncil.gov.zm
DEPT-LUS-1289|Without prejudice to the generality of section three, planni|Municipal planning, service delivery, and council oversight|info@lusangazicouncil.gov.zm
DEPT-LUS-1290|(a) the requirements in the National Planning Framework;|Municipal planning, service delivery, and council oversight|info@lusangazicouncil.gov.zm
DEPT-LUS-1291|The Urban and Regional Planning|Municipal planning, service delivery, and council oversight|info@lusangazicouncil.gov.zm
DEPT-LUS-1292|(g) any other matter affecting urban and regional planning|Municipal planning, service delivery, and council oversight|info@lusangazicouncil.gov.zm
DEPT-LUS-1293|19. (1) A planning authority shall prepare an integrated|Municipal planning, service delivery, and council oversight|info@lusangazicouncil.gov.zm
DEPT-LUS-1294|A planning authority may restrict the coverage of an|Municipal planning, service delivery, and council oversight|info@lusangazicouncil.gov.zm
DEPT-LUS-1295|The Urban and Regional Planning|Municipal planning, service delivery, and council oversight|info@lusangazicouncil.gov.zm
DEPT-LUS-1296|planning instrument to guide and inform all planning and dev|Municipal planning, service delivery, and council oversight|info@lusangazicouncil.gov.zm
DEPT-LUS-1297|in the area of the local authority and all planning decisio|Municipal planning, service delivery, and council oversight|info@lusangazicouncil.gov.zm
DEPT-LUS-1298|planning authority.|Municipal planning, service delivery, and council oversight|info@lusangazicouncil.gov.zm
DEPT-LUS-1299|(d) be compatible with the National Planning Framework and|Municipal planning, service delivery, and council oversight|info@lusangazicouncil.gov.zm
DEPT-LUS-1300|(a) be prepared in accordance with the planning guidelines|Municipal planning, service delivery, and council oversight|info@lusangazicouncil.gov.zm
DEPT-LUS-1301|The Urban and Regional Planning|Municipal planning, service delivery, and council oversight|info@lusangazicouncil.gov.zm
DEPT-LUS-1302|20. (1) An integrated development plan shall include a plan|Municipal planning, service delivery, and council oversight|info@lusangazicouncil.gov.zm
DEPT-LUS-1303|(2) A planning committee shall, in formulating an integrate|Municipal planning, service delivery, and council oversight|info@lusangazicouncil.gov.zm
DEPT-LUS-1304|planning survey; and|Municipal planning, service delivery, and council oversight|info@lusangazicouncil.gov.zm
DEPT-LUS-1305|financial and economic planning of the Republic and|Municipal planning, service delivery, and council oversight|info@lusangazicouncil.gov.zm
DEPT-LUS-1306|area under the planning authority, including the|Municipal planning, service delivery, and council oversight|info@lusangazicouncil.gov.zm
DEPT-LUS-1307|planning authority’s area;|Municipal planning, service delivery, and council oversight|info@lusangazicouncil.gov.zm
DEPT-LUS-1308|identification of communities which do not have access|Municipal planning, service delivery, and council oversight|info@lusangazicouncil.gov.zm
DEPT-LUS-1309|The Urban and Regional Planning|Municipal planning, service delivery, and council oversight|info@lusangazicouncil.gov.zm
DEPT-LUS-1310|(g) a description of the applied planning process and the pu|Municipal planning, service delivery, and council oversight|info@lusangazicouncil.gov.zm
DEPT-LUS-1311|National Planning Framework and sectoral local planning|Municipal planning, service delivery, and council oversight|info@lusangazicouncil.gov.zm
DEPT-LUS-1312|The Urban and Regional Planning|Municipal planning, service delivery, and council oversight|info@lusangazicouncil.gov.zm
DEPT-LUS-1313|other detailed planning activities to assist in the|Municipal planning, service delivery, and council oversight|info@lusangazicouncil.gov.zm
DEPT-LUS-1314|in an integrated development plan in line with a planning ag|Municipal planning, service delivery, and council oversight|info@lusangazicouncil.gov.zm
DEPT-LUS-1315|land, including traditional authorities, as indicated in the|Municipal planning, service delivery, and council oversight|info@lusangazicouncil.gov.zm
DEPT-LUS-1316|21. (1) A planning authority shall use a local area plan as|Municipal planning, service delivery, and council oversight|info@lusangazicouncil.gov.zm
DEPT-LUS-1317|planning instrument to provide detailed proposals for the|Municipal planning, service delivery, and council oversight|info@lusangazicouncil.gov.zm
DEPT-LUS-1318|The Urban and Regional Planning|Municipal planning, service delivery, and council oversight|info@lusangazicouncil.gov.zm
DEPT-LUS-1319|planning and may provide the basis for property delineation,|Municipal planning, service delivery, and council oversight|info@lusangazicouncil.gov.zm
DEPT-LUS-1320|plan and provide for poverty alleviation, local community|Municipal planning, service delivery, and council oversight|info@lusangazicouncil.gov.zm
DEPT-LUS-1321|and other planning principles;|Municipal planning, service delivery, and council oversight|info@lusangazicouncil.gov.zm
DEPT-LUS-1322|The Urban and Regional Planning|Municipal planning, service delivery, and council oversight|info@lusangazicouncil.gov.zm
DEPT-LUS-1323|A local planning authority may, with the approval of the|Municipal planning, service delivery, and council oversight|info@lusangazicouncil.gov.zm
DEPT-LUS-1324|provincial planning authority, amend or revoke a local area|Municipal planning, service delivery, and council oversight|info@lusangazicouncil.gov.zm
DEPT-LUS-1325|(a) a report of the planning survey carried out with respec|Municipal planning, service delivery, and council oversight|info@lusangazicouncil.gov.zm
DEPT-LUS-1326|(viii) a description of the applied planning process;|Municipal planning, service delivery, and council oversight|info@lusangazicouncil.gov.zm
DEPT-LUS-1327|The Urban and Regional Planning|Municipal planning, service delivery, and council oversight|info@lusangazicouncil.gov.zm
DEPT-LUS-1328|as the planning authority may consider appropriate to|Municipal planning, service delivery, and council oversight|info@lusangazicouncil.gov.zm
DEPT-LUS-1329|23. (1) A local planning authority shall adopt a local area|Municipal planning, service delivery, and council oversight|info@lusangazicouncil.gov.zm
DEPT-LUS-1330|and submit a report to the provincial planning authority wi|Municipal planning, service delivery, and council oversight|info@lusangazicouncil.gov.zm
DEPT-LUS-1331|The Urban and Regional Planning|Municipal planning, service delivery, and council oversight|info@lusangazicouncil.gov.zm
DEPT-LUS-1332|(e) comments on the adherence to the planning guidelines|Municipal planning, service delivery, and council oversight|info@lusangazicouncil.gov.zm
DEPT-LUS-1333|The provincial planning authority shall, within sixty days o|Municipal planning, service delivery, and council oversight|info@lusangazicouncil.gov.zm
DEPT-LUS-1334|The provincial planning authority shall, where it objects to|Municipal planning, service delivery, and council oversight|info@lusangazicouncil.gov.zm
DEPT-LUS-1335|(a) inform the local planning authority accordingly and give|Municipal planning, service delivery, and council oversight|info@lusangazicouncil.gov.zm
DEPT-LUS-1336|(b) direct the local planning authority to amend the local a|Municipal planning, service delivery, and council oversight|info@lusangazicouncil.gov.zm
DEPT-LUS-1337|plan as the provincial planning authority may determine.|Municipal planning, service delivery, and council oversight|info@lusangazicouncil.gov.zm
DEPT-LUS-1338|A local planning authority shall, where the provincial|Municipal planning, service delivery, and council oversight|info@lusangazicouncil.gov.zm
DEPT-LUS-1339|planning authority directs the local planning authority to a|Municipal planning, service delivery, and council oversight|info@lusangazicouncil.gov.zm
DEPT-LUS-1340|24.(1) A local planning authority may prepare sectoral plan|Municipal planning, service delivery, and council oversight|info@lusangazicouncil.gov.zm
DEPT-LUS-1341|The Urban and Regional Planning|Municipal planning, service delivery, and council oversight|info@lusangazicouncil.gov.zm
DEPT-LUS-1342|development plan and its planning programme and shall adhere|Municipal planning, service delivery, and council oversight|info@lusangazicouncil.gov.zm
DEPT-LUS-1343|the development and planning principles, programmes and prop|Municipal planning, service delivery, and council oversight|info@lusangazicouncil.gov.zm
DEPT-LUS-1344|adopted in the integrated development planning process.|Municipal planning, service delivery, and council oversight|info@lusangazicouncil.gov.zm
DEPT-LUS-1345|plan or local area plan in the customary area, enter into pl|Municipal planning, service delivery, and council oversight|info@lusangazicouncil.gov.zm
DEPT-LUS-1346|A planning agreement shall contain the following—|Municipal planning, service delivery, and council oversight|info@lusangazicouncil.gov.zm
DEPT-LUS-1347|of special planning standards and approval requirements|Municipal planning, service delivery, and council oversight|info@lusangazicouncil.gov.zm
DEPT-LUS-1348|planning procedures to be complied with by applicants|Municipal planning, service delivery, and council oversight|info@lusangazicouncil.gov.zm
DEPT-LUS-1349|special procedures that might be applied to that planning|Municipal planning, service delivery, and council oversight|info@lusangazicouncil.gov.zm
DEPT-LUS-1350|The Urban and Regional Planning|Municipal planning, service delivery, and council oversight|info@lusangazicouncil.gov.zm
DEPT-LUS-1351|in order to support the implementation of the planning|Municipal planning, service delivery, and council oversight|info@lusangazicouncil.gov.zm
DEPT-LUS-1352|local authority, local community and the Chief on|Municipal planning, service delivery, and council oversight|info@lusangazicouncil.gov.zm
DEPT-LUS-1353|planning and development matters.|Municipal planning, service delivery, and council oversight|info@lusangazicouncil.gov.zm
DEPT-LUS-1354|planning agreement, the Minister shall, after consultation|Municipal planning, service delivery, and council oversight|info@lusangazicouncil.gov.zm
DEPT-LUS-1355|President, sign the planning agreement if it is in the publi|Municipal planning, service delivery, and council oversight|info@lusangazicouncil.gov.zm
DEPT-LUS-1356|to do so for purposes of this Act, and the planning agreemen|Municipal planning, service delivery, and council oversight|info@lusangazicouncil.gov.zm
DEPT-LUS-1357|the principles and objectives of the applicable planning gui|Municipal planning, service delivery, and council oversight|info@lusangazicouncil.gov.zm
DEPT-LUS-1358|28. (1) A planning authority may, declare an area of land wi|Municipal planning, service delivery, and council oversight|info@lusangazicouncil.gov.zm
DEPT-LUS-1359|(a) in the case of customary land, it is subject to a planni|Municipal planning, service delivery, and council oversight|info@lusangazicouncil.gov.zm
DEPT-LUS-1360|The Urban and Regional Planning|Municipal planning, service delivery, and council oversight|info@lusangazicouncil.gov.zm
DEPT-LUS-1361|The Urban and Regional Planning|Municipal planning, service delivery, and council oversight|info@lusangazicouncil.gov.zm
DEPT-LUS-1362|THE PLANNING PROCESS|Municipal planning, service delivery, and council oversight|info@lusangazicouncil.gov.zm
DEPT-LUS-1363|existing plan, initiate the planning process.|Municipal planning, service delivery, and council oversight|info@lusangazicouncil.gov.zm
DEPT-LUS-1364|The Urban and Regional Planning|Municipal planning, service delivery, and council oversight|info@lusangazicouncil.gov.zm
DEPT-LUS-1365|Where a local authority does not have a planning|Municipal planning, service delivery, and council oversight|info@lusangazicouncil.gov.zm
DEPT-LUS-1366|department or fails to meet the development or planning capa|Municipal planning, service delivery, and council oversight|info@lusangazicouncil.gov.zm
DEPT-LUS-1367|directing the commencement of a planning process to the prov|Municipal planning, service delivery, and council oversight|info@lusangazicouncil.gov.zm
DEPT-LUS-1368|planning authority which shall be responsible for the plann|Municipal planning, service delivery, and council oversight|info@lusangazicouncil.gov.zm
DEPT-LUS-1369|or not the resolution directing the commencement of a planni|Municipal planning, service delivery, and council oversight|info@lusangazicouncil.gov.zm
DEPT-LUS-1370|process is submitted to a planning committee or a provincial|Municipal planning, service delivery, and council oversight|info@lusangazicouncil.gov.zm
DEPT-LUS-1371|36. (1) A planning department shall prepare a planning|Municipal planning, service delivery, and council oversight|info@lusangazicouncil.gov.zm
DEPT-LUS-1372|programme and submit the planning programme to the planning|Municipal planning, service delivery, and council oversight|info@lusangazicouncil.gov.zm
DEPT-LUS-1373|A planning programme shall—|Municipal planning, service delivery, and council oversight|info@lusangazicouncil.gov.zm
DEPT-LUS-1374|issues and concerns to be covered in the planning process|Municipal planning, service delivery, and council oversight|info@lusangazicouncil.gov.zm
DEPT-LUS-1375|as well as the cost of the planning process;|Municipal planning, service delivery, and council oversight|info@lusangazicouncil.gov.zm
DEPT-LUS-1376|stakeholders to be consulted in the planning process,|Municipal planning, service delivery, and council oversight|info@lusangazicouncil.gov.zm
DEPT-LUS-1377|planning is likely to be undertaken; and|Municipal planning, service delivery, and council oversight|info@lusangazicouncil.gov.zm
DEPT-LUS-1378|The Urban and Regional Planning|Municipal planning, service delivery, and council oversight|info@lusangazicouncil.gov.zm
DEPT-LUS-1379|A planning committee shall submit the proposed planning|Municipal planning, service delivery, and council oversight|info@lusangazicouncil.gov.zm
DEPT-LUS-1380|planning programme is developed by the provincial planning|Municipal planning, service delivery, and council oversight|info@lusangazicouncil.gov.zm
DEPT-LUS-1381|of a planning programme under subsection (4), adopt the pla|Municipal planning, service delivery, and council oversight|info@lusangazicouncil.gov.zm
DEPT-LUS-1382|programme or refer it to the planning committee for amendmen|Municipal planning, service delivery, and council oversight|info@lusangazicouncil.gov.zm
DEPT-LUS-1383|37. (1) A planning authority shall—|Municipal planning, service delivery, and council oversight|info@lusangazicouncil.gov.zm
DEPT-LUS-1384|(a) publish the proposed planning programme for public|Municipal planning, service delivery, and council oversight|info@lusangazicouncil.gov.zm
DEPT-LUS-1385|proposed planning programme at the offices of the local|Municipal planning, service delivery, and council oversight|info@lusangazicouncil.gov.zm
DEPT-LUS-1386|A person may make submissions on the proposed planning|Municipal planning, service delivery, and council oversight|info@lusangazicouncil.gov.zm
DEPT-LUS-1387|programme, in writing, to the planning committee within thir|Municipal planning, service delivery, and council oversight|info@lusangazicouncil.gov.zm
DEPT-LUS-1388|A planning committee shall take into account the|Municipal planning, service delivery, and council oversight|info@lusangazicouncil.gov.zm
DEPT-LUS-1389|38. (1) A local planning authority shall submit a copy of th|Municipal planning, service delivery, and council oversight|info@lusangazicouncil.gov.zm
DEPT-LUS-1390|adopted programme to the provincial planning authority with|Municipal planning, service delivery, and council oversight|info@lusangazicouncil.gov.zm
DEPT-LUS-1391|days of the date of approval of the planning programme.|Municipal planning, service delivery, and council oversight|info@lusangazicouncil.gov.zm
DEPT-LUS-1392|A provincial planning authority shall, upon receipt of the|Municipal planning, service delivery, and council oversight|info@lusangazicouncil.gov.zm
DEPT-LUS-1393|programme for public participation, compliance with the plan|Municipal planning, service delivery, and council oversight|info@lusangazicouncil.gov.zm
DEPT-LUS-1394|A provincial planning authority shall, where it determines|Municipal planning, service delivery, and council oversight|info@lusangazicouncil.gov.zm
DEPT-LUS-1395|that the planning programme submitted under subsection (1) i|Municipal planning, service delivery, and council oversight|info@lusangazicouncil.gov.zm
DEPT-LUS-1396|within thirty days of receiving the proposed planning progra|Municipal planning, service delivery, and council oversight|info@lusangazicouncil.gov.zm
DEPT-LUS-1397|direct the local planning authority to adjust the planning p|Municipal planning, service delivery, and council oversight|info@lusangazicouncil.gov.zm
DEPT-LUS-1398|A local planning authority shall, within fourteen days of th|Municipal planning, service delivery, and council oversight|info@lusangazicouncil.gov.zm
DEPT-LUS-1399|receipt of a direction to adjust the planning programme und|Municipal planning, service delivery, and council oversight|info@lusangazicouncil.gov.zm
DEPT-LUS-1400|The Urban and Regional Planning|Municipal planning, service delivery, and council oversight|info@lusangazicouncil.gov.zm
DEPT-LUS-1401|planning authority the reasons for the|Municipal planning, service delivery, and council oversight|info@lusangazicouncil.gov.zm
DEPT-LUS-1402|A provincial planning authority may, on receipt of the|Municipal planning, service delivery, and council oversight|info@lusangazicouncil.gov.zm
DEPT-LUS-1403|planning authority’s objection to the Director, and the loca|Municipal planning, service delivery, and council oversight|info@lusangazicouncil.gov.zm
DEPT-LUS-1404|authority shall adopt the planning programme as recommended|Municipal planning, service delivery, and council oversight|info@lusangazicouncil.gov.zm
DEPT-LUS-1405|A local planning authority shall inform the community,|Municipal planning, service delivery, and council oversight|info@lusangazicouncil.gov.zm
DEPT-LUS-1406|the adopted planning programme in the prescribed manner.|Municipal planning, service delivery, and council oversight|info@lusangazicouncil.gov.zm
DEPT-LUS-1407|39. (1) A local planning authority or the provincial plann|Municipal planning, service delivery, and council oversight|info@lusangazicouncil.gov.zm
DEPT-LUS-1408|integrated development plan in accordance with the adopted p|Municipal planning, service delivery, and council oversight|info@lusangazicouncil.gov.zm
DEPT-LUS-1409|integrated development plans and planning strategies of|Municipal planning, service delivery, and council oversight|info@lusangazicouncil.gov.zm
DEPT-LUS-1410|A local planning authority shall plan for integrated|Municipal planning, service delivery, and council oversight|info@lusangazicouncil.gov.zm
DEPT-LUS-1411|local communities in that area in respect of customary land|Municipal planning, service delivery, and council oversight|info@lusangazicouncil.gov.zm
DEPT-LUS-1412|line with planning agreements, where applicable.|Municipal planning, service delivery, and council oversight|info@lusangazicouncil.gov.zm
DEPT-LUS-1413|(5) A local planning authority shall, during the preparation|Municipal planning, service delivery, and council oversight|info@lusangazicouncil.gov.zm
DEPT-LUS-1414|communities and other stakeholders in accordance with a pla|Municipal planning, service delivery, and council oversight|info@lusangazicouncil.gov.zm
DEPT-LUS-1415|40. (1) A planning authority shall, within fourteen days of|Municipal planning, service delivery, and council oversight|info@lusangazicouncil.gov.zm
DEPT-LUS-1416|The Urban and Regional Planning|Municipal planning, service delivery, and council oversight|info@lusangazicouncil.gov.zm
DEPT-LUS-1417|A planning authority shall make the draft regional|Municipal planning, service delivery, and council oversight|info@lusangazicouncil.gov.zm
DEPT-LUS-1418|A planning authority shall establish mechanisms to collect|Municipal planning, service delivery, and council oversight|info@lusangazicouncil.gov.zm
DEPT-LUS-1419|area plan in such manner as may be prescribed and the planni|Municipal planning, service delivery, and council oversight|info@lusangazicouncil.gov.zm
DEPT-LUS-1420|The local planning authority may make alterations to the|Municipal planning, service delivery, and council oversight|info@lusangazicouncil.gov.zm
DEPT-LUS-1421|to the planning authorities under that subsection.|Municipal planning, service delivery, and council oversight|info@lusangazicouncil.gov.zm
DEPT-LUS-1422|made under subsection (1), the local planning authority cons|Municipal planning, service delivery, and council oversight|info@lusangazicouncil.gov.zm
DEPT-LUS-1423|be amended, the local planning authority shall, within thirt|Municipal planning, service delivery, and council oversight|info@lusangazicouncil.gov.zm
DEPT-LUS-1424|plan and local area plan made to the local planning|Municipal planning, service delivery, and council oversight|info@lusangazicouncil.gov.zm
DEPT-LUS-1425|The Urban and Regional Planning|Municipal planning, service delivery, and council oversight|info@lusangazicouncil.gov.zm
DEPT-LUS-1426|The members of a planning committee shall consider the|Municipal planning, service delivery, and council oversight|info@lusangazicouncil.gov.zm
DEPT-LUS-1427|(e) any comments on the adherence to planning guidelines|Municipal planning, service delivery, and council oversight|info@lusangazicouncil.gov.zm
DEPT-LUS-1428|and the relevance to the National Planning Framework,|Municipal planning, service delivery, and council oversight|info@lusangazicouncil.gov.zm
DEPT-LUS-1429|(a) inform the local planning authority accordingly and give|Municipal planning, service delivery, and council oversight|info@lusangazicouncil.gov.zm
DEPT-LUS-1430|(b) direct the local planning authority to amend the integra|Municipal planning, service delivery, and council oversight|info@lusangazicouncil.gov.zm
DEPT-LUS-1431|A local planning authority shall, where the Minister directs|Municipal planning, service delivery, and council oversight|info@lusangazicouncil.gov.zm
DEPT-LUS-1432|A planning authority shall avail the approved integrated|Municipal planning, service delivery, and council oversight|info@lusangazicouncil.gov.zm
DEPT-LUS-1433|The Urban and Regional Planning|Municipal planning, service delivery, and council oversight|info@lusangazicouncil.gov.zm
DEPT-LUS-1434|(a) the plan conflicts with the planning guidelines or other|Municipal planning, service delivery, and council oversight|info@lusangazicouncil.gov.zm
DEPT-LUS-1435|development plan and refer the plan to the planning authorit|Municipal planning, service delivery, and council oversight|info@lusangazicouncil.gov.zm
DEPT-LUS-1436|relevant planning authority shall be responsible for the res|Municipal planning, service delivery, and council oversight|info@lusangazicouncil.gov.zm
DEPT-LUS-1437|planning process.|Municipal planning, service delivery, and council oversight|info@lusangazicouncil.gov.zm
DEPT-LUS-1438|45. (1) A planning authority shall review its integrated|Municipal planning, service delivery, and council oversight|info@lusangazicouncil.gov.zm
DEPT-LUS-1439|A planning authority may amend or update an integrated|Municipal planning, service delivery, and council oversight|info@lusangazicouncil.gov.zm
DEPT-LUS-1440|The Urban and Regional Planning|Municipal planning, service delivery, and council oversight|info@lusangazicouncil.gov.zm
DEPT-LUS-1441|A local planning authority shall inform the provincial plann|Municipal planning, service delivery, and council oversight|info@lusangazicouncil.gov.zm
DEPT-LUS-1442|planning authority shall, within twenty-one days of being in|Municipal planning, service delivery, and council oversight|info@lusangazicouncil.gov.zm
DEPT-LUS-1443|by the local planning authority, respond to the local plann|Municipal planning, service delivery, and council oversight|info@lusangazicouncil.gov.zm
DEPT-LUS-1444|A local planning authority shall, if the provincial planning|Municipal planning, service delivery, and council oversight|info@lusangazicouncil.gov.zm
DEPT-LUS-1445|The provincial planning authority may—|Municipal planning, service delivery, and council oversight|info@lusangazicouncil.gov.zm
DEPT-LUS-1446|A local planning authority shall, where the provincial|Municipal planning, service delivery, and council oversight|info@lusangazicouncil.gov.zm
DEPT-LUS-1447|planning authority makes proposals for amendments to the int|Municipal planning, service delivery, and council oversight|info@lusangazicouncil.gov.zm
DEPT-LUS-1448|development plan, consider the proposals of the provincial p|Municipal planning, service delivery, and council oversight|info@lusangazicouncil.gov.zm
DEPT-LUS-1449|the provincial planning authority; or|Municipal planning, service delivery, and council oversight|info@lusangazicouncil.gov.zm
DEPT-LUS-1450|(b) if it disagrees with the proposals of the provincial pl|Municipal planning, service delivery, and council oversight|info@lusangazicouncil.gov.zm
DEPT-LUS-1451|planning authority with reasons, in writing, why it|Municipal planning, service delivery, and council oversight|info@lusangazicouncil.gov.zm
DEPT-LUS-1452|A provincial planning authority shall, on receipt of an|Municipal planning, service delivery, and council oversight|info@lusangazicouncil.gov.zm
DEPT-LUS-1453|planning authority’s objection to the Minister for direction|Municipal planning, service delivery, and council oversight|info@lusangazicouncil.gov.zm
DEPT-LUS-1454|A local planning authority shall adopt the integrated|Municipal planning, service delivery, and council oversight|info@lusangazicouncil.gov.zm
DEPT-LUS-1455|The Urban and Regional Planning|Municipal planning, service delivery, and council oversight|info@lusangazicouncil.gov.zm
DEPT-LUS-1456|to the planning committee, a local area plan for the propose|Municipal planning, service delivery, and council oversight|info@lusangazicouncil.gov.zm
DEPT-LUS-1457|written agreement, and after consultation with the provincia|Municipal planning, service delivery, and council oversight|info@lusangazicouncil.gov.zm
DEPT-LUS-1458|Any joint planning initiatives and multi-jurisdictional coun|Municipal planning, service delivery, and council oversight|info@lusangazicouncil.gov.zm
DEPT-LUS-1459|the Minister or the planning authority requesting that an or|Municipal planning, service delivery, and council oversight|info@lusangazicouncil.gov.zm
DEPT-LUS-1460|The Urban and Regional Planning|Municipal planning, service delivery, and council oversight|info@lusangazicouncil.gov.zm
DEPT-LUS-1461|PLANNING APPLICATIONS AND PERMISSION|Municipal planning, service delivery, and council oversight|info@lusangazicouncil.gov.zm
DEPT-LUS-1462|change the use of land or subdivide any land without plannin|Municipal planning, service delivery, and council oversight|info@lusangazicouncil.gov.zm
DEPT-LUS-1463|hundred penalty units.|Municipal planning, service delivery, and council oversight|info@lusangazicouncil.gov.zm
DEPT-LUS-1464|A planning authority may, where a person carries out any|Municipal planning, service delivery, and council oversight|info@lusangazicouncil.gov.zm
DEPT-LUS-1465|A planning authority may, where a person changes the use|Municipal planning, service delivery, and council oversight|info@lusangazicouncil.gov.zm
DEPT-LUS-1466|Where planning permission is granted for a limited period,|Municipal planning, service delivery, and council oversight|info@lusangazicouncil.gov.zm
DEPT-LUS-1467|no further planning permission shall be required at the end|Municipal planning, service delivery, and council oversight|info@lusangazicouncil.gov.zm
DEPT-LUS-1468|lawfully used before the planning permission was granted.|Municipal planning, service delivery, and council oversight|info@lusangazicouncil.gov.zm
DEPT-LUS-1469|Where an application for planning permission is for a|Municipal planning, service delivery, and council oversight|info@lusangazicouncil.gov.zm
DEPT-LUS-1470|planning permission is required for purposes of this Act;|Municipal planning, service delivery, and council oversight|info@lusangazicouncil.gov.zm
DEPT-LUS-1471|(b) specific requirements for planning permission and|Municipal planning, service delivery, and council oversight|info@lusangazicouncil.gov.zm
DEPT-LUS-1472|50. (1) The Minister may direct a planning authority to refe|Municipal planning, service delivery, and council oversight|info@lusangazicouncil.gov.zm
DEPT-LUS-1473|an application made to that planning authority for planning|Municipal planning, service delivery, and council oversight|info@lusangazicouncil.gov.zm
DEPT-LUS-1474|the Minister instead of being dealt with by the planning aut|Municipal planning, service delivery, and council oversight|info@lusangazicouncil.gov.zm
DEPT-LUS-1475|and the planning authority shall comply with the directive.|Municipal planning, service delivery, and council oversight|info@lusangazicouncil.gov.zm
DEPT-LUS-1476|The Urban and Regional Planning|Municipal planning, service delivery, and council oversight|info@lusangazicouncil.gov.zm
DEPT-LUS-1477|Where an application for planning permission is referred|Municipal planning, service delivery, and council oversight|info@lusangazicouncil.gov.zm
DEPT-LUS-1478|Where the Minister, after consultation with a planning|Municipal planning, service delivery, and council oversight|info@lusangazicouncil.gov.zm
DEPT-LUS-1479|authority, considers that the planning authority has granted|Municipal planning, service delivery, and council oversight|info@lusangazicouncil.gov.zm
DEPT-LUS-1480|the date of the granting of the planning permission, direct|Municipal planning, service delivery, and council oversight|info@lusangazicouncil.gov.zm
DEPT-LUS-1481|authority to cancel the planning permission, and the plannin|Municipal planning, service delivery, and council oversight|info@lusangazicouncil.gov.zm
DEPT-LUS-1482|Where any planning permission is cancelled under|Municipal planning, service delivery, and council oversight|info@lusangazicouncil.gov.zm
DEPT-LUS-1483|subsection (3), the person to whom the planning permission w|Municipal planning, service delivery, and council oversight|info@lusangazicouncil.gov.zm
DEPT-LUS-1484|granted shall be entitled to claim compensation from the pla|Municipal planning, service delivery, and council oversight|info@lusangazicouncil.gov.zm
DEPT-LUS-1485|carrying out the work terminated by the cancellation of the|Municipal planning, service delivery, and council oversight|info@lusangazicouncil.gov.zm
DEPT-LUS-1486|directly attributable to the cancellation of the planning pe|Municipal planning, service delivery, and council oversight|info@lusangazicouncil.gov.zm
DEPT-LUS-1487|and the planning authority shall pay compensation to that p|Municipal planning, service delivery, and council oversight|info@lusangazicouncil.gov.zm
DEPT-LUS-1488|51. (1) The power to grant planning permission under this Pa|Municipal planning, service delivery, and council oversight|info@lusangazicouncil.gov.zm
DEPT-LUS-1489|the date of the application for planning permission, or for|Municipal planning, service delivery, and council oversight|info@lusangazicouncil.gov.zm
DEPT-LUS-1490|without the planning permission granted under this Part or i|Municipal planning, service delivery, and council oversight|info@lusangazicouncil.gov.zm
DEPT-LUS-1491|accordance with the planning permission granted for a limite|Municipal planning, service delivery, and council oversight|info@lusangazicouncil.gov.zm
DEPT-LUS-1492|The planning permission referred to in subsection (1) may|Municipal planning, service delivery, and council oversight|info@lusangazicouncil.gov.zm
DEPT-LUS-1493|Where planning permission is granted under this Part for|Municipal planning, service delivery, and council oversight|info@lusangazicouncil.gov.zm
DEPT-LUS-1494|the erection of a building, the grant of planning permission|Municipal planning, service delivery, and council oversight|info@lusangazicouncil.gov.zm
DEPT-LUS-1495|Where planning permission to develop land is granted under|Municipal planning, service delivery, and council oversight|info@lusangazicouncil.gov.zm
DEPT-LUS-1496|construed as requiring planning permission to be obtained fo|Municipal planning, service delivery, and council oversight|info@lusangazicouncil.gov.zm
DEPT-LUS-1497|for the purpose for which it was normally used before the pl|Municipal planning, service delivery, and council oversight|info@lusangazicouncil.gov.zm
DEPT-LUS-1498|The Urban and Regional Planning|Municipal planning, service delivery, and council oversight|info@lusangazicouncil.gov.zm
DEPT-LUS-1499|planning permission, no account shall be taken of any use of|Municipal planning, service delivery, and council oversight|info@lusangazicouncil.gov.zm
DEPT-LUS-1500|52. (1) Planning permission for development shall be granted|Municipal planning, service delivery, and council oversight|info@lusangazicouncil.gov.zm
DEPT-LUS-1501|the planning authority in the prescribed manner and form u|Municipal planning, service delivery, and council oversight|info@lusangazicouncil.gov.zm
DEPT-LUS-1502|A planning authority shall, in considering an application fo|Municipal planning, service delivery, and council oversight|info@lusangazicouncil.gov.zm
DEPT-LUS-1503|planning requirements in respect of accommodation and|Municipal planning, service delivery, and council oversight|info@lusangazicouncil.gov.zm
DEPT-LUS-1504|53. (1) A planning authority shall, in considering applicati|Municipal planning, service delivery, and council oversight|info@lusangazicouncil.gov.zm
DEPT-LUS-1505|for development permits comply with the planning guidelines|Municipal planning, service delivery, and council oversight|info@lusangazicouncil.gov.zm
DEPT-LUS-1506|(2) A planning authority shall not consider an application f|Municipal planning, service delivery, and council oversight|info@lusangazicouncil.gov.zm
DEPT-LUS-1507|The Urban and Regional Planning|Municipal planning, service delivery, and council oversight|info@lusangazicouncil.gov.zm
DEPT-LUS-1508|A planning authority may, when granting a development|Municipal planning, service delivery, and council oversight|info@lusangazicouncil.gov.zm
DEPT-LUS-1509|A planning authority shall, where the grant of a development|Municipal planning, service delivery, and council oversight|info@lusangazicouncil.gov.zm
DEPT-LUS-1510|the planning authority concerned, specifying in general ter|Municipal planning, service delivery, and council oversight|info@lusangazicouncil.gov.zm
DEPT-LUS-1511|notice of intention is given, the planning authority shall n|Municipal planning, service delivery, and council oversight|info@lusangazicouncil.gov.zm
DEPT-LUS-1512|A planning authority shall, within ninety days of receipt of|Municipal planning, service delivery, and council oversight|info@lusangazicouncil.gov.zm
DEPT-LUS-1513|additional information or revised plans which the planning|Municipal planning, service delivery, and council oversight|info@lusangazicouncil.gov.zm
DEPT-LUS-1514|The Urban and Regional Planning|Municipal planning, service delivery, and council oversight|info@lusangazicouncil.gov.zm
DEPT-LUS-1515|56. (1) A person may apply to a planning authority concerned|Municipal planning, service delivery, and council oversight|info@lusangazicouncil.gov.zm
DEPT-LUS-1516|for variation of the terms and conditions of the planning pe|Municipal planning, service delivery, and council oversight|info@lusangazicouncil.gov.zm
DEPT-LUS-1517|A planning authority may, where an application is made|Municipal planning, service delivery, and council oversight|info@lusangazicouncil.gov.zm
DEPT-LUS-1518|under subsection (1), vary the planning permission or reject|Municipal planning, service delivery, and council oversight|info@lusangazicouncil.gov.zm
DEPT-LUS-1519|57. (1) Subject to the other provisions of this section, a p|Municipal planning, service delivery, and council oversight|info@lusangazicouncil.gov.zm
DEPT-LUS-1520|authority may amend or revoke planning permission if—|Municipal planning, service delivery, and council oversight|info@lusangazicouncil.gov.zm
DEPT-LUS-1521|(a) the planning authority has reasonable grounds to believe|Municipal planning, service delivery, and council oversight|info@lusangazicouncil.gov.zm
DEPT-LUS-1522|(b) the planning permission no longer conforms to the|Municipal planning, service delivery, and council oversight|info@lusangazicouncil.gov.zm
DEPT-LUS-1523|(c) the amendment or revocation of the planning permission|Municipal planning, service delivery, and council oversight|info@lusangazicouncil.gov.zm
DEPT-LUS-1524|A planning authority shall, before amending or revoking a|Municipal planning, service delivery, and council oversight|info@lusangazicouncil.gov.zm
DEPT-LUS-1525|planning permission in accordance with subsection (1), give|Municipal planning, service delivery, and council oversight|info@lusangazicouncil.gov.zm
DEPT-LUS-1526|amend or revoke the planning permission and shall—|Municipal planning, service delivery, and council oversight|info@lusangazicouncil.gov.zm
DEPT-LUS-1527|cause, within a period of thirty days, why the planning|Municipal planning, service delivery, and council oversight|info@lusangazicouncil.gov.zm
DEPT-LUS-1528|A planning authority shall not amend or revoke planning|Municipal planning, service delivery, and council oversight|info@lusangazicouncil.gov.zm
DEPT-LUS-1529|takes remedial measures to the satisfaction of the planning|Municipal planning, service delivery, and council oversight|info@lusangazicouncil.gov.zm
DEPT-LUS-1530|A planning authority shall, in making its final determinatio|Municipal planning, service delivery, and council oversight|info@lusangazicouncil.gov.zm
DEPT-LUS-1531|on the amendment or revocation of a planning permission, co|Municipal planning, service delivery, and council oversight|info@lusangazicouncil.gov.zm
DEPT-LUS-1532|A planning authority shall amend or revoke a planning|Municipal planning, service delivery, and council oversight|info@lusangazicouncil.gov.zm
DEPT-LUS-1533|any remedial measures to the satisfaction of the planning au|Municipal planning, service delivery, and council oversight|info@lusangazicouncil.gov.zm
DEPT-LUS-1534|The Urban and Regional Planning|Municipal planning, service delivery, and council oversight|info@lusangazicouncil.gov.zm
DEPT-LUS-1535|Where a planning permission is revoked, the holder of the|Municipal planning, service delivery, and council oversight|info@lusangazicouncil.gov.zm
DEPT-LUS-1536|revocation and shall return the permit to the planning autho|Municipal planning, service delivery, and council oversight|info@lusangazicouncil.gov.zm
DEPT-LUS-1537|A planning authority shall, where it amends or revokes a|Municipal planning, service delivery, and council oversight|info@lusangazicouncil.gov.zm
DEPT-LUS-1538|planning permission under this section, publish the amendmen|Municipal planning, service delivery, and council oversight|info@lusangazicouncil.gov.zm
DEPT-LUS-1539|Public objections to any planning application required unde|Municipal planning, service delivery, and council oversight|info@lusangazicouncil.gov.zm
DEPT-LUS-1540|A person aggrieved with the decision of a planning authority|Municipal planning, service delivery, and council oversight|info@lusangazicouncil.gov.zm
DEPT-LUS-1541|may appeal, in writing, to the appropriate Planning Appeals|Municipal planning, service delivery, and council oversight|info@lusangazicouncil.gov.zm
DEPT-LUS-1542|within thirty days of the receipt of the decision of the pla|Municipal planning, service delivery, and council oversight|info@lusangazicouncil.gov.zm
DEPT-LUS-1543|A planning department shall report on all applications for|Municipal planning, service delivery, and council oversight|info@lusangazicouncil.gov.zm
DEPT-LUS-1544|planning permission granted, the variation of plans and defe|Municipal planning, service delivery, and council oversight|info@lusangazicouncil.gov.zm
DEPT-LUS-1545|planning committee.|Municipal planning, service delivery, and council oversight|info@lusangazicouncil.gov.zm
DEPT-LUS-1546|61. (1) A planning department shall maintain a register of|Municipal planning, service delivery, and council oversight|info@lusangazicouncil.gov.zm
DEPT-LUS-1547|planning applications made and planning permissions issued u|Municipal planning, service delivery, and council oversight|info@lusangazicouncil.gov.zm
DEPT-LUS-1548|PLANNING APPEALS TRIBUNALS|Municipal planning, service delivery, and council oversight|info@lusangazicouncil.gov.zm
DEPT-LUS-1549|a planning appeals tribunal for each Province of the Republ|Municipal planning, service delivery, and council oversight|info@lusangazicouncil.gov.zm
DEPT-LUS-1550|decisions of planning authorities in the Province.|Municipal planning, service delivery, and council oversight|info@lusangazicouncil.gov.zm
DEPT-LUS-1551|A planning appeals tribunal shall consist of the following|Municipal planning, service delivery, and council oversight|info@lusangazicouncil.gov.zm
DEPT-LUS-1552|The Urban and Regional Planning|Municipal planning, service delivery, and council oversight|info@lusangazicouncil.gov.zm
DEPT-LUS-1553|(b) a planner of five years or more planning experience,|Municipal planning, service delivery, and council oversight|info@lusangazicouncil.gov.zm
DEPT-LUS-1554|planning appeals tribunal, ensure equitable gender represent|Municipal planning, service delivery, and council oversight|info@lusangazicouncil.gov.zm
DEPT-LUS-1555|(a) the tenure of office of members of the planning appeals|Municipal planning, service delivery, and council oversight|info@lusangazicouncil.gov.zm
DEPT-LUS-1556|(b) the payment of expenses of the planning appeals tribunal|Municipal planning, service delivery, and council oversight|info@lusangazicouncil.gov.zm
DEPT-LUS-1557|assessors and the secretariat to the planning appeals|Municipal planning, service delivery, and council oversight|info@lusangazicouncil.gov.zm
DEPT-LUS-1558|(d) any other matter relating to the planning appeals tribun|Municipal planning, service delivery, and council oversight|info@lusangazicouncil.gov.zm
DEPT-LUS-1559|The Secretary to a planning appeals tribunal shall be a|Municipal planning, service delivery, and council oversight|info@lusangazicouncil.gov.zm
DEPT-LUS-1560|and regional planning.|Municipal planning, service delivery, and council oversight|info@lusangazicouncil.gov.zm
DEPT-LUS-1561|A planning appeals tribunal shall have jurisdiction over the|Municipal planning, service delivery, and council oversight|info@lusangazicouncil.gov.zm
DEPT-LUS-1562|A planning appeals tribunal shall convene at least four|Municipal planning, service delivery, and council oversight|info@lusangazicouncil.gov.zm
DEPT-LUS-1563|(a) the manner and form for lodging of appeals to planning|Municipal planning, service delivery, and council oversight|info@lusangazicouncil.gov.zm
DEPT-LUS-1564|(b) the mode of summoning persons before a planning appeals|Municipal planning, service delivery, and council oversight|info@lusangazicouncil.gov.zm
DEPT-LUS-1565|(e) the records of a planning appeals tribunal;|Municipal planning, service delivery, and council oversight|info@lusangazicouncil.gov.zm
DEPT-LUS-1566|The Urban and Regional Planning|Municipal planning, service delivery, and council oversight|info@lusangazicouncil.gov.zm
DEPT-LUS-1567|(f) the notification of decisions of a planning appeals trib|Municipal planning, service delivery, and council oversight|info@lusangazicouncil.gov.zm
DEPT-LUS-1568|(g) the functions of advisers and assessors to a planning|Municipal planning, service delivery, and council oversight|info@lusangazicouncil.gov.zm
DEPT-LUS-1569|functions of a planning appeals tribunal.|Municipal planning, service delivery, and council oversight|info@lusangazicouncil.gov.zm
DEPT-LUS-1570|assessor or advisor to, a planning appeals tribunal in respe|Municipal planning, service delivery, and council oversight|info@lusangazicouncil.gov.zm
DEPT-LUS-1571|PLANNING CONTROLS AND COMPENSATION|Municipal planning, service delivery, and council oversight|info@lusangazicouncil.gov.zm
DEPT-LUS-1572|64. (1) A local planning authority shall designate planning|Municipal planning, service delivery, and council oversight|info@lusangazicouncil.gov.zm
DEPT-LUS-1573|funding to the planning inspectors to enable the planning i|Municipal planning, service delivery, and council oversight|info@lusangazicouncil.gov.zm
DEPT-LUS-1574|(2) A local planning authority may, in addition to the plann|Municipal planning, service delivery, and council oversight|info@lusangazicouncil.gov.zm
DEPT-LUS-1575|and experienced persons to serve as part-time planning inspe|Municipal planning, service delivery, and council oversight|info@lusangazicouncil.gov.zm
DEPT-LUS-1576|65. (1) Where a local planning authority determines that|Municipal planning, service delivery, and council oversight|info@lusangazicouncil.gov.zm
DEPT-LUS-1577|under this Act or that the conditions to which a grant of pl|Municipal planning, service delivery, and council oversight|info@lusangazicouncil.gov.zm
DEPT-LUS-1578|complied with, the local planning authority shall instruct a|Municipal planning, service delivery, and council oversight|info@lusangazicouncil.gov.zm
DEPT-LUS-1579|If it appears to a planning inspector that any use of land|Municipal planning, service delivery, and council oversight|info@lusangazicouncil.gov.zm
DEPT-LUS-1580|should be altered or removed, the planning inspector may iss|Municipal planning, service delivery, and council oversight|info@lusangazicouncil.gov.zm
DEPT-LUS-1581|The Urban and Regional Planning|Municipal planning, service delivery, and council oversight|info@lusangazicouncil.gov.zm
DEPT-LUS-1582|Immunity of|Municipal planning, service delivery, and council oversight|info@lusangazicouncil.gov.zm
DEPT-LUS-1583|by planning|Municipal planning, service delivery, and council oversight|info@lusangazicouncil.gov.zm
DEPT-LUS-1584|enforcement notice, appeal to the relevant planning appeals|Municipal planning, service delivery, and council oversight|info@lusangazicouncil.gov.zm
DEPT-LUS-1585|appeal is made to a planning appeals tribunal by a person on|Municipal planning, service delivery, and council oversight|info@lusangazicouncil.gov.zm
DEPT-LUS-1586|A planning appeals tribunal shall determine an appeal within|Municipal planning, service delivery, and council oversight|info@lusangazicouncil.gov.zm
DEPT-LUS-1587|Where a planning appeals tribunal fails to make a decision|Municipal planning, service delivery, and council oversight|info@lusangazicouncil.gov.zm
DEPT-LUS-1588|A planning authority shall maintain a register for|Municipal planning, service delivery, and council oversight|info@lusangazicouncil.gov.zm
DEPT-LUS-1589|67. (1) A local planning authority may, if an enforcement no|Municipal planning, service delivery, and council oversight|info@lusangazicouncil.gov.zm
DEPT-LUS-1590|is not complied with and there is no appeal lodged with a p|Municipal planning, service delivery, and council oversight|info@lusangazicouncil.gov.zm
DEPT-LUS-1591|expenses reasonably incurred by the local planning|Municipal planning, service delivery, and council oversight|info@lusangazicouncil.gov.zm
DEPT-LUS-1592|exceeding one hundred thousand penalty units and, in the cas|Municipal planning, service delivery, and council oversight|info@lusangazicouncil.gov.zm
DEPT-LUS-1593|penalty units for each day of default of the notice.|Municipal planning, service delivery, and council oversight|info@lusangazicouncil.gov.zm
DEPT-LUS-1594|The Urban and Regional Planning|Municipal planning, service delivery, and council oversight|info@lusangazicouncil.gov.zm
DEPT-LUS-1595|varied planning decision shall be entitled to compensation.|Municipal planning, service delivery, and council oversight|info@lusangazicouncil.gov.zm
DEPT-LUS-1596|planning permission or in respect of any other loss or|Municipal planning, service delivery, and council oversight|info@lusangazicouncil.gov.zm
DEPT-LUS-1597|done before the grant of planning permission;|Municipal planning, service delivery, and council oversight|info@lusangazicouncil.gov.zm
DEPT-LUS-1598|(b) in respect of the refusal of planning permission to deve|Municipal planning, service delivery, and council oversight|info@lusangazicouncil.gov.zm
DEPT-LUS-1599|(c) in respect of the refusal of planning permission to deve|Municipal planning, service delivery, and council oversight|info@lusangazicouncil.gov.zm
DEPT-LUS-1600|The Urban and Regional Planning|Municipal planning, service delivery, and council oversight|info@lusangazicouncil.gov.zm
DEPT-LUS-1601|for planning|Municipal planning, service delivery, and council oversight|info@lusangazicouncil.gov.zm
DEPT-LUS-1602|(d) in respect of the imposition on the granting of planning|Municipal planning, service delivery, and council oversight|info@lusangazicouncil.gov.zm
DEPT-LUS-1603|(e) in respect of any planning decision on an application fo|Municipal planning, service delivery, and council oversight|info@lusangazicouncil.gov.zm
DEPT-LUS-1604|(h) in respect of the granting of planning permission subjec|Municipal planning, service delivery, and council oversight|info@lusangazicouncil.gov.zm
DEPT-LUS-1605|information in an application for planning permission.|Municipal planning, service delivery, and council oversight|info@lusangazicouncil.gov.zm
DEPT-LUS-1606|For the purposes of this section, a planning decision where|Municipal planning, service delivery, and council oversight|info@lusangazicouncil.gov.zm
DEPT-LUS-1607|planning permission to develop land is granted subject to a|Municipal planning, service delivery, and council oversight|info@lusangazicouncil.gov.zm
DEPT-LUS-1608|be treated as a decision refusing the planning permission i|Municipal planning, service delivery, and council oversight|info@lusangazicouncil.gov.zm
DEPT-LUS-1609|The Urban and Regional Planning|Municipal planning, service delivery, and council oversight|info@lusangazicouncil.gov.zm
DEPT-LUS-1610|notice of the planning decision to which it relates.|Municipal planning, service delivery, and council oversight|info@lusangazicouncil.gov.zm
DEPT-LUS-1611|The Minister or planning authority may require a claimant|Municipal planning, service delivery, and council oversight|info@lusangazicouncil.gov.zm
DEPT-LUS-1612|to provide the Minister or planning authority with—|Municipal planning, service delivery, and council oversight|info@lusangazicouncil.gov.zm
DEPT-LUS-1613|of determination by agreement, be determined by a planning a|Municipal planning, service delivery, and council oversight|info@lusangazicouncil.gov.zm
DEPT-LUS-1614|Act applies without the prior approval of the planning|Municipal planning, service delivery, and council oversight|info@lusangazicouncil.gov.zm
DEPT-LUS-1615|to a fine not exceeding two hundred thousand penalty units o|Municipal planning, service delivery, and council oversight|info@lusangazicouncil.gov.zm
DEPT-LUS-1616|The Urban and Regional Planning|Municipal planning, service delivery, and council oversight|info@lusangazicouncil.gov.zm
DEPT-LUS-1617|(2), a planning inspector or other person authorised, in wri|Municipal planning, service delivery, and council oversight|info@lusangazicouncil.gov.zm
DEPT-LUS-1618|the Minister or by any planning authority may enter upon any|Municipal planning, service delivery, and council oversight|info@lusangazicouncil.gov.zm
DEPT-LUS-1619|two hundred thousand penalty units or to imprisonment for a|Municipal planning, service delivery, and council oversight|info@lusangazicouncil.gov.zm
DEPT-LUS-1620|thousand penalty units or imprisonment for a period not|Municipal planning, service delivery, and council oversight|info@lusangazicouncil.gov.zm
DEPT-LUS-1621|The Urban and Regional Planning|Municipal planning, service delivery, and council oversight|info@lusangazicouncil.gov.zm
DEPT-LUS-1622|(g) prescribe the standards to be met by a local planning|Municipal planning, service delivery, and council oversight|info@lusangazicouncil.gov.zm
DEPT-LUS-1623|and regional planning authorities;|Municipal planning, service delivery, and council oversight|info@lusangazicouncil.gov.zm
DEPT-LUS-1624|The Town and Country Planning Act, 1962, and the|Municipal planning, service delivery, and council oversight|info@lusangazicouncil.gov.zm
DEPT-LUS-1625|or imposed under the provisions of the Town and Country Plan|Municipal planning, service delivery, and council oversight|info@lusangazicouncil.gov.zm
DEPT-LUS-1626|the provisions of any planning scheme, zoning scheme or zo|Municipal planning, service delivery, and council oversight|info@lusangazicouncil.gov.zm
DEPT-LUS-1627|The Urban and Regional Planning|Municipal planning, service delivery, and council oversight|info@lusangazicouncil.gov.zm
DEPT-LUS-1628|The Urban and Regional Planning|Municipal planning, service delivery, and council oversight|info@lusangazicouncil.gov.zm
DEPT-LUS-1629|as people living with disabilities, women, community and tra|Municipal planning, service delivery, and council oversight|info@lusangazicouncil.gov.zm
DEPT-LUS-1630|2. Identify engagement opportunities and develop a detailed|Municipal planning, service delivery, and council oversight|info@lusangazicouncil.gov.zm
DEPT-LUS-1631|Development Committees (WDCs), Neighborhood Health Committee|Municipal planning, service delivery, and council oversight|info@lusangazicouncil.gov.zm
DEPT-LUS-1632|Assistance Committees (CWACs), government agencies at variou|Municipal planning, service delivery, and council oversight|info@lusangazicouncil.gov.zm
DEPT-LUS-1633|Traditional and Community leaders, businesses, civil society|Municipal planning, service delivery, and council oversight|info@lusangazicouncil.gov.zm
DEPT-LUS-1634|outlets, and potentially affected groups within the communit|Municipal planning, service delivery, and council oversight|info@lusangazicouncil.gov.zm
DEPT-LUS-1635|LAs provide communities with SEP giving|Municipal planning, service delivery, and council oversight|info@lusangazicouncil.gov.zm
DEPT-LUS-1636|communities may accept or reject project|Municipal planning, service delivery, and council oversight|info@lusangazicouncil.gov.zm
DEPT-LUS-1637|whether input from community, especially|Municipal planning, service delivery, and council oversight|info@lusangazicouncil.gov.zm
DEPT-LUS-1638|is made, together with a certificate from the planning|Municipal planning, service delivery, and council oversight|info@lusangazicouncil.gov.zm
DEPT-LUS-1639|the safety, health and town planning requirements in|Municipal planning, service delivery, and council oversight|info@lusangazicouncil.gov.zm
DEPT-LUS-1640|offensive to the community it will serve or is not|Municipal planning, service delivery, and council oversight|info@lusangazicouncil.gov.zm
DEPT-LUS-1641|thousand penalty units or to imprisonment for a period not e|Municipal planning, service delivery, and council oversight|info@lusangazicouncil.gov.zm
DEPT-LUS-1642|fine not exceeding three hundred thousand penalty units:|Municipal planning, service delivery, and council oversight|info@lusangazicouncil.gov.zm
DEPT-LUS-1643|exceeding five thousand penalty units, and the costs|Municipal planning, service delivery, and council oversight|info@lusangazicouncil.gov.zm
DEPT-LUS-1644|thousand penalty units or to imprisonment for a period|Municipal planning, service delivery, and council oversight|info@lusangazicouncil.gov.zm
DEPT-LUS-1645|hundred thousand penalty units or to imprisonment for|Municipal planning, service delivery, and council oversight|info@lusangazicouncil.gov.zm
DEPT-LUS-1646|exceeding three hundred thousand penalty units or to|Municipal planning, service delivery, and council oversight|info@lusangazicouncil.gov.zm
DEPT-LUS-1647|hundred thousand penalty units.|Municipal planning, service delivery, and council oversight|info@lusangazicouncil.gov.zm
DEPT-LUS-1648|thousand penalty units ; and|Municipal planning, service delivery, and council oversight|info@lusangazicouncil.gov.zm
DEPT-LUS-1649|three hundred thousand penalty units, and in either case,|Municipal planning, service delivery, and council oversight|info@lusangazicouncil.gov.zm
DEPT-LUS-1650|hundred thousand penalty units or to imprisonment for a peri|Municipal planning, service delivery, and council oversight|info@lusangazicouncil.gov.zm
DEPT-LUS-1651|thousand penalty units or to imprisonment for a period not e|Municipal planning, service delivery, and council oversight|info@lusangazicouncil.gov.zm
DEPT-LUS-1652|thousand penalty units.|Municipal planning, service delivery, and council oversight|info@lusangazicouncil.gov.zm
DEPT-LUS-1653|thousand penalty units.|Municipal planning, service delivery, and council oversight|info@lusangazicouncil.gov.zm
DEPT-LUS-1654|two hundred thousand penalty units and, upon a subsequent|Municipal planning, service delivery, and council oversight|info@lusangazicouncil.gov.zm
DEPT-LUS-1655|hundred thousand penalty units and, on a subsequent convicti|Municipal planning, service delivery, and council oversight|info@lusangazicouncil.gov.zm
DEPT-LUS-1656|a fine not exceeding seven hundred thousand penalty units.|Municipal planning, service delivery, and council oversight|info@lusangazicouncil.gov.zm
DEPT-LUS-1657|three hundred thousand penalty units and, upon a subsequent|Municipal planning, service delivery, and council oversight|info@lusangazicouncil.gov.zm
DEPT-LUS-1658|units and to the forfeiture of that person’s licence.|Municipal planning, service delivery, and council oversight|info@lusangazicouncil.gov.zm
DEPT-LUS-1659|penalty units.|Municipal planning, service delivery, and council oversight|info@lusangazicouncil.gov.zm
DEPT-LUS-1660|penalty units, and the licensee so convicted shall have the|Municipal planning, service delivery, and council oversight|info@lusangazicouncil.gov.zm
DEPT-LUS-1661|units and to a further fine not exceeding three thousand pen|Municipal planning, service delivery, and council oversight|info@lusangazicouncil.gov.zm
DEPT-LUS-1662|units for every day the default continues after the expirati|Municipal planning, service delivery, and council oversight|info@lusangazicouncil.gov.zm
DEPT-LUS-1663|exceeding three hundred thousand penalty units or to impriso|Municipal planning, service delivery, and council oversight|info@lusangazicouncil.gov.zm
DEPT-LUS-1664|exceeding two hundred thousand penalty units or to imprisonm|Municipal planning, service delivery, and council oversight|info@lusangazicouncil.gov.zm
DEPT-LUS-1665|day to day administration of the Office of the Data Protecti|Municipal planning, service delivery, and council oversight|info@lusangazicouncil.gov.zm
DEPT-LUS-1666|responsible for the formulation of policies and planning and|Municipal planning, service delivery, and council oversight|info@lusangazicouncil.gov.zm
DEPT-LUS-1667|(a) a fine not exceeding one hundred million penalty units;|Municipal planning, service delivery, and council oversight|info@lusangazicouncil.gov.zm
DEPT-LUS-1668|million penalty units or to imprisonment for a term not exce|Municipal planning, service delivery, and council oversight|info@lusangazicouncil.gov.zm
DEPT-LUS-1669|hundred thousand penalty units or to imprisonment for a term|Municipal planning, service delivery, and council oversight|info@lusangazicouncil.gov.zm
DEPT-LUS-1670|fine not exceeding one million penalty units or to imprisonm|Municipal planning, service delivery, and council oversight|info@lusangazicouncil.gov.zm
DEPT-LUS-1671|million penalty units or to imprisonment for a term of ten y|Municipal planning, service delivery, and council oversight|info@lusangazicouncil.gov.zm
DEPT-LUS-1672|controller the opportunity to object to those changes.|Municipal planning, service delivery, and council oversight|info@lusangazicouncil.gov.zm
DEPT-LUS-1673|hundred thousand penalty units or to imprisonment for a term|Municipal planning, service delivery, and council oversight|info@lusangazicouncil.gov.zm
DEPT-LUS-1674|two million penalty units, whichever is higher.|Municipal planning, service delivery, and council oversight|info@lusangazicouncil.gov.zm
DEPT-LUS-1675|not exceeding one million penalty units or to imprisonment f|Municipal planning, service delivery, and council oversight|info@lusangazicouncil.gov.zm
DEPT-LUS-1676|penalty units, or to imprisonment to a termnot exceeding two|Municipal planning, service delivery, and council oversight|info@lusangazicouncil.gov.zm
DEPT-LUS-1677|not exceeding three hundred thousand penalty units or to|Municipal planning, service delivery, and council oversight|info@lusangazicouncil.gov.zm
DEPT-LUS-1678|fine not exceeding two hundred thousand penalty units or to|Municipal planning, service delivery, and council oversight|info@lusangazicouncil.gov.zm
DEPT-LUS-1679|exceeding two hundred thousand penalty units or to imprisonm|Municipal planning, service delivery, and council oversight|info@lusangazicouncil.gov.zm
DEPT-LUS-1680|(Administration), Mr. Maambo B. Haamaundu announced today, 8|Municipal planning, service delivery, and council oversight|info@lusangazicouncil.gov.zm
DEPT-LUS-1681|Administration of Equalisation Fund|Municipal planning, service delivery, and council oversight|info@lusangazicouncil.gov.zm
DEPT-LUS-1682|public health or urban and regional planning; or|Municipal planning, service delivery, and council oversight|info@lusangazicouncil.gov.zm
DEPT-LUS-1683|avaluation of thelandor building tobecarried out bytheDepart|Municipal planning, service delivery, and council oversight|info@lusangazicouncil.gov.zm
DEPT-LUS-1684|(b) an extension officer from the department responsible for|Municipal planning, service delivery, and council oversight|info@lusangazicouncil.gov.zm
DEPT-LUS-1685|(c) an extension officer from the department responsible for|Municipal planning, service delivery, and council oversight|info@lusangazicouncil.gov.zm
DEPT-LUS-1686|(d) an extension officer from the department responsible for|Municipal planning, service delivery, and council oversight|info@lusangazicouncil.gov.zm
DEPT-LUS-1687|(e) an extension officer from the department responsible for|Municipal planning, service delivery, and council oversight|info@lusangazicouncil.gov.zm
DEPT-LUS-1688|community development;|Municipal planning, service delivery, and council oversight|info@lusangazicouncil.gov.zm
DEPT-LUS-1689|(d) promote community engagement in ward development|Municipal planning, service delivery, and council oversight|info@lusangazicouncil.gov.zm
DEPT-LUS-1690|of the local community;|Municipal planning, service delivery, and council oversight|info@lusangazicouncil.gov.zm
DEPT-LUS-1691|budget in accordance with the National Planning and Budget A|Municipal planning, service delivery, and council oversight|info@lusangazicouncil.gov.zm
DEPT-LUS-1692|(a) administration and management of a general or special|Municipal planning, service delivery, and council oversight|info@lusangazicouncil.gov.zm
DEPT-LUS-1693|administration and management of the funds.|Municipal planning, service delivery, and council oversight|info@lusangazicouncil.gov.zm
DEPT-LUS-1694|(a) administration and management of the Equalisation Fund;|Municipal planning, service delivery, and council oversight|info@lusangazicouncil.gov.zm
DEPT-LUS-1695|administration and management of the Equalisation|Municipal planning, service delivery, and council oversight|info@lusangazicouncil.gov.zm
DEPT-LUS-1696|Administration|Municipal planning, service delivery, and council oversight|info@lusangazicouncil.gov.zm
DEPT-LUS-1697|administration, extend the order for further periods of nine|Municipal planning, service delivery, and council oversight|info@lusangazicouncil.gov.zm
DEPT-LUS-1698|(a) a fine of fifty thousand penalty units or imprisonment f|Municipal planning, service delivery, and council oversight|info@lusangazicouncil.gov.zm
DEPT-LUS-1699|fine of six thousand penalty units for each day that the|Municipal planning, service delivery, and council oversight|info@lusangazicouncil.gov.zm
DEPT-LUS-1700|Minister’s intention and shall afford a local authority an o|Municipal planning, service delivery, and council oversight|info@lusangazicouncil.gov.zm
DEPT-LUS-1701|liable to a fine not exceeding fifty thousand penalty units|Municipal planning, service delivery, and council oversight|info@lusangazicouncil.gov.zm
DEPT-LUS-1702|A local authority shall, in relation to general administrati|Municipal planning, service delivery, and council oversight|info@lusangazicouncil.gov.zm
DEPT-LUS-1703|good administration of the council.|Municipal planning, service delivery, and council oversight|info@lusangazicouncil.gov.zm
DEPT-LUS-1704|Administration|Municipal planning, service delivery, and council oversight|info@lusangazicouncil.gov.zm
DEPT-LUS-1705|A local authority shall, in relation to community|Municipal planning, service delivery, and council oversight|info@lusangazicouncil.gov.zm
DEPT-LUS-1706|of and participation in, community development;|Municipal planning, service delivery, and council oversight|info@lusangazicouncil.gov.zm
DEPT-LUS-1707|any purpose connected with the administration of the|Municipal planning, service delivery, and council oversight|info@lusangazicouncil.gov.zm
DEPT-LUS-1708|(1) COMMUNITY PROJECTS|Municipal planning, service delivery, and council oversight|info@lusangazicouncil.gov.zm
DEPT-LUS-1709|Construction, rehabilitation and maintenance of feeder and c|Municipal planning, service delivery, and council oversight|info@lusangazicouncil.gov.zm
DEPT-LUS-1710|Community foot bridge construction and maintenance|Municipal planning, service delivery, and council oversight|info@lusangazicouncil.gov.zm
DEPT-LUS-1711|Community Storage Sheds|Municipal planning, service delivery, and council oversight|info@lusangazicouncil.gov.zm
DEPT-LUS-1712|Rehabilitation and construction of community police posts|Municipal planning, service delivery, and council oversight|info@lusangazicouncil.gov.zm
DEPT-LUS-1713|Construction and rehabilitation of community library|Municipal planning, service delivery, and council oversight|info@lusangazicouncil.gov.zm
DEPT-LUS-1714|Rehabilitation of community or welfare halls|Municipal planning, service delivery, and council oversight|info@lusangazicouncil.gov.zm
DEPT-LUS-1715|(2) YOUTH, WOMEN AND COMMUNITY EMPOWERMENT|Municipal planning, service delivery, and council oversight|info@lusangazicouncil.gov.zm
DEPT-LUS-1716|benefit on the Community and job creation.|Municipal planning, service delivery, and council oversight|info@lusangazicouncil.gov.zm
DEPT-LUS-1717|on the Community and job creation.|Municipal planning, service delivery, and council oversight|info@lusangazicouncil.gov.zm
DEPT-LUS-1718|Seed money to Cooperatives, Clubs and Organised Groups to be|Municipal planning, service delivery, and council oversight|info@lusangazicouncil.gov.zm
DEPT-LUS-1719|APPENDIX B. APPLICATION FORM FOR COMMUNITY PROJECTS|Municipal planning, service delivery, and council oversight|info@lusangazicouncil.gov.zm
DEPT-LUS-1720|APPLICATION FORM FOR COMMUNITY PROJECTS|Municipal planning, service delivery, and council oversight|info@lusangazicouncil.gov.zm
DEPT-LUS-1721|bridges,Community libraries, sports centres, feeder roads, d|Municipal planning, service delivery, and council oversight|info@lusangazicouncil.gov.zm
DEPT-LUS-1722|markets,rehabilitation and construction of community halls,|Municipal planning, service delivery, and council oversight|info@lusangazicouncil.gov.zm
DEPT-LUS-1723|rehabilitation ofhealth posts, and others with community ben|Municipal planning, service delivery, and council oversight|info@lusangazicouncil.gov.zm
DEPT-LUS-1724|1. Name of Community making the proposal|Municipal planning, service delivery, and council oversight|info@lusangazicouncil.gov.zm
DEPT-LUS-1725|6. Has the community been involved in any community based pr|Municipal planning, service delivery, and council oversight|info@lusangazicouncil.gov.zm
DEPT-LUS-1726|Has the Community received any funding from any organization|Municipal planning, service delivery, and council oversight|info@lusangazicouncil.gov.zm
DEPT-LUS-1727|10.How did the community identify the project? (Attach minut|Municipal planning, service delivery, and council oversight|info@lusangazicouncil.gov.zm
DEPT-LUS-1728|14. How will the Community contribution towards the cost of|Municipal planning, service delivery, and council oversight|info@lusangazicouncil.gov.zm
DEPT-LUS-1729|16.How will the community ensure project sustainability?|Municipal planning, service delivery, and council oversight|info@lusangazicouncil.gov.zm
DEPT-LUS-1730|APPENDIX C. APPRAISAL CHECKLIST FOR COMMUNITY PROJECTS - FOR|Municipal planning, service delivery, and council oversight|info@lusangazicouncil.gov.zm
DEPT-LUS-1731|2. Is the project benefitting a wide scope of community memb|Municipal planning, service delivery, and council oversight|info@lusangazicouncil.gov.zm
DEPT-LUS-1732|3. Signed Minutes of Community meetings|Municipal planning, service delivery, and council oversight|info@lusangazicouncil.gov.zm
DEPT-LUS-1733|construction (title deeds, community land)|Municipal planning, service delivery, and council oversight|info@lusangazicouncil.gov.zm
DEPT-LUS-1734|9. Recommendation letter from the community leaders i.e. WDC|Municipal planning, service delivery, and council oversight|info@lusangazicouncil.gov.zm
DEPT-LUS-1735|10 Has the community contribution been agreed upon? If yes,|Municipal planning, service delivery, and council oversight|info@lusangazicouncil.gov.zm
DEPT-LUS-1736|DEPARTMENT …………………………………………………………………………………………………………………………………|Municipal planning, service delivery, and council oversight|info@lusangazicouncil.gov.zm
DEPT-LUS-1737|APPENDIX D. APPLICATION/PROPOSAL FORM FOR YOUTH, WOMEN AND C|Municipal planning, service delivery, and council oversight|info@lusangazicouncil.gov.zm
DEPT-LUS-1738|COMMUNITY EMPOWERMENT|Municipal planning, service delivery, and council oversight|info@lusangazicouncil.gov.zm
DEPT-LUS-1739|Seed money to Cooperatives, Clubs and Organised Groups to su|Municipal planning, service delivery, and council oversight|info@lusangazicouncil.gov.zm
DEPT-LUS-1740|5. What are the main problems in your community?|Municipal planning, service delivery, and council oversight|info@lusangazicouncil.gov.zm
DEPT-LUS-1741|8. How will the project benefit the community?|Municipal planning, service delivery, and council oversight|info@lusangazicouncil.gov.zm
DEPT-LUS-1742|DEPARTMENT …………………………………………………………………………………………………………………………………|Municipal planning, service delivery, and council oversight|info@lusangazicouncil.gov.zm
DEPT-LUS-1743|APPENDIX E. APPRAISAL CHECKLIST FOR YOUTH, WOMEN AND COMMUNI|Municipal planning, service delivery, and council oversight|info@lusangazicouncil.gov.zm
DEPT-LUS-1744|Recommendation from Community Welfare Assistance Committee|Municipal planning, service delivery, and council oversight|info@lusangazicouncil.gov.zm
DEPT-LUS-1745|DEPARTMENT: ................................................|Municipal planning, service delivery, and council oversight|info@lusangazicouncil.gov.zm
DEPT-LUS-1746|Ministry of Finance and National Planning|Municipal planning, service delivery, and council oversight|info@lusangazicouncil.gov.zm
DEPT-LUS-1747|of the new dawn administration’s first term in office.|Municipal planning, service delivery, and council oversight|info@lusangazicouncil.gov.zm
DEPT-LUS-1748|staff in the Ministry of Finance and National Planning who p|Municipal planning, service delivery, and council oversight|info@lusangazicouncil.gov.zm
DEPT-LUS-1749|Minister of Finance and National Planning|Municipal planning, service delivery, and council oversight|info@lusangazicouncil.gov.zm
DEPT-LUS-1750|9.2.5. Ministry Responsible for Finance and National Plannin|Municipal planning, service delivery, and council oversight|info@lusangazicouncil.gov.zm
DEPT-LUS-1751|Ministry of Finance and National Planning|Municipal planning, service delivery, and council oversight|info@lusangazicouncil.gov.zm
DEPT-LUS-1752|Southern African Development Community|Municipal planning, service delivery, and council oversight|info@lusangazicouncil.gov.zm
DEPT-LUS-1753|United Nations Conference on Trade and Development|Municipal planning, service delivery, and council oversight|info@lusangazicouncil.gov.zm
DEPT-LUS-1754|United States Dollar|Municipal planning, service delivery, and council oversight|info@lusangazicouncil.gov.zm
DEPT-LUS-1755|Others are the Southern African Development Community (SADC)|Municipal planning, service delivery, and council oversight|info@lusangazicouncil.gov.zm
DEPT-LUS-1756|The 8NDP takes cognizance of the country’s developmental con|Municipal planning, service delivery, and council oversight|info@lusangazicouncil.gov.zm
DEPT-LUS-1757|The 8NDP was formulated in line with the provisions of the N|Municipal planning, service delivery, and council oversight|info@lusangazicouncil.gov.zm
DEPT-LUS-1758|2020 and the National Planning and Budgeting Policy of 2014.|Municipal planning, service delivery, and council oversight|info@lusangazicouncil.gov.zm
DEPT-LUS-1759|a coordinated and integrated national development planning a|Municipal planning, service delivery, and council oversight|info@lusangazicouncil.gov.zm
DEPT-LUS-1760|The Plan builds on the multi-sectoral integrated development|Municipal planning, service delivery, and council oversight|info@lusangazicouncil.gov.zm
DEPT-LUS-1761|opportunities through research and extensive consultations.|Municipal planning, service delivery, and council oversight|info@lusangazicouncil.gov.zm
DEPT-LUS-1762|the past performance and opportunities and challenges of Zam|Municipal planning, service delivery, and council oversight|info@lusangazicouncil.gov.zm
DEPT-LUS-1763|The reference period provides an opportunity to reflect on t|Municipal planning, service delivery, and council oversight|info@lusangazicouncil.gov.zm
DEPT-LUS-1764|Source: Ministry of Finance and National Planning|Municipal planning, service delivery, and council oversight|info@lusangazicouncil.gov.zm
DEPT-LUS-1765|Source: Ministry of Finance and National Planning|Municipal planning, service delivery, and council oversight|info@lusangazicouncil.gov.zm
DEPT-LUS-1766|The Kwacha depreciated against the United States (US) dollar|Municipal planning, service delivery, and council oversight|info@lusangazicouncil.gov.zm
DEPT-LUS-1767|sustain all necessary commitments for opening the demographi|Municipal planning, service delivery, and council oversight|info@lusangazicouncil.gov.zm
DEPT-LUS-1768|prioritisation of investments aimed at creating opportunitie|Municipal planning, service delivery, and council oversight|info@lusangazicouncil.gov.zm
DEPT-LUS-1769|industries that create job opportunities as well as undertak|Municipal planning, service delivery, and council oversight|info@lusangazicouncil.gov.zm
DEPT-LUS-1770|as effective management of non-communicable diseases. Rural|Municipal planning, service delivery, and council oversight|info@lusangazicouncil.gov.zm
DEPT-LUS-1771|in accessing health services. This was mainly due to a low h|Municipal planning, service delivery, and council oversight|info@lusangazicouncil.gov.zm
DEPT-LUS-1772|sanitation. There is, therefore, need to improve town and co|Municipal planning, service delivery, and council oversight|info@lusangazicouncil.gov.zm
DEPT-LUS-1773|that will entrench participatory planning with communities i|Municipal planning, service delivery, and council oversight|info@lusangazicouncil.gov.zm
DEPT-LUS-1774|United States Dollars. Further, the Bank of Zambia will cont|Municipal planning, service delivery, and council oversight|info@lusangazicouncil.gov.zm
DEPT-LUS-1775|to external shocks and provides opportunities for improving|Municipal planning, service delivery, and council oversight|info@lusangazicouncil.gov.zm
DEPT-LUS-1776|looking and enterprising, and be able to take advantage of t|Municipal planning, service delivery, and council oversight|info@lusangazicouncil.gov.zm
DEPT-LUS-1777|Africa and the rest of the world. Internally, a shared desti|Municipal planning, service delivery, and council oversight|info@lusangazicouncil.gov.zm
DEPT-LUS-1778|employment opportunities, especially for the youth and women|Municipal planning, service delivery, and council oversight|info@lusangazicouncil.gov.zm
DEPT-LUS-1779|productive activities between and within sectors. Ultimately|Municipal planning, service delivery, and council oversight|info@lusangazicouncil.gov.zm
DEPT-LUS-1780|community-managed livestock service centres, provincial live|Municipal planning, service delivery, and council oversight|info@lusangazicouncil.gov.zm
DEPT-LUS-1781|chains. This will open up opportunities for the youth, men a|Municipal planning, service delivery, and council oversight|info@lusangazicouncil.gov.zm
DEPT-LUS-1782|as it presents opportunities for job creation for local comm|Municipal planning, service delivery, and council oversight|info@lusangazicouncil.gov.zm
DEPT-LUS-1783|to the opening up of rural areas for development and enhanci|Municipal planning, service delivery, and council oversight|info@lusangazicouncil.gov.zm
DEPT-LUS-1784|local-level capacities for planning and development of trans|Municipal planning, service delivery, and council oversight|info@lusangazicouncil.gov.zm
DEPT-LUS-1785|comprehensive information on available opportunities in Zamb|Municipal planning, service delivery, and council oversight|info@lusangazicouncil.gov.zm
DEPT-LUS-1786|increase trade opportunities, the Government will implement|Municipal planning, service delivery, and council oversight|info@lusangazicouncil.gov.zm
DEPT-LUS-1787|vulnerability. It also entails providing equal opportunities|Municipal planning, service delivery, and council oversight|info@lusangazicouncil.gov.zm
DEPT-LUS-1788|local level. This will enhance the targeting of beneficiari|Municipal planning, service delivery, and council oversight|info@lusangazicouncil.gov.zm
DEPT-LUS-1789|e) Family planning|Municipal planning, service delivery, and council oversight|info@lusangazicouncil.gov.zm
DEPT-LUS-1790|e) Family planning|Municipal planning, service delivery, and council oversight|info@lusangazicouncil.gov.zm
DEPT-LUS-1791|and community level in order to address the multiple causes|Municipal planning, service delivery, and council oversight|info@lusangazicouncil.gov.zm
DEPT-LUS-1792|protection agreements. Further, to assist in planning, polic|Municipal planning, service delivery, and council oversight|info@lusangazicouncil.gov.zm
DEPT-LUS-1793|Livelihood and empowerment schemes will be decentralised to|Municipal planning, service delivery, and council oversight|info@lusangazicouncil.gov.zm
DEPT-LUS-1794|enhance targeting of interventions to the neediest communiti|Municipal planning, service delivery, and council oversight|info@lusangazicouncil.gov.zm
DEPT-LUS-1795|b) Integrated Development Planning|Municipal planning, service delivery, and council oversight|info@lusangazicouncil.gov.zm
DEPT-LUS-1796|during the Plan period, the housing deficit is expected to r|Municipal planning, service delivery, and council oversight|info@lusangazicouncil.gov.zm
DEPT-LUS-1797|b) Integrated Development Planning|Municipal planning, service delivery, and council oversight|info@lusangazicouncil.gov.zm
DEPT-LUS-1798|and community awareness on the environment and the value of|Municipal planning, service delivery, and council oversight|info@lusangazicouncil.gov.zm
DEPT-LUS-1799|Further, there is limited inclusive participation of communi|Municipal planning, service delivery, and council oversight|info@lusangazicouncil.gov.zm
DEPT-LUS-1800|sources with a focus on possible benefits that could accrue|Municipal planning, service delivery, and council oversight|info@lusangazicouncil.gov.zm
DEPT-LUS-1801|Implementing adaptation measures will contribute to building|Municipal planning, service delivery, and council oversight|info@lusangazicouncil.gov.zm
DEPT-LUS-1802|among communities to enhance climate change adaptation. This|Municipal planning, service delivery, and council oversight|info@lusangazicouncil.gov.zm
DEPT-LUS-1803|development and climate smart agriculture. Further, communit|Municipal planning, service delivery, and council oversight|info@lusangazicouncil.gov.zm
DEPT-LUS-1804|c) Long-term adaptation planning|Municipal planning, service delivery, and council oversight|info@lusangazicouncil.gov.zm
DEPT-LUS-1805|risk assessments, establish emergency operation centres, com|Municipal planning, service delivery, and council oversight|info@lusangazicouncil.gov.zm
DEPT-LUS-1806|c) Long-term adaptation planning|Municipal planning, service delivery, and council oversight|info@lusangazicouncil.gov.zm
DEPT-LUS-1807|and natural resources through the promotion of integrated an|Municipal planning, service delivery, and council oversight|info@lusangazicouncil.gov.zm
DEPT-LUS-1808|e) Urban and regional planning|Municipal planning, service delivery, and council oversight|info@lusangazicouncil.gov.zm
DEPT-LUS-1809|the key interventions will be to enhance community participa|Municipal planning, service delivery, and council oversight|info@lusangazicouncil.gov.zm
DEPT-LUS-1810|c) Urban and land use planning|Municipal planning, service delivery, and council oversight|info@lusangazicouncil.gov.zm
DEPT-LUS-1811|d) Community based natural resources management|Municipal planning, service delivery, and council oversight|info@lusangazicouncil.gov.zm
DEPT-LUS-1812|e) Urban and regional planning|Municipal planning, service delivery, and council oversight|info@lusangazicouncil.gov.zm
DEPT-LUS-1813|c) Urban and land use planning|Municipal planning, service delivery, and council oversight|info@lusangazicouncil.gov.zm
DEPT-LUS-1814|d) Community based natural resources management|Municipal planning, service delivery, and council oversight|info@lusangazicouncil.gov.zm
DEPT-LUS-1815|Management Act No. 1 of 2018, the National Planning and Budg|Municipal planning, service delivery, and council oversight|info@lusangazicouncil.gov.zm
DEPT-LUS-1816|planning and budgeting processes. In addition, the Public Au|Municipal planning, service delivery, and council oversight|info@lusangazicouncil.gov.zm
DEPT-LUS-1817|framework for promoting efficiency, accountability, effectiv|Municipal planning, service delivery, and council oversight|info@lusangazicouncil.gov.zm
DEPT-LUS-1818|The capacity of communities will be strengthened to manage a|Municipal planning, service delivery, and council oversight|info@lusangazicouncil.gov.zm
DEPT-LUS-1819|and bursary support programmes. The local planning process w|Municipal planning, service delivery, and council oversight|info@lusangazicouncil.gov.zm
DEPT-LUS-1820|full operationalisation of the Planning and Budgeting Act No|Municipal planning, service delivery, and council oversight|info@lusangazicouncil.gov.zm
DEPT-LUS-1821|citizens, and optimisation of various public services, such|Municipal planning, service delivery, and council oversight|info@lusangazicouncil.gov.zm
DEPT-LUS-1822|Strategy 6: Strengthen land management and administration|Municipal planning, service delivery, and council oversight|info@lusangazicouncil.gov.zm
DEPT-LUS-1823|process of issuance of certificates of land title to ensure|Municipal planning, service delivery, and council oversight|info@lusangazicouncil.gov.zm
DEPT-LUS-1824|b) Land management and administration|Municipal planning, service delivery, and council oversight|info@lusangazicouncil.gov.zm
DEPT-LUS-1825|d) Urban and regional planning|Municipal planning, service delivery, and council oversight|info@lusangazicouncil.gov.zm
DEPT-LUS-1826|6. Strengthen Land Management and Administration|Municipal planning, service delivery, and council oversight|info@lusangazicouncil.gov.zm
DEPT-LUS-1827|b) Land management and administration|Municipal planning, service delivery, and council oversight|info@lusangazicouncil.gov.zm
DEPT-LUS-1828|d) Urban and regional planning|Municipal planning, service delivery, and council oversight|info@lusangazicouncil.gov.zm
DEPT-LUS-1829|will contribute to promoting peace and unity to spur investm|Municipal planning, service delivery, and council oversight|info@lusangazicouncil.gov.zm
DEPT-LUS-1830|arrangements as provided for under the National Planning and|Municipal planning, service delivery, and council oversight|info@lusangazicouncil.gov.zm
DEPT-LUS-1831|planning and budgeting as well as accountability for develop|Municipal planning, service delivery, and council oversight|info@lusangazicouncil.gov.zm
DEPT-LUS-1832|entails the clustering of agencies from various sectors to c|Municipal planning, service delivery, and council oversight|info@lusangazicouncil.gov.zm
DEPT-LUS-1833|coordinate the planning, budgeting, implementation and monit|Municipal planning, service delivery, and council oversight|info@lusangazicouncil.gov.zm
DEPT-LUS-1834|effective planning, budgeting and implementation.|Municipal planning, service delivery, and council oversight|info@lusangazicouncil.gov.zm
DEPT-LUS-1835|The Ministry responsible for national planning will provide|Municipal planning, service delivery, and council oversight|info@lusangazicouncil.gov.zm
DEPT-LUS-1836|participation of state, non-state actors and the general cit|Municipal planning, service delivery, and council oversight|info@lusangazicouncil.gov.zm
DEPT-LUS-1837|9.2.5. Ministry Responsible for Finance and National Plannin|Municipal planning, service delivery, and council oversight|info@lusangazicouncil.gov.zm
DEPT-LUS-1838|The Ministry responsible for finance and national planning w|Municipal planning, service delivery, and council oversight|info@lusangazicouncil.gov.zm
DEPT-LUS-1839|Civil Society Organisations (CSOs) will complement the Gover|Municipal planning, service delivery, and council oversight|info@lusangazicouncil.gov.zm
DEPT-LUS-1840|with the decentralised planning, implementation, monitoring|Municipal planning, service delivery, and council oversight|info@lusangazicouncil.gov.zm
DEPT-LUS-1841|the district collaborate with Government institutions and ag|Municipal planning, service delivery, and council oversight|info@lusangazicouncil.gov.zm
DEPT-LUS-1842|communities in identifying projects for implementation in li|Municipal planning, service delivery, and council oversight|info@lusangazicouncil.gov.zm
DEPT-LUS-1843|Planning Process|Municipal planning, service delivery, and council oversight|info@lusangazicouncil.gov.zm
DEPT-LUS-1844|Using data that will be uploaded onto the MMS and in accorda|Municipal planning, service delivery, and council oversight|info@lusangazicouncil.gov.zm
DEPT-LUS-1845|National Assembly in line with the provisions of the Plannin|Municipal planning, service delivery, and council oversight|info@lusangazicouncil.gov.zm
DEPT-LUS-1846|implementation of the next development plan. In accordance w|Municipal planning, service delivery, and council oversight|info@lusangazicouncil.gov.zm
DEPT-LUS-1847|In line with the provisions of the Planning and Budgeting Ac|Municipal planning, service delivery, and council oversight|info@lusangazicouncil.gov.zm
DEPT-LUS-1848|Source: Ministry of Finance and National Planning|Municipal planning, service delivery, and council oversight|info@lusangazicouncil.gov.zm
DEPT-LUS-1849|Source: Ministry of Finance and National Planning|Municipal planning, service delivery, and council oversight|info@lusangazicouncil.gov.zm
DEPT-LUS-1850|Public Finance Management Act of 2018 and the National Plann|Municipal planning, service delivery, and council oversight|info@lusangazicouncil.gov.zm
DEPT-LUS-1851|Climate change continues to disrupt national economies and a|Municipal planning, service delivery, and council oversight|info@lusangazicouncil.gov.zm
DEPT-LUS-1852|Ministry of Finance and National Planning|Municipal planning, service delivery, and council oversight|info@lusangazicouncil.gov.zm
DEPT-LUS-1853|(a) a police officer and an officer of the Department of|Municipal planning, service delivery, and council oversight|info@lusangazicouncil.gov.zm
DEPT-LUS-1854|any other person from a Government department, the private s|Municipal planning, service delivery, and council oversight|info@lusangazicouncil.gov.zm
DEPT-LUS-1855|not exceedingtwo hundred thousand penalty units or imprisonm|Municipal planning, service delivery, and council oversight|info@lusangazicouncil.gov.zm
DEPT-LUS-1856|thousand penalty units or to imprisonment for a term not exc|Municipal planning, service delivery, and council oversight|info@lusangazicouncil.gov.zm
DEPT-LUS-1857|exceeding fifty thousand penalty units or to imprisonment fo|Municipal planning, service delivery, and council oversight|info@lusangazicouncil.gov.zm
DEPT-LUS-1858|exceeding fifty thousand penalty units, or to imprisonment f|Municipal planning, service delivery, and council oversight|info@lusangazicouncil.gov.zm
DEPT-LUS-1859|the day to day administration of the Laboratory, subject to|Municipal planning, service delivery, and council oversight|info@lusangazicouncil.gov.zm
DEPT-LUS-1860|administration of thisAct; and|Municipal planning, service delivery, and council oversight|info@lusangazicouncil.gov.zm
DEPT-LUS-1861|not exceeding three hundred thousand penalty units or to|Municipal planning, service delivery, and council oversight|info@lusangazicouncil.gov.zm
DEPT-LUS-1862|liable to a fine not exceeding two hundred thousand penalty|Municipal planning, service delivery, and council oversight|info@lusangazicouncil.gov.zm
DEPT-LUS-1863|hundred thousand penalty units or to imprisonment for a term|Municipal planning, service delivery, and council oversight|info@lusangazicouncil.gov.zm
DEPT-LUS-1864|units for each day or part of a day after the date specified|Municipal planning, service delivery, and council oversight|info@lusangazicouncil.gov.zm
DEPT-LUS-1865|hundred thousand penalty units or to imprisonment for a term|Municipal planning, service delivery, and council oversight|info@lusangazicouncil.gov.zm
DEPT-LUS-1866|units for each day after the date specified in the order dur|Municipal planning, service delivery, and council oversight|info@lusangazicouncil.gov.zm
DEPT-LUS-1867|hundred thousand penalty units or to imprisonment for a term|Municipal planning, service delivery, and council oversight|info@lusangazicouncil.gov.zm
DEPT-LUS-1868|fine not exceeding three hundred thousand penalty units or t|Municipal planning, service delivery, and council oversight|info@lusangazicouncil.gov.zm
DEPT-LUS-1869|administration of thisAct;|Municipal planning, service delivery, and council oversight|info@lusangazicouncil.gov.zm
DEPT-LUS-1870|units or imprisonment for a term not exceeding three years,|Municipal planning, service delivery, and council oversight|info@lusangazicouncil.gov.zm
DEPT-LUS-1871|ADMINISTRATION OF COMMITTEE|Municipal planning, service delivery, and council oversight|info@lusangazicouncil.gov.zm
DEPT-LUS-1872|hundred thousand penalty units or to imprisonment for a term|Municipal planning, service delivery, and council oversight|info@lusangazicouncil.gov.zm
DEPT-LUS-1873|The Urban and Regional Planning|Municipal planning, service delivery, and council oversight|info@lusangazicouncil.gov.zm
DEPT-LUS-1874|THE URBAN AND REGIONAL PLANNING ACT, 2015|Municipal planning, service delivery, and council oversight|info@lusangazicouncil.gov.zm
DEPT-LUS-1875|Principles and standards for urban and regional planning|Municipal planning, service delivery, and council oversight|info@lusangazicouncil.gov.zm
DEPT-LUS-1876|PLANNING MANAGEMENT AND ADMINISTRATION|Municipal planning, service delivery, and council oversight|info@lusangazicouncil.gov.zm
DEPT-LUS-1877|Planning management and administration|Municipal planning, service delivery, and council oversight|info@lusangazicouncil.gov.zm
DEPT-LUS-1878|Role of Minister in planning|Municipal planning, service delivery, and council oversight|info@lusangazicouncil.gov.zm
DEPT-LUS-1879|Director of Planning|Municipal planning, service delivery, and council oversight|info@lusangazicouncil.gov.zm
DEPT-LUS-1880|Regional planning authorities|Municipal planning, service delivery, and council oversight|info@lusangazicouncil.gov.zm
DEPT-LUS-1881|Functions of regional planning authorities|Municipal planning, service delivery, and council oversight|info@lusangazicouncil.gov.zm
DEPT-LUS-1882|Provincial planning authorities|Municipal planning, service delivery, and council oversight|info@lusangazicouncil.gov.zm
DEPT-LUS-1883|Functions of provincial planning authorities|Municipal planning, service delivery, and council oversight|info@lusangazicouncil.gov.zm
DEPT-LUS-1884|Establishment of local authorities as planning authorities|Municipal planning, service delivery, and council oversight|info@lusangazicouncil.gov.zm
DEPT-LUS-1885|Establishment of planning committees|Municipal planning, service delivery, and council oversight|info@lusangazicouncil.gov.zm
DEPT-LUS-1886|Functions of planning committees|Municipal planning, service delivery, and council oversight|info@lusangazicouncil.gov.zm
DEPT-LUS-1887|PLANNING FRAMEWORK AND SYSTEM|Municipal planning, service delivery, and council oversight|info@lusangazicouncil.gov.zm
DEPT-LUS-1888|National Planning Framework|Municipal planning, service delivery, and council oversight|info@lusangazicouncil.gov.zm
DEPT-LUS-1889|Planning guidelines|Municipal planning, service delivery, and council oversight|info@lusangazicouncil.gov.zm
DEPT-LUS-1890|Planning agreements|Municipal planning, service delivery, and council oversight|info@lusangazicouncil.gov.zm
DEPT-LUS-1891|THE PLANNING PROCESS|Municipal planning, service delivery, and council oversight|info@lusangazicouncil.gov.zm
DEPT-LUS-1892|Initiation of planning|Municipal planning, service delivery, and council oversight|info@lusangazicouncil.gov.zm
DEPT-LUS-1893|Preparation of planning programme|Municipal planning, service delivery, and council oversight|info@lusangazicouncil.gov.zm
DEPT-LUS-1894|Public consultation of proposed planning programme|Municipal planning, service delivery, and council oversight|info@lusangazicouncil.gov.zm
DEPT-LUS-1895|Consideration of planning programme by provincial planning|Municipal planning, service delivery, and council oversight|info@lusangazicouncil.gov.zm
DEPT-LUS-1896|The Urban and Regional Planning|Municipal planning, service delivery, and council oversight|info@lusangazicouncil.gov.zm
DEPT-LUS-1897|Joint planning initiatives|Municipal planning, service delivery, and council oversight|info@lusangazicouncil.gov.zm
DEPT-LUS-1898|PLANNING APPLICATIONS AND PERMISSION|Municipal planning, service delivery, and council oversight|info@lusangazicouncil.gov.zm
DEPT-LUS-1899|Planning permission|Municipal planning, service delivery, and council oversight|info@lusangazicouncil.gov.zm
DEPT-LUS-1900|Powers of Minister on planning permission|Municipal planning, service delivery, and council oversight|info@lusangazicouncil.gov.zm
DEPT-LUS-1901|Effect of grant of planning permission|Municipal planning, service delivery, and council oversight|info@lusangazicouncil.gov.zm
DEPT-LUS-1902|Variation of planning permission|Municipal planning, service delivery, and council oversight|info@lusangazicouncil.gov.zm
DEPT-LUS-1903|Revocation of planning permission|Municipal planning, service delivery, and council oversight|info@lusangazicouncil.gov.zm
DEPT-LUS-1904|Public objection and consultation on planning applications|Municipal planning, service delivery, and council oversight|info@lusangazicouncil.gov.zm
DEPT-LUS-1905|Appeal against planning decision|Municipal planning, service delivery, and council oversight|info@lusangazicouncil.gov.zm
DEPT-LUS-1906|Report to planning committee|Municipal planning, service delivery, and council oversight|info@lusangazicouncil.gov.zm
DEPT-LUS-1907|Register of planning applications and permissions|Municipal planning, service delivery, and council oversight|info@lusangazicouncil.gov.zm
DEPT-LUS-1908|PLANNING APPEALS TRIBUNALS|Municipal planning, service delivery, and council oversight|info@lusangazicouncil.gov.zm
DEPT-LUS-1909|Planning appeals tribunals|Municipal planning, service delivery, and council oversight|info@lusangazicouncil.gov.zm
DEPT-LUS-1910|Immunity of members of planning appeals tribunals|Municipal planning, service delivery, and council oversight|info@lusangazicouncil.gov.zm
DEPT-LUS-1911|PLANNING CONTROLS AND COMPENSATION|Municipal planning, service delivery, and council oversight|info@lusangazicouncil.gov.zm
DEPT-LUS-1912|Planning inspectors|Municipal planning, service delivery, and council oversight|info@lusangazicouncil.gov.zm
DEPT-LUS-1913|Enforcement of notices and directions by planning inspector|Municipal planning, service delivery, and council oversight|info@lusangazicouncil.gov.zm
DEPT-LUS-1914|Noncompensation for planning decisions|Municipal planning, service delivery, and council oversight|info@lusangazicouncil.gov.zm
DEPT-LUS-1915|The Urban and Regional Planning|Municipal planning, service delivery, and council oversight|info@lusangazicouncil.gov.zm
DEPT-LUS-1916|The Urban and Regional Planning|Municipal planning, service delivery, and council oversight|info@lusangazicouncil.gov.zm
DEPT-LUS-1917|An Act to provide for development, planning and|Municipal planning, service delivery, and council oversight|info@lusangazicouncil.gov.zm
DEPT-LUS-1918|administration principles, standards and requirements for|Municipal planning, service delivery, and council oversight|info@lusangazicouncil.gov.zm
DEPT-LUS-1919|urban and regional planning processes and systems;|Municipal planning, service delivery, and council oversight|info@lusangazicouncil.gov.zm
DEPT-LUS-1920|urban and regional planning for the Republic; provide for|Municipal planning, service delivery, and council oversight|info@lusangazicouncil.gov.zm
DEPT-LUS-1921|a planning framework, guidelines, systems and processes|Municipal planning, service delivery, and council oversight|info@lusangazicouncil.gov.zm
DEPT-LUS-1922|for urban and regional planning for the Republic; establish|Municipal planning, service delivery, and council oversight|info@lusangazicouncil.gov.zm
DEPT-LUS-1923|inclusive process for urban and regional planning that|Municipal planning, service delivery, and council oversight|info@lusangazicouncil.gov.zm
DEPT-LUS-1924|allows for involvement of communities, private sector,|Municipal planning, service delivery, and council oversight|info@lusangazicouncil.gov.zm
DEPT-LUS-1925|interest groups and other stakeholders in the planning,|Municipal planning, service delivery, and council oversight|info@lusangazicouncil.gov.zm
DEPT-LUS-1926|integrated urban and regional planning in a devolved|Municipal planning, service delivery, and council oversight|info@lusangazicouncil.gov.zm
DEPT-LUS-1927|levels of ministries, provincial administration, local|Municipal planning, service delivery, and council oversight|info@lusangazicouncil.gov.zm
DEPT-LUS-1928|urban and regional planning; ensure sustainable urban and|Municipal planning, service delivery, and council oversight|info@lusangazicouncil.gov.zm
DEPT-LUS-1929|controls at all levels of urban and regional planning; ensur|Municipal planning, service delivery, and council oversight|info@lusangazicouncil.gov.zm
DEPT-LUS-1930|regional planning; repeal the Town and Country Planning|Municipal planning, service delivery, and council oversight|info@lusangazicouncil.gov.zm
DEPT-LUS-1931|The Urban and Regional Planning|Municipal planning, service delivery, and council oversight|info@lusangazicouncil.gov.zm
DEPT-LUS-1932|1. This Act may be cited as the Urban and Regional Planning|Municipal planning, service delivery, and council oversight|info@lusangazicouncil.gov.zm
DEPT-LUS-1933|any other law over, planning, natural resources, environment|Municipal planning, service delivery, and council oversight|info@lusangazicouncil.gov.zm
DEPT-LUS-1934|or anything that impacts on urban and regional planning|Municipal planning, service delivery, and council oversight|info@lusangazicouncil.gov.zm
DEPT-LUS-1935|The Urban and Regional Planning|Municipal planning, service delivery, and council oversight|info@lusangazicouncil.gov.zm
DEPT-LUS-1936|by a planning authority to do anything required to be done|Municipal planning, service delivery, and council oversight|info@lusangazicouncil.gov.zm
DEPT-LUS-1937|“development permit” means a planning permission granted|Municipal planning, service delivery, and council oversight|info@lusangazicouncil.gov.zm
DEPT-LUS-1938|The Urban and Regional Planning|Municipal planning, service delivery, and council oversight|info@lusangazicouncil.gov.zm
DEPT-LUS-1939|“development plans” means the National Planning Framework,|Municipal planning, service delivery, and council oversight|info@lusangazicouncil.gov.zm
DEPT-LUS-1940|regional planning provided for in section eight;|Municipal planning, service delivery, and council oversight|info@lusangazicouncil.gov.zm
DEPT-LUS-1941|formallybeen permitted by the planning authority|Municipal planning, service delivery, and council oversight|info@lusangazicouncil.gov.zm
DEPT-LUS-1942|without the formal permission of the planning|Municipal planning, service delivery, and council oversight|info@lusangazicouncil.gov.zm
DEPT-LUS-1943|from the planning authority to occupy the settled|Municipal planning, service delivery, and council oversight|info@lusangazicouncil.gov.zm
DEPT-LUS-1944|improving the quality of life of members of a community;|Municipal planning, service delivery, and council oversight|info@lusangazicouncil.gov.zm
DEPT-LUS-1945|The Urban and Regional Planning|Municipal planning, service delivery, and council oversight|info@lusangazicouncil.gov.zm
DEPT-LUS-1946|planning authority in accordance with section nineteen;|Municipal planning, service delivery, and council oversight|info@lusangazicouncil.gov.zm
DEPT-LUS-1947|“local planning authority” means a local authority designate|Municipal planning, service delivery, and council oversight|info@lusangazicouncil.gov.zm
DEPT-LUS-1948|as a planning authority by the Minister, by statutory|Municipal planning, service delivery, and council oversight|info@lusangazicouncil.gov.zm
DEPT-LUS-1949|“National Planning Framework” means a plan for national|Municipal planning, service delivery, and council oversight|info@lusangazicouncil.gov.zm
DEPT-LUS-1950|“planning” means the initiation and management of change in|Municipal planning, service delivery, and council oversight|info@lusangazicouncil.gov.zm
DEPT-LUS-1951|“planning agreement” means an agreement entered into|Municipal planning, service delivery, and council oversight|info@lusangazicouncil.gov.zm
DEPT-LUS-1952|“planning appeals tribunal” means a planning appeals tribuna|Municipal planning, service delivery, and council oversight|info@lusangazicouncil.gov.zm
DEPT-LUS-1953|“planning authority” means a regional planning authority,|Municipal planning, service delivery, and council oversight|info@lusangazicouncil.gov.zm
DEPT-LUS-1954|provincial planning authority or local planning authority;|Municipal planning, service delivery, and council oversight|info@lusangazicouncil.gov.zm
DEPT-LUS-1955|“ planning committee ” means a standing committee of a local|Municipal planning, service delivery, and council oversight|info@lusangazicouncil.gov.zm
DEPT-LUS-1956|authority responsible for planning provided for under sectio|Municipal planning, service delivery, and council oversight|info@lusangazicouncil.gov.zm
DEPT-LUS-1957|“ planning decision ” means—|Municipal planning, service delivery, and council oversight|info@lusangazicouncil.gov.zm
DEPT-LUS-1958|(a) a refusal of planning permission by a planning|Municipal planning, service delivery, and council oversight|info@lusangazicouncil.gov.zm
DEPT-LUS-1959|(b) a grant of planning permission by a planning|Municipal planning, service delivery, and council oversight|info@lusangazicouncil.gov.zm
DEPT-LUS-1960|The Urban and Regional Planning|Municipal planning, service delivery, and council oversight|info@lusangazicouncil.gov.zm
DEPT-LUS-1961|“ planning inspector ” means a person designated as such|Municipal planning, service delivery, and council oversight|info@lusangazicouncil.gov.zm
DEPT-LUS-1962|“ planning permission ” means permission granted to carry|Municipal planning, service delivery, and council oversight|info@lusangazicouncil.gov.zm
DEPT-LUS-1963|the Ministry responsible for urban and regional planning;|Municipal planning, service delivery, and council oversight|info@lusangazicouncil.gov.zm
DEPT-LUS-1964|“ provincial planning authority ” means an authority|Municipal planning, service delivery, and council oversight|info@lusangazicouncil.gov.zm
DEPT-LUS-1965|“regional planning authority” means an authority established|Municipal planning, service delivery, and council oversight|info@lusangazicouncil.gov.zm
DEPT-LUS-1966|“repealed Acts” means the Town and Country Planning Act,|Municipal planning, service delivery, and council oversight|info@lusangazicouncil.gov.zm
DEPT-LUS-1967|The Urban and Regional Planning|Municipal planning, service delivery, and council oversight|info@lusangazicouncil.gov.zm
DEPT-LUS-1968|provincial, district and local planning frameworks, systems|Municipal planning, service delivery, and council oversight|info@lusangazicouncil.gov.zm
DEPT-LUS-1969|and protected by integrative planning and systems;|Municipal planning, service delivery, and council oversight|info@lusangazicouncil.gov.zm
DEPT-LUS-1970|(c) planning procedures shall incorporate environmental|Municipal planning, service delivery, and council oversight|info@lusangazicouncil.gov.zm
DEPT-LUS-1971|The Urban and Regional Planning|Municipal planning, service delivery, and council oversight|info@lusangazicouncil.gov.zm
DEPT-LUS-1972|provincial, district and local planning shall be governed by|Municipal planning, service delivery, and council oversight|info@lusangazicouncil.gov.zm
DEPT-LUS-1973|shall be recognised in the planning function;|Municipal planning, service delivery, and council oversight|info@lusangazicouncil.gov.zm
DEPT-LUS-1974|The Urban and Regional Planning|Municipal planning, service delivery, and council oversight|info@lusangazicouncil.gov.zm
DEPT-LUS-1975|appropriate, developed as part of the planning function|Municipal planning, service delivery, and council oversight|info@lusangazicouncil.gov.zm
DEPT-LUS-1976|written law relating to planning that is not a specific subj|Municipal planning, service delivery, and council oversight|info@lusangazicouncil.gov.zm
DEPT-LUS-1977|law on a particular element of planning, the provisions of|Municipal planning, service delivery, and council oversight|info@lusangazicouncil.gov.zm
DEPT-LUS-1978|5. (1) A planning authority shall, as far as is reasonably|Municipal planning, service delivery, and council oversight|info@lusangazicouncil.gov.zm
DEPT-LUS-1979|practicable, for purposes of securing an efficient planning|Municipal planning, service delivery, and council oversight|info@lusangazicouncil.gov.zm
DEPT-LUS-1980|A planning authority shall, for the efficient issue of plann|Municipal planning, service delivery, and council oversight|info@lusangazicouncil.gov.zm
DEPT-LUS-1981|PLANNING MANAGEMENT AND ADMINISTRATION|Municipal planning, service delivery, and council oversight|info@lusangazicouncil.gov.zm
DEPT-LUS-1982|6. (1) The National Planning Framework of the Republic shall|Municipal planning, service delivery, and council oversight|info@lusangazicouncil.gov.zm
DEPT-LUS-1983|(b) the planning authorities; and|Municipal planning, service delivery, and council oversight|info@lusangazicouncil.gov.zm
DEPT-LUS-1984|(c) any other body designated as a planning authority by the|Municipal planning, service delivery, and council oversight|info@lusangazicouncil.gov.zm
DEPT-LUS-1985|Planning shall be hierarchical in nature, from the national|Municipal planning, service delivery, and council oversight|info@lusangazicouncil.gov.zm
DEPT-LUS-1986|in like manner planning authorities shall be so ranked.|Municipal planning, service delivery, and council oversight|info@lusangazicouncil.gov.zm
DEPT-LUS-1987|In the planning process, lower level planning authorities|Municipal planning, service delivery, and council oversight|info@lusangazicouncil.gov.zm
DEPT-LUS-1988|planning authorities.|Municipal planning, service delivery, and council oversight|info@lusangazicouncil.gov.zm
DEPT-LUS-1989|The Urban and Regional Planning|Municipal planning, service delivery, and council oversight|info@lusangazicouncil.gov.zm
DEPT-LUS-1990|administration|Municipal planning, service delivery, and council oversight|info@lusangazicouncil.gov.zm
DEPT-LUS-1991|local planning authorities;|Municipal planning, service delivery, and council oversight|info@lusangazicouncil.gov.zm
DEPT-LUS-1992|(b) prescribe planning guidelines, strategies and standards;|Municipal planning, service delivery, and council oversight|info@lusangazicouncil.gov.zm
DEPT-LUS-1993|planning authorities in the carrying out of their functions;|Municipal planning, service delivery, and council oversight|info@lusangazicouncil.gov.zm
DEPT-LUS-1994|planning authorities in the region;|Municipal planning, service delivery, and council oversight|info@lusangazicouncil.gov.zm
DEPT-LUS-1995|key performance indicators and targets for planning;|Municipal planning, service delivery, and council oversight|info@lusangazicouncil.gov.zm
DEPT-LUS-1996|and targets for planning;|Municipal planning, service delivery, and council oversight|info@lusangazicouncil.gov.zm
DEPT-LUS-1997|(g) coordinate planning and the provision of public and|Municipal planning, service delivery, and council oversight|info@lusangazicouncil.gov.zm
DEPT-LUS-1998|community services and facilities;|Municipal planning, service delivery, and council oversight|info@lusangazicouncil.gov.zm
DEPT-LUS-1999|(i) monitor progress and performance in planning and initiat|Municipal planning, service delivery, and council oversight|info@lusangazicouncil.gov.zm
DEPT-LUS-2000|to planning committees; and|Municipal planning, service delivery, and council oversight|info@lusangazicouncil.gov.zm
DEPT-LUS-2001|(l) call in development plans and applications for planning|Municipal planning, service delivery, and council oversight|info@lusangazicouncil.gov.zm
DEPT-LUS-2002|(i) the planning authority fails to meet the requirements|Municipal planning, service delivery, and council oversight|info@lusangazicouncil.gov.zm
DEPT-LUS-2003|section three and planning guidelines provided|Municipal planning, service delivery, and council oversight|info@lusangazicouncil.gov.zm
DEPT-LUS-2004|(iii) the planning permission is contrary to the provision|Municipal planning, service delivery, and council oversight|info@lusangazicouncil.gov.zm
DEPT-LUS-2005|to any planning authority regarding development plans and|Municipal planning, service delivery, and council oversight|info@lusangazicouncil.gov.zm
DEPT-LUS-2006|applications for planning permission and development permits|Municipal planning, service delivery, and council oversight|info@lusangazicouncil.gov.zm
DEPT-LUS-2007|are consistent with the provisions of this Act, and the plan|Municipal planning, service delivery, and council oversight|info@lusangazicouncil.gov.zm
DEPT-LUS-2008|The Urban and Regional Planning|Municipal planning, service delivery, and council oversight|info@lusangazicouncil.gov.zm
DEPT-LUS-2009|8. (1) There shall be a Director of Planning in the Ministry|Municipal planning, service delivery, and council oversight|info@lusangazicouncil.gov.zm
DEPT-LUS-2010|on matters relating to urban and regional planning.|Municipal planning, service delivery, and council oversight|info@lusangazicouncil.gov.zm
DEPT-LUS-2011|any aspect of urban and regional planning;|Municipal planning, service delivery, and council oversight|info@lusangazicouncil.gov.zm
DEPT-LUS-2012|publications relating to urban and regional planning|Municipal planning, service delivery, and council oversight|info@lusangazicouncil.gov.zm
DEPT-LUS-2013|the planning undertaken by planning authorities;|Municipal planning, service delivery, and council oversight|info@lusangazicouncil.gov.zm
DEPT-LUS-2014|planning authorities in the performance of their functions|Municipal planning, service delivery, and council oversight|info@lusangazicouncil.gov.zm
DEPT-LUS-2015|under this Act, and the compliance of planning authorities|Municipal planning, service delivery, and council oversight|info@lusangazicouncil.gov.zm
DEPT-LUS-2016|procedures for regional planning; and|Municipal planning, service delivery, and council oversight|info@lusangazicouncil.gov.zm
DEPT-LUS-2017|(f) establish and maintain liaison and co operation with pla|Municipal planning, service delivery, and council oversight|info@lusangazicouncil.gov.zm
DEPT-LUS-2018|The Director shall submit a National Planning Framework|Municipal planning, service delivery, and council oversight|info@lusangazicouncil.gov.zm
DEPT-LUS-2019|9. (1) The Minister shall constitute regional planning autho|Municipal planning, service delivery, and council oversight|info@lusangazicouncil.gov.zm
DEPT-LUS-2020|for a region, on an ad hoc basis, to spearhead planning for|Municipal planning, service delivery, and council oversight|info@lusangazicouncil.gov.zm
DEPT-LUS-2021|A regional planning authority shall consist of the following|Municipal planning, service delivery, and council oversight|info@lusangazicouncil.gov.zm
DEPT-LUS-2022|(a) five members qualified in planning, environmental|Municipal planning, service delivery, and council oversight|info@lusangazicouncil.gov.zm
DEPT-LUS-2023|provincial planning authorities in the region;|Municipal planning, service delivery, and council oversight|info@lusangazicouncil.gov.zm
DEPT-LUS-2024|(b) a representative of each of the planning authorities in|Municipal planning, service delivery, and council oversight|info@lusangazicouncil.gov.zm
DEPT-LUS-2025|The Urban and Regional Planning|Municipal planning, service delivery, and council oversight|info@lusangazicouncil.gov.zm
DEPT-LUS-2026|shall elect the vice-chairperson of the regional planning au|Municipal planning, service delivery, and council oversight|info@lusangazicouncil.gov.zm
DEPT-LUS-2027|from among the members of the regional planning authority.|Municipal planning, service delivery, and council oversight|info@lusangazicouncil.gov.zm
DEPT-LUS-2028|A member of the regional planning authority shall hold offic|Municipal planning, service delivery, and council oversight|info@lusangazicouncil.gov.zm
DEPT-LUS-2029|planning authority if that person—|Municipal planning, service delivery, and council oversight|info@lusangazicouncil.gov.zm
DEPT-LUS-2030|the procedures, reporting structures and administration of r|Municipal planning, service delivery, and council oversight|info@lusangazicouncil.gov.zm
DEPT-LUS-2031|planning authorities.|Municipal planning, service delivery, and council oversight|info@lusangazicouncil.gov.zm
DEPT-LUS-2032|names of the members of an ad hoc regional planning authorit|Municipal planning, service delivery, and council oversight|info@lusangazicouncil.gov.zm
DEPT-LUS-2033|The Urban and Regional Planning|Municipal planning, service delivery, and council oversight|info@lusangazicouncil.gov.zm
DEPT-LUS-2034|(a) be the secretary to the regional planning authority; and|Municipal planning, service delivery, and council oversight|info@lusangazicouncil.gov.zm
DEPT-LUS-2035|planning authority and recommend the members for|Municipal planning, service delivery, and council oversight|info@lusangazicouncil.gov.zm
DEPT-LUS-2036|10. (1) The functions of a regional planning authority are t|Municipal planning, service delivery, and council oversight|info@lusangazicouncil.gov.zm
DEPT-LUS-2037|(b) advise and assist planning authorities within the region|Municipal planning, service delivery, and council oversight|info@lusangazicouncil.gov.zm
DEPT-LUS-2038|Planning Framework;|Municipal planning, service delivery, and council oversight|info@lusangazicouncil.gov.zm
DEPT-LUS-2039|(d) conduct research required for regional planning;|Municipal planning, service delivery, and council oversight|info@lusangazicouncil.gov.zm
DEPT-LUS-2040|necessary to regional planning.|Municipal planning, service delivery, and council oversight|info@lusangazicouncil.gov.zm
DEPT-LUS-2041|A regional planning authority shall furnish the Minister wit|Municipal planning, service delivery, and council oversight|info@lusangazicouncil.gov.zm
DEPT-LUS-2042|The expenses of a regional planning authority shall be met|Municipal planning, service delivery, and council oversight|info@lusangazicouncil.gov.zm
DEPT-LUS-2043|planning authority.|Municipal planning, service delivery, and council oversight|info@lusangazicouncil.gov.zm
DEPT-LUS-2044|A provincial planning authority shall consist of the followi|Municipal planning, service delivery, and council oversight|info@lusangazicouncil.gov.zm
DEPT-LUS-2045|(a) five members qualified in planning, public health, law,|Municipal planning, service delivery, and council oversight|info@lusangazicouncil.gov.zm
DEPT-LUS-2046|The Urban and Regional Planning|Municipal planning, service delivery, and council oversight|info@lusangazicouncil.gov.zm
DEPT-LUS-2047|members shall elect the Vice-Chairperson of the provincial p|Municipal planning, service delivery, and council oversight|info@lusangazicouncil.gov.zm
DEPT-LUS-2048|authority from among the members of the provincial planning|Municipal planning, service delivery, and council oversight|info@lusangazicouncil.gov.zm
DEPT-LUS-2049|A member of the provincial planning authority shall hold|Municipal planning, service delivery, and council oversight|info@lusangazicouncil.gov.zm
DEPT-LUS-2050|planning authority if that person—|Municipal planning, service delivery, and council oversight|info@lusangazicouncil.gov.zm
DEPT-LUS-2051|procedures, reporting structures and administration of provi|Municipal planning, service delivery, and council oversight|info@lusangazicouncil.gov.zm
DEPT-LUS-2052|planning authorities.|Municipal planning, service delivery, and council oversight|info@lusangazicouncil.gov.zm
DEPT-LUS-2053|(a) be the Secretary to the provincial planning authority; a|Municipal planning, service delivery, and council oversight|info@lusangazicouncil.gov.zm
DEPT-LUS-2054|planning authority and recommend the members for|Municipal planning, service delivery, and council oversight|info@lusangazicouncil.gov.zm
DEPT-LUS-2055|The Urban and Regional Planning|Municipal planning, service delivery, and council oversight|info@lusangazicouncil.gov.zm
DEPT-LUS-2056|12. (1) A provincial planning authority shall be responsible|Municipal planning, service delivery, and council oversight|info@lusangazicouncil.gov.zm
DEPT-LUS-2057|all planning activities for the province and shall—|Municipal planning, service delivery, and council oversight|info@lusangazicouncil.gov.zm
DEPT-LUS-2058|(a) monitor and advise on the planning, drafting, adoption a|Municipal planning, service delivery, and council oversight|info@lusangazicouncil.gov.zm
DEPT-LUS-2059|(i) the integrated development plans of local planning|Municipal planning, service delivery, and council oversight|info@lusangazicouncil.gov.zm
DEPT-LUS-2060|plans of local planning authorities with the|Municipal planning, service delivery, and council oversight|info@lusangazicouncil.gov.zm
DEPT-LUS-2061|National Planning Framework and regional|Municipal planning, service delivery, and council oversight|info@lusangazicouncil.gov.zm
DEPT-LUS-2062|relating to the planning, drafting, adoption or review of|Municipal planning, service delivery, and council oversight|info@lusangazicouncil.gov.zm
DEPT-LUS-2063|between local planning authorities in the Province, as|Municipal planning, service delivery, and council oversight|info@lusangazicouncil.gov.zm
DEPT-LUS-2064|standards and planning guidelines provided for under|Municipal planning, service delivery, and council oversight|info@lusangazicouncil.gov.zm
DEPT-LUS-2065|(e) oversee all planning activities in the Province;|Municipal planning, service delivery, and council oversight|info@lusangazicouncil.gov.zm
DEPT-LUS-2066|(f) assist local authorities in planning, drafting, adopting|Municipal planning, service delivery, and council oversight|info@lusangazicouncil.gov.zm
DEPT-LUS-2067|(g) perform any other functions relating to planning in the|Municipal planning, service delivery, and council oversight|info@lusangazicouncil.gov.zm
DEPT-LUS-2068|A provincial planning authority shall, where a local plannin|Municipal planning, service delivery, and council oversight|info@lusangazicouncil.gov.zm
DEPT-LUS-2069|as a planning authority.|Municipal planning, service delivery, and council oversight|info@lusangazicouncil.gov.zm
DEPT-LUS-2070|A provincial planning authority shall, where the appointment|Municipal planning, service delivery, and council oversight|info@lusangazicouncil.gov.zm
DEPT-LUS-2071|of a local authority as a planning authority is revoked or s|Municipal planning, service delivery, and council oversight|info@lusangazicouncil.gov.zm
DEPT-LUS-2072|pursuant to subsection (2), perform the functions of the loc|Municipal planning, service delivery, and council oversight|info@lusangazicouncil.gov.zm
DEPT-LUS-2073|The Urban and Regional Planning|Municipal planning, service delivery, and council oversight|info@lusangazicouncil.gov.zm
DEPT-LUS-2074|designated as a planning authority for its area by the Minis|Municipal planning, service delivery, and council oversight|info@lusangazicouncil.gov.zm
DEPT-LUS-2075|(2) The functions of a local planning authority are to—|Municipal planning, service delivery, and council oversight|info@lusangazicouncil.gov.zm
DEPT-LUS-2076|(c) receive and process applications for planning permission|Municipal planning, service delivery, and council oversight|info@lusangazicouncil.gov.zm
DEPT-LUS-2077|(f) perform any other planning and development functions as|Municipal planning, service delivery, and council oversight|info@lusangazicouncil.gov.zm
DEPT-LUS-2078|A local planning authority shall furnish the Minister with|Municipal planning, service delivery, and council oversight|info@lusangazicouncil.gov.zm
DEPT-LUS-2079|authorities as local planning authorities, prescribe the pro|Municipal planning, service delivery, and council oversight|info@lusangazicouncil.gov.zm
DEPT-LUS-2080|reporting structures, secretariat services for, and administ|Municipal planning, service delivery, and council oversight|info@lusangazicouncil.gov.zm
DEPT-LUS-2081|local planning authorities.|Municipal planning, service delivery, and council oversight|info@lusangazicouncil.gov.zm
DEPT-LUS-2082|for planning shall be the planning committee for purposes of|Municipal planning, service delivery, and council oversight|info@lusangazicouncil.gov.zm
DEPT-LUS-2083|all the planning committees within the Province.|Municipal planning, service delivery, and council oversight|info@lusangazicouncil.gov.zm
DEPT-LUS-2084|or appointment of a planning committee, submit the names of|Municipal planning, service delivery, and council oversight|info@lusangazicouncil.gov.zm
DEPT-LUS-2085|members of the planning committee to the Provincial Planner|Municipal planning, service delivery, and council oversight|info@lusangazicouncil.gov.zm
DEPT-LUS-2086|Where a local authority does not establish a planning|Municipal planning, service delivery, and council oversight|info@lusangazicouncil.gov.zm
DEPT-LUS-2087|requirements of this Act, the relevant provincial planning a|Municipal planning, service delivery, and council oversight|info@lusangazicouncil.gov.zm
DEPT-LUS-2088|shall perform the functions of the planning committee under|Municipal planning, service delivery, and council oversight|info@lusangazicouncil.gov.zm
DEPT-LUS-2089|The Urban and Regional Planning|Municipal planning, service delivery, and council oversight|info@lusangazicouncil.gov.zm
DEPT-LUS-2090|of planning|Municipal planning, service delivery, and council oversight|info@lusangazicouncil.gov.zm
DEPT-LUS-2091|The planning department of a local authority shall provide|Municipal planning, service delivery, and council oversight|info@lusangazicouncil.gov.zm
DEPT-LUS-2092|the secretarial and administrative support to the planning c|Municipal planning, service delivery, and council oversight|info@lusangazicouncil.gov.zm
DEPT-LUS-2093|15. (1) A planning committee shall—|Municipal planning, service delivery, and council oversight|info@lusangazicouncil.gov.zm
DEPT-LUS-2094|planning authority in accordance with this Act;|Municipal planning, service delivery, and council oversight|info@lusangazicouncil.gov.zm
DEPT-LUS-2095|prepared by the local planning authority in accordance|Municipal planning, service delivery, and council oversight|info@lusangazicouncil.gov.zm
DEPT-LUS-2096|(c) consider and make planning decisions on applications fo|Municipal planning, service delivery, and council oversight|info@lusangazicouncil.gov.zm
DEPT-LUS-2097|other plan prepared by the local planning authority in|Municipal planning, service delivery, and council oversight|info@lusangazicouncil.gov.zm
DEPT-LUS-2098|A planning committee shall, in performing its functions unde|Municipal planning, service delivery, and council oversight|info@lusangazicouncil.gov.zm
DEPT-LUS-2099|planning department of the local authority.|Municipal planning, service delivery, and council oversight|info@lusangazicouncil.gov.zm
DEPT-LUS-2100|A planning committee shall report to the council of the|Municipal planning, service delivery, and council oversight|info@lusangazicouncil.gov.zm
DEPT-LUS-2101|PLANNING FRAMEWORK AND SYSTEM|Municipal planning, service delivery, and council oversight|info@lusangazicouncil.gov.zm
DEPT-LUS-2102|16. (1) The National Planning Framework shall apply to the|Municipal planning, service delivery, and council oversight|info@lusangazicouncil.gov.zm
DEPT-LUS-2103|The National Planning Framework shall—|Municipal planning, service delivery, and council oversight|info@lusangazicouncil.gov.zm
DEPT-LUS-2104|direction and trends of spatial development and planning|Municipal planning, service delivery, and council oversight|info@lusangazicouncil.gov.zm
DEPT-LUS-2105|The Urban and Regional Planning|Municipal planning, service delivery, and council oversight|info@lusangazicouncil.gov.zm
DEPT-LUS-2106|(b) include planning guidelines for regional development pla|Municipal planning, service delivery, and council oversight|info@lusangazicouncil.gov.zm
DEPT-LUS-2107|The Director shall, when preparing the National Planning|Municipal planning, service delivery, and council oversight|info@lusangazicouncil.gov.zm
DEPT-LUS-2108|The National Planning Framework shall be reviewed every|Municipal planning, service delivery, and council oversight|info@lusangazicouncil.gov.zm
DEPT-LUS-2109|National Planning Framework.|Municipal planning, service delivery, and council oversight|info@lusangazicouncil.gov.zm
DEPT-LUS-2110|A planning authority shall ensure that the objectives of the|Municipal planning, service delivery, and council oversight|info@lusangazicouncil.gov.zm
DEPT-LUS-2111|National Planning Framework are achieved.|Municipal planning, service delivery, and council oversight|info@lusangazicouncil.gov.zm
DEPT-LUS-2112|guidelines for planning and development which shall be compl|Municipal planning, service delivery, and council oversight|info@lusangazicouncil.gov.zm
DEPT-LUS-2113|with by all planning authorities.|Municipal planning, service delivery, and council oversight|info@lusangazicouncil.gov.zm
DEPT-LUS-2114|Without prejudice to the generality of section three, planni|Municipal planning, service delivery, and council oversight|info@lusangazicouncil.gov.zm
DEPT-LUS-2115|(a) the requirements in the National Planning Framework;|Municipal planning, service delivery, and council oversight|info@lusangazicouncil.gov.zm
DEPT-LUS-2116|The Urban and Regional Planning|Municipal planning, service delivery, and council oversight|info@lusangazicouncil.gov.zm
DEPT-LUS-2117|(g) any other matter affecting urban and regional planning|Municipal planning, service delivery, and council oversight|info@lusangazicouncil.gov.zm
DEPT-LUS-2118|19. (1) A planning authority shall prepare an integrated|Municipal planning, service delivery, and council oversight|info@lusangazicouncil.gov.zm
DEPT-LUS-2119|A planning authority may restrict the coverage of an|Municipal planning, service delivery, and council oversight|info@lusangazicouncil.gov.zm
DEPT-LUS-2120|The Urban and Regional Planning|Municipal planning, service delivery, and council oversight|info@lusangazicouncil.gov.zm
DEPT-LUS-2121|planning instrument to guide and inform all planning and dev|Municipal planning, service delivery, and council oversight|info@lusangazicouncil.gov.zm
DEPT-LUS-2122|in the area of the local authority and all planning decisio|Municipal planning, service delivery, and council oversight|info@lusangazicouncil.gov.zm
DEPT-LUS-2123|planning authority.|Municipal planning, service delivery, and council oversight|info@lusangazicouncil.gov.zm
DEPT-LUS-2124|(d) be compatible with the National Planning Framework and|Municipal planning, service delivery, and council oversight|info@lusangazicouncil.gov.zm
DEPT-LUS-2125|(a) be prepared in accordance with the planning guidelines|Municipal planning, service delivery, and council oversight|info@lusangazicouncil.gov.zm
DEPT-LUS-2126|The Urban and Regional Planning|Municipal planning, service delivery, and council oversight|info@lusangazicouncil.gov.zm
DEPT-LUS-2127|20. (1) An integrated development plan shall include a plan|Municipal planning, service delivery, and council oversight|info@lusangazicouncil.gov.zm
DEPT-LUS-2128|(2) A planning committee shall, in formulating an integrate|Municipal planning, service delivery, and council oversight|info@lusangazicouncil.gov.zm
DEPT-LUS-2129|planning survey; and|Municipal planning, service delivery, and council oversight|info@lusangazicouncil.gov.zm
DEPT-LUS-2130|financial and economic planning of the Republic and|Municipal planning, service delivery, and council oversight|info@lusangazicouncil.gov.zm
DEPT-LUS-2131|area under the planning authority, including the|Municipal planning, service delivery, and council oversight|info@lusangazicouncil.gov.zm
DEPT-LUS-2132|planning authority’s area;|Municipal planning, service delivery, and council oversight|info@lusangazicouncil.gov.zm
DEPT-LUS-2133|identification of communities which do not have access|Municipal planning, service delivery, and council oversight|info@lusangazicouncil.gov.zm
DEPT-LUS-2134|The Urban and Regional Planning|Municipal planning, service delivery, and council oversight|info@lusangazicouncil.gov.zm
DEPT-LUS-2135|(g) a description of the applied planning process and the pu|Municipal planning, service delivery, and council oversight|info@lusangazicouncil.gov.zm
DEPT-LUS-2136|National Planning Framework and sectoral local planning|Municipal planning, service delivery, and council oversight|info@lusangazicouncil.gov.zm
DEPT-LUS-2137|The Urban and Regional Planning|Municipal planning, service delivery, and council oversight|info@lusangazicouncil.gov.zm
DEPT-LUS-2138|other detailed planning activities to assist in the|Municipal planning, service delivery, and council oversight|info@lusangazicouncil.gov.zm
DEPT-LUS-2139|in an integrated development plan in line with a planning ag|Municipal planning, service delivery, and council oversight|info@lusangazicouncil.gov.zm
DEPT-LUS-2140|land, including traditional authorities, as indicated in the|Municipal planning, service delivery, and council oversight|info@lusangazicouncil.gov.zm
DEPT-LUS-2141|21. (1) A planning authority shall use a local area plan as|Municipal planning, service delivery, and council oversight|info@lusangazicouncil.gov.zm
DEPT-LUS-2142|planning instrument to provide detailed proposals for the|Municipal planning, service delivery, and council oversight|info@lusangazicouncil.gov.zm
DEPT-LUS-2143|The Urban and Regional Planning|Municipal planning, service delivery, and council oversight|info@lusangazicouncil.gov.zm
DEPT-LUS-2144|planning and may provide the basis for property delineation,|Municipal planning, service delivery, and council oversight|info@lusangazicouncil.gov.zm
DEPT-LUS-2145|plan and provide for poverty alleviation, local community|Municipal planning, service delivery, and council oversight|info@lusangazicouncil.gov.zm
DEPT-LUS-2146|and other planning principles;|Municipal planning, service delivery, and council oversight|info@lusangazicouncil.gov.zm
DEPT-LUS-2147|The Urban and Regional Planning|Municipal planning, service delivery, and council oversight|info@lusangazicouncil.gov.zm
DEPT-LUS-2148|A local planning authority may, with the approval of the|Municipal planning, service delivery, and council oversight|info@lusangazicouncil.gov.zm
DEPT-LUS-2149|provincial planning authority, amend or revoke a local area|Municipal planning, service delivery, and council oversight|info@lusangazicouncil.gov.zm
DEPT-LUS-2150|(a) a report of the planning survey carried out with respec|Municipal planning, service delivery, and council oversight|info@lusangazicouncil.gov.zm
DEPT-LUS-2151|(viii) a description of the applied planning process;|Municipal planning, service delivery, and council oversight|info@lusangazicouncil.gov.zm
DEPT-LUS-2152|The Urban and Regional Planning|Municipal planning, service delivery, and council oversight|info@lusangazicouncil.gov.zm
DEPT-LUS-2153|as the planning authority may consider appropriate to|Municipal planning, service delivery, and council oversight|info@lusangazicouncil.gov.zm
DEPT-LUS-2154|23. (1) A local planning authority shall adopt a local area|Municipal planning, service delivery, and council oversight|info@lusangazicouncil.gov.zm
DEPT-LUS-2155|and submit a report to the provincial planning authority wi|Municipal planning, service delivery, and council oversight|info@lusangazicouncil.gov.zm
DEPT-LUS-2156|The Urban and Regional Planning|Municipal planning, service delivery, and council oversight|info@lusangazicouncil.gov.zm
DEPT-LUS-2157|(e) comments on the adherence to the planning guidelines|Municipal planning, service delivery, and council oversight|info@lusangazicouncil.gov.zm
DEPT-LUS-2158|The provincial planning authority shall, within sixty days o|Municipal planning, service delivery, and council oversight|info@lusangazicouncil.gov.zm
DEPT-LUS-2159|The provincial planning authority shall, where it objects to|Municipal planning, service delivery, and council oversight|info@lusangazicouncil.gov.zm
DEPT-LUS-2160|(a) inform the local planning authority accordingly and give|Municipal planning, service delivery, and council oversight|info@lusangazicouncil.gov.zm
DEPT-LUS-2161|(b) direct the local planning authority to amend the local a|Municipal planning, service delivery, and council oversight|info@lusangazicouncil.gov.zm
DEPT-LUS-2162|plan as the provincial planning authority may determine.|Municipal planning, service delivery, and council oversight|info@lusangazicouncil.gov.zm
DEPT-LUS-2163|A local planning authority shall, where the provincial|Municipal planning, service delivery, and council oversight|info@lusangazicouncil.gov.zm
DEPT-LUS-2164|planning authority directs the local planning authority to a|Municipal planning, service delivery, and council oversight|info@lusangazicouncil.gov.zm
DEPT-LUS-2165|24.(1) A local planning authority may prepare sectoral plan|Municipal planning, service delivery, and council oversight|info@lusangazicouncil.gov.zm
DEPT-LUS-2166|The Urban and Regional Planning|Municipal planning, service delivery, and council oversight|info@lusangazicouncil.gov.zm
DEPT-LUS-2167|development plan and its planning programme and shall adhere|Municipal planning, service delivery, and council oversight|info@lusangazicouncil.gov.zm
DEPT-LUS-2168|the development and planning principles, programmes and prop|Municipal planning, service delivery, and council oversight|info@lusangazicouncil.gov.zm
DEPT-LUS-2169|adopted in the integrated development planning process.|Municipal planning, service delivery, and council oversight|info@lusangazicouncil.gov.zm
DEPT-LUS-2170|plan or local area plan in the customary area, enter into pl|Municipal planning, service delivery, and council oversight|info@lusangazicouncil.gov.zm
DEPT-LUS-2171|A planning agreement shall contain the following—|Municipal planning, service delivery, and council oversight|info@lusangazicouncil.gov.zm
DEPT-LUS-2172|of special planning standards and approval requirements|Municipal planning, service delivery, and council oversight|info@lusangazicouncil.gov.zm
DEPT-LUS-2173|planning procedures to be complied with by applicants|Municipal planning, service delivery, and council oversight|info@lusangazicouncil.gov.zm
DEPT-LUS-2174|special procedures that might be applied to that planning|Municipal planning, service delivery, and council oversight|info@lusangazicouncil.gov.zm
DEPT-LUS-2175|The Urban and Regional Planning|Municipal planning, service delivery, and council oversight|info@lusangazicouncil.gov.zm
DEPT-LUS-2176|in order to support the implementation of the planning|Municipal planning, service delivery, and council oversight|info@lusangazicouncil.gov.zm
DEPT-LUS-2177|local authority, local community and the Chief on|Municipal planning, service delivery, and council oversight|info@lusangazicouncil.gov.zm
DEPT-LUS-2178|planning and development matters.|Municipal planning, service delivery, and council oversight|info@lusangazicouncil.gov.zm
DEPT-LUS-2179|planning agreement, the Minister shall, after consultation|Municipal planning, service delivery, and council oversight|info@lusangazicouncil.gov.zm
DEPT-LUS-2180|President, sign the planning agreement if it is in the publi|Municipal planning, service delivery, and council oversight|info@lusangazicouncil.gov.zm
DEPT-LUS-2181|to do so for purposes of this Act, and the planning agreemen|Municipal planning, service delivery, and council oversight|info@lusangazicouncil.gov.zm
DEPT-LUS-2182|the principles and objectives of the applicable planning gui|Municipal planning, service delivery, and council oversight|info@lusangazicouncil.gov.zm
DEPT-LUS-2183|28. (1) A planning authority may, declare an area of land wi|Municipal planning, service delivery, and council oversight|info@lusangazicouncil.gov.zm
DEPT-LUS-2184|(a) in the case of customary land, it is subject to a planni|Municipal planning, service delivery, and council oversight|info@lusangazicouncil.gov.zm
DEPT-LUS-2185|The Urban and Regional Planning|Municipal planning, service delivery, and council oversight|info@lusangazicouncil.gov.zm
DEPT-LUS-2186|The Urban and Regional Planning|Municipal planning, service delivery, and council oversight|info@lusangazicouncil.gov.zm
DEPT-LUS-2187|THE PLANNING PROCESS|Municipal planning, service delivery, and council oversight|info@lusangazicouncil.gov.zm
DEPT-LUS-2188|existing plan, initiate the planning process.|Municipal planning, service delivery, and council oversight|info@lusangazicouncil.gov.zm
DEPT-LUS-2189|The Urban and Regional Planning|Municipal planning, service delivery, and council oversight|info@lusangazicouncil.gov.zm
DEPT-LUS-2190|Where a local authority does not have a planning|Municipal planning, service delivery, and council oversight|info@lusangazicouncil.gov.zm
DEPT-LUS-2191|department or fails to meet the development or planning capa|Municipal planning, service delivery, and council oversight|info@lusangazicouncil.gov.zm
DEPT-LUS-2192|directing the commencement of a planning process to the prov|Municipal planning, service delivery, and council oversight|info@lusangazicouncil.gov.zm
DEPT-LUS-2193|planning authority which shall be responsible for the plann|Municipal planning, service delivery, and council oversight|info@lusangazicouncil.gov.zm
DEPT-LUS-2194|or not the resolution directing the commencement of a planni|Municipal planning, service delivery, and council oversight|info@lusangazicouncil.gov.zm
DEPT-LUS-2195|process is submitted to a planning committee or a provincial|Municipal planning, service delivery, and council oversight|info@lusangazicouncil.gov.zm
DEPT-LUS-2196|36. (1) A planning department shall prepare a planning|Municipal planning, service delivery, and council oversight|info@lusangazicouncil.gov.zm
DEPT-LUS-2197|programme and submit the planning programme to the planning|Municipal planning, service delivery, and council oversight|info@lusangazicouncil.gov.zm
DEPT-LUS-2198|A planning programme shall—|Municipal planning, service delivery, and council oversight|info@lusangazicouncil.gov.zm
DEPT-LUS-2199|issues and concerns to be covered in the planning process|Municipal planning, service delivery, and council oversight|info@lusangazicouncil.gov.zm
DEPT-LUS-2200|as well as the cost of the planning process;|Municipal planning, service delivery, and council oversight|info@lusangazicouncil.gov.zm
DEPT-LUS-2201|stakeholders to be consulted in the planning process,|Municipal planning, service delivery, and council oversight|info@lusangazicouncil.gov.zm
DEPT-LUS-2202|planning is likely to be undertaken; and|Municipal planning, service delivery, and council oversight|info@lusangazicouncil.gov.zm
DEPT-LUS-2203|The Urban and Regional Planning|Municipal planning, service delivery, and council oversight|info@lusangazicouncil.gov.zm
DEPT-LUS-2204|A planning committee shall submit the proposed planning|Municipal planning, service delivery, and council oversight|info@lusangazicouncil.gov.zm
DEPT-LUS-2205|planning programme is developed by the provincial planning|Municipal planning, service delivery, and council oversight|info@lusangazicouncil.gov.zm
DEPT-LUS-2206|of a planning programme under subsection (4), adopt the pla|Municipal planning, service delivery, and council oversight|info@lusangazicouncil.gov.zm
DEPT-LUS-2207|programme or refer it to the planning committee for amendmen|Municipal planning, service delivery, and council oversight|info@lusangazicouncil.gov.zm
DEPT-LUS-2208|37. (1) A planning authority shall—|Municipal planning, service delivery, and council oversight|info@lusangazicouncil.gov.zm
DEPT-LUS-2209|(a) publish the proposed planning programme for public|Municipal planning, service delivery, and council oversight|info@lusangazicouncil.gov.zm
DEPT-LUS-2210|proposed planning programme at the offices of the local|Municipal planning, service delivery, and council oversight|info@lusangazicouncil.gov.zm
DEPT-LUS-2211|A person may make submissions on the proposed planning|Municipal planning, service delivery, and council oversight|info@lusangazicouncil.gov.zm
DEPT-LUS-2212|programme, in writing, to the planning committee within thir|Municipal planning, service delivery, and council oversight|info@lusangazicouncil.gov.zm
DEPT-LUS-2213|A planning committee shall take into account the|Municipal planning, service delivery, and council oversight|info@lusangazicouncil.gov.zm
DEPT-LUS-2214|38. (1) A local planning authority shall submit a copy of th|Municipal planning, service delivery, and council oversight|info@lusangazicouncil.gov.zm
DEPT-LUS-2215|adopted programme to the provincial planning authority with|Municipal planning, service delivery, and council oversight|info@lusangazicouncil.gov.zm
DEPT-LUS-2216|days of the date of approval of the planning programme.|Municipal planning, service delivery, and council oversight|info@lusangazicouncil.gov.zm
DEPT-LUS-2217|A provincial planning authority shall, upon receipt of the|Municipal planning, service delivery, and council oversight|info@lusangazicouncil.gov.zm
DEPT-LUS-2218|programme for public participation, compliance with the plan|Municipal planning, service delivery, and council oversight|info@lusangazicouncil.gov.zm
DEPT-LUS-2219|A provincial planning authority shall, where it determines|Municipal planning, service delivery, and council oversight|info@lusangazicouncil.gov.zm
DEPT-LUS-2220|that the planning programme submitted under subsection (1) i|Municipal planning, service delivery, and council oversight|info@lusangazicouncil.gov.zm
DEPT-LUS-2221|within thirty days of receiving the proposed planning progra|Municipal planning, service delivery, and council oversight|info@lusangazicouncil.gov.zm
DEPT-LUS-2222|direct the local planning authority to adjust the planning p|Municipal planning, service delivery, and council oversight|info@lusangazicouncil.gov.zm
DEPT-LUS-2223|A local planning authority shall, within fourteen days of th|Municipal planning, service delivery, and council oversight|info@lusangazicouncil.gov.zm
DEPT-LUS-2224|receipt of a direction to adjust the planning programme und|Municipal planning, service delivery, and council oversight|info@lusangazicouncil.gov.zm
DEPT-LUS-2225|The Urban and Regional Planning|Municipal planning, service delivery, and council oversight|info@lusangazicouncil.gov.zm
DEPT-LUS-2226|planning authority the reasons for the|Municipal planning, service delivery, and council oversight|info@lusangazicouncil.gov.zm
DEPT-LUS-2227|A provincial planning authority may, on receipt of the|Municipal planning, service delivery, and council oversight|info@lusangazicouncil.gov.zm
DEPT-LUS-2228|planning authority’s objection to the Director, and the loca|Municipal planning, service delivery, and council oversight|info@lusangazicouncil.gov.zm
DEPT-LUS-2229|authority shall adopt the planning programme as recommended|Municipal planning, service delivery, and council oversight|info@lusangazicouncil.gov.zm
DEPT-LUS-2230|A local planning authority shall inform the community,|Municipal planning, service delivery, and council oversight|info@lusangazicouncil.gov.zm
DEPT-LUS-2231|the adopted planning programme in the prescribed manner.|Municipal planning, service delivery, and council oversight|info@lusangazicouncil.gov.zm
DEPT-LUS-2232|39. (1) A local planning authority or the provincial plann|Municipal planning, service delivery, and council oversight|info@lusangazicouncil.gov.zm
DEPT-LUS-2233|integrated development plan in accordance with the adopted p|Municipal planning, service delivery, and council oversight|info@lusangazicouncil.gov.zm
DEPT-LUS-2234|integrated development plans and planning strategies of|Municipal planning, service delivery, and council oversight|info@lusangazicouncil.gov.zm
DEPT-LUS-2235|A local planning authority shall plan for integrated|Municipal planning, service delivery, and council oversight|info@lusangazicouncil.gov.zm
DEPT-LUS-2236|local communities in that area in respect of customary land|Municipal planning, service delivery, and council oversight|info@lusangazicouncil.gov.zm
DEPT-LUS-2237|line with planning agreements, where applicable.|Municipal planning, service delivery, and council oversight|info@lusangazicouncil.gov.zm
DEPT-LUS-2238|(5) A local planning authority shall, during the preparation|Municipal planning, service delivery, and council oversight|info@lusangazicouncil.gov.zm
DEPT-LUS-2239|communities and other stakeholders in accordance with a pla|Municipal planning, service delivery, and council oversight|info@lusangazicouncil.gov.zm
DEPT-LUS-2240|40. (1) A planning authority shall, within fourteen days of|Municipal planning, service delivery, and council oversight|info@lusangazicouncil.gov.zm
DEPT-LUS-2241|The Urban and Regional Planning|Municipal planning, service delivery, and council oversight|info@lusangazicouncil.gov.zm
DEPT-LUS-2242|A planning authority shall make the draft regional|Municipal planning, service delivery, and council oversight|info@lusangazicouncil.gov.zm
DEPT-LUS-2243|A planning authority shall establish mechanisms to collect|Municipal planning, service delivery, and council oversight|info@lusangazicouncil.gov.zm
DEPT-LUS-2244|area plan in such manner as may be prescribed and the planni|Municipal planning, service delivery, and council oversight|info@lusangazicouncil.gov.zm
DEPT-LUS-2245|The local planning authority may make alterations to the|Municipal planning, service delivery, and council oversight|info@lusangazicouncil.gov.zm
DEPT-LUS-2246|to the planning authorities under that subsection.|Municipal planning, service delivery, and council oversight|info@lusangazicouncil.gov.zm
DEPT-LUS-2247|made under subsection (1), the local planning authority cons|Municipal planning, service delivery, and council oversight|info@lusangazicouncil.gov.zm
DEPT-LUS-2248|be amended, the local planning authority shall, within thirt|Municipal planning, service delivery, and council oversight|info@lusangazicouncil.gov.zm
DEPT-LUS-2249|plan and local area plan made to the local planning|Municipal planning, service delivery, and council oversight|info@lusangazicouncil.gov.zm
DEPT-LUS-2250|The Urban and Regional Planning|Municipal planning, service delivery, and council oversight|info@lusangazicouncil.gov.zm
DEPT-LUS-2251|The members of a planning committee shall consider the|Municipal planning, service delivery, and council oversight|info@lusangazicouncil.gov.zm
DEPT-LUS-2252|(e) any comments on the adherence to planning guidelines|Municipal planning, service delivery, and council oversight|info@lusangazicouncil.gov.zm
DEPT-LUS-2253|and the relevance to the National Planning Framework,|Municipal planning, service delivery, and council oversight|info@lusangazicouncil.gov.zm
DEPT-LUS-2254|(a) inform the local planning authority accordingly and give|Municipal planning, service delivery, and council oversight|info@lusangazicouncil.gov.zm
DEPT-LUS-2255|(b) direct the local planning authority to amend the integra|Municipal planning, service delivery, and council oversight|info@lusangazicouncil.gov.zm
DEPT-LUS-2256|A local planning authority shall, where the Minister directs|Municipal planning, service delivery, and council oversight|info@lusangazicouncil.gov.zm
DEPT-LUS-2257|A planning authority shall avail the approved integrated|Municipal planning, service delivery, and council oversight|info@lusangazicouncil.gov.zm
DEPT-LUS-2258|The Urban and Regional Planning|Municipal planning, service delivery, and council oversight|info@lusangazicouncil.gov.zm
DEPT-LUS-2259|(a) the plan conflicts with the planning guidelines or other|Municipal planning, service delivery, and council oversight|info@lusangazicouncil.gov.zm
DEPT-LUS-2260|development plan and refer the plan to the planning authorit|Municipal planning, service delivery, and council oversight|info@lusangazicouncil.gov.zm
DEPT-LUS-2261|relevant planning authority shall be responsible for the res|Municipal planning, service delivery, and council oversight|info@lusangazicouncil.gov.zm
DEPT-LUS-2262|planning process.|Municipal planning, service delivery, and council oversight|info@lusangazicouncil.gov.zm
DEPT-LUS-2263|45. (1) A planning authority shall review its integrated|Municipal planning, service delivery, and council oversight|info@lusangazicouncil.gov.zm
DEPT-LUS-2264|A planning authority may amend or update an integrated|Municipal planning, service delivery, and council oversight|info@lusangazicouncil.gov.zm
DEPT-LUS-2265|The Urban and Regional Planning|Municipal planning, service delivery, and council oversight|info@lusangazicouncil.gov.zm
DEPT-LUS-2266|A local planning authority shall inform the provincial plann|Municipal planning, service delivery, and council oversight|info@lusangazicouncil.gov.zm
DEPT-LUS-2267|planning authority shall, within twenty-one days of being in|Municipal planning, service delivery, and council oversight|info@lusangazicouncil.gov.zm
DEPT-LUS-2268|by the local planning authority, respond to the local plann|Municipal planning, service delivery, and council oversight|info@lusangazicouncil.gov.zm
DEPT-LUS-2269|A local planning authority shall, if the provincial planning|Municipal planning, service delivery, and council oversight|info@lusangazicouncil.gov.zm
DEPT-LUS-2270|The provincial planning authority may—|Municipal planning, service delivery, and council oversight|info@lusangazicouncil.gov.zm
DEPT-LUS-2271|A local planning authority shall, where the provincial|Municipal planning, service delivery, and council oversight|info@lusangazicouncil.gov.zm
DEPT-LUS-2272|planning authority makes proposals for amendments to the int|Municipal planning, service delivery, and council oversight|info@lusangazicouncil.gov.zm
DEPT-LUS-2273|development plan, consider the proposals of the provincial p|Municipal planning, service delivery, and council oversight|info@lusangazicouncil.gov.zm
DEPT-LUS-2274|the provincial planning authority; or|Municipal planning, service delivery, and council oversight|info@lusangazicouncil.gov.zm
DEPT-LUS-2275|(b) if it disagrees with the proposals of the provincial pl|Municipal planning, service delivery, and council oversight|info@lusangazicouncil.gov.zm
DEPT-LUS-2276|planning authority with reasons, in writing, why it|Municipal planning, service delivery, and council oversight|info@lusangazicouncil.gov.zm
DEPT-LUS-2277|A provincial planning authority shall, on receipt of an|Municipal planning, service delivery, and council oversight|info@lusangazicouncil.gov.zm
DEPT-LUS-2278|planning authority’s objection to the Minister for direction|Municipal planning, service delivery, and council oversight|info@lusangazicouncil.gov.zm
DEPT-LUS-2279|A local planning authority shall adopt the integrated|Municipal planning, service delivery, and council oversight|info@lusangazicouncil.gov.zm
DEPT-LUS-2280|The Urban and Regional Planning|Municipal planning, service delivery, and council oversight|info@lusangazicouncil.gov.zm
DEPT-LUS-2281|to the planning committee, a local area plan for the propose|Municipal planning, service delivery, and council oversight|info@lusangazicouncil.gov.zm
DEPT-LUS-2282|written agreement, and after consultation with the provincia|Municipal planning, service delivery, and council oversight|info@lusangazicouncil.gov.zm
DEPT-LUS-2283|Any joint planning initiatives and multi-jurisdictional coun|Municipal planning, service delivery, and council oversight|info@lusangazicouncil.gov.zm
DEPT-LUS-2284|the Minister or the planning authority requesting that an or|Municipal planning, service delivery, and council oversight|info@lusangazicouncil.gov.zm
DEPT-LUS-2285|The Urban and Regional Planning|Municipal planning, service delivery, and council oversight|info@lusangazicouncil.gov.zm
DEPT-LUS-2286|PLANNING APPLICATIONS AND PERMISSION|Municipal planning, service delivery, and council oversight|info@lusangazicouncil.gov.zm
DEPT-LUS-2287|change the use of land or subdivide any land without plannin|Municipal planning, service delivery, and council oversight|info@lusangazicouncil.gov.zm
DEPT-LUS-2288|hundred penalty units.|Municipal planning, service delivery, and council oversight|info@lusangazicouncil.gov.zm
DEPT-LUS-2289|A planning authority may, where a person carries out any|Municipal planning, service delivery, and council oversight|info@lusangazicouncil.gov.zm
DEPT-LUS-2290|A planning authority may, where a person changes the use|Municipal planning, service delivery, and council oversight|info@lusangazicouncil.gov.zm
DEPT-LUS-2291|Where planning permission is granted for a limited period,|Municipal planning, service delivery, and council oversight|info@lusangazicouncil.gov.zm
DEPT-LUS-2292|no further planning permission shall be required at the end|Municipal planning, service delivery, and council oversight|info@lusangazicouncil.gov.zm
DEPT-LUS-2293|lawfully used before the planning permission was granted.|Municipal planning, service delivery, and council oversight|info@lusangazicouncil.gov.zm
DEPT-LUS-2294|Where an application for planning permission is for a|Municipal planning, service delivery, and council oversight|info@lusangazicouncil.gov.zm
DEPT-LUS-2295|planning permission is required for purposes of this Act;|Municipal planning, service delivery, and council oversight|info@lusangazicouncil.gov.zm
DEPT-LUS-2296|(b) specific requirements for planning permission and|Municipal planning, service delivery, and council oversight|info@lusangazicouncil.gov.zm
DEPT-LUS-2297|50. (1) The Minister may direct a planning authority to refe|Municipal planning, service delivery, and council oversight|info@lusangazicouncil.gov.zm
DEPT-LUS-2298|an application made to that planning authority for planning|Municipal planning, service delivery, and council oversight|info@lusangazicouncil.gov.zm
DEPT-LUS-2299|the Minister instead of being dealt with by the planning aut|Municipal planning, service delivery, and council oversight|info@lusangazicouncil.gov.zm
DEPT-LUS-2300|and the planning authority shall comply with the directive.|Municipal planning, service delivery, and council oversight|info@lusangazicouncil.gov.zm
DEPT-LUS-2301|The Urban and Regional Planning|Municipal planning, service delivery, and council oversight|info@lusangazicouncil.gov.zm
DEPT-LUS-2302|Where an application for planning permission is referred|Municipal planning, service delivery, and council oversight|info@lusangazicouncil.gov.zm
DEPT-LUS-2303|Where the Minister, after consultation with a planning|Municipal planning, service delivery, and council oversight|info@lusangazicouncil.gov.zm
DEPT-LUS-2304|authority, considers that the planning authority has granted|Municipal planning, service delivery, and council oversight|info@lusangazicouncil.gov.zm
DEPT-LUS-2305|the date of the granting of the planning permission, direct|Municipal planning, service delivery, and council oversight|info@lusangazicouncil.gov.zm
DEPT-LUS-2306|authority to cancel the planning permission, and the plannin|Municipal planning, service delivery, and council oversight|info@lusangazicouncil.gov.zm
DEPT-LUS-2307|Where any planning permission is cancelled under|Municipal planning, service delivery, and council oversight|info@lusangazicouncil.gov.zm
DEPT-LUS-2308|subsection (3), the person to whom the planning permission w|Municipal planning, service delivery, and council oversight|info@lusangazicouncil.gov.zm
DEPT-LUS-2309|granted shall be entitled to claim compensation from the pla|Municipal planning, service delivery, and council oversight|info@lusangazicouncil.gov.zm
DEPT-LUS-2310|carrying out the work terminated by the cancellation of the|Municipal planning, service delivery, and council oversight|info@lusangazicouncil.gov.zm
DEPT-LUS-2311|directly attributable to the cancellation of the planning pe|Municipal planning, service delivery, and council oversight|info@lusangazicouncil.gov.zm
DEPT-LUS-2312|and the planning authority shall pay compensation to that p|Municipal planning, service delivery, and council oversight|info@lusangazicouncil.gov.zm
DEPT-LUS-2313|51. (1) The power to grant planning permission under this Pa|Municipal planning, service delivery, and council oversight|info@lusangazicouncil.gov.zm
DEPT-LUS-2314|the date of the application for planning permission, or for|Municipal planning, service delivery, and council oversight|info@lusangazicouncil.gov.zm
DEPT-LUS-2315|without the planning permission granted under this Part or i|Municipal planning, service delivery, and council oversight|info@lusangazicouncil.gov.zm
DEPT-LUS-2316|accordance with the planning permission granted for a limite|Municipal planning, service delivery, and council oversight|info@lusangazicouncil.gov.zm
DEPT-LUS-2317|The planning permission referred to in subsection (1) may|Municipal planning, service delivery, and council oversight|info@lusangazicouncil.gov.zm
DEPT-LUS-2318|Where planning permission is granted under this Part for|Municipal planning, service delivery, and council oversight|info@lusangazicouncil.gov.zm
DEPT-LUS-2319|the erection of a building, the grant of planning permission|Municipal planning, service delivery, and council oversight|info@lusangazicouncil.gov.zm
DEPT-LUS-2320|Where planning permission to develop land is granted under|Municipal planning, service delivery, and council oversight|info@lusangazicouncil.gov.zm
DEPT-LUS-2321|construed as requiring planning permission to be obtained fo|Municipal planning, service delivery, and council oversight|info@lusangazicouncil.gov.zm
DEPT-LUS-2322|for the purpose for which it was normally used before the pl|Municipal planning, service delivery, and council oversight|info@lusangazicouncil.gov.zm
DEPT-LUS-2323|The Urban and Regional Planning|Municipal planning, service delivery, and council oversight|info@lusangazicouncil.gov.zm
DEPT-LUS-2324|planning permission, no account shall be taken of any use of|Municipal planning, service delivery, and council oversight|info@lusangazicouncil.gov.zm
DEPT-LUS-2325|52. (1) Planning permission for development shall be granted|Municipal planning, service delivery, and council oversight|info@lusangazicouncil.gov.zm
DEPT-LUS-2326|the planning authority in the prescribed manner and form u|Municipal planning, service delivery, and council oversight|info@lusangazicouncil.gov.zm
DEPT-LUS-2327|A planning authority shall, in considering an application fo|Municipal planning, service delivery, and council oversight|info@lusangazicouncil.gov.zm
DEPT-LUS-2328|planning requirements in respect of accommodation and|Municipal planning, service delivery, and council oversight|info@lusangazicouncil.gov.zm
DEPT-LUS-2329|53. (1) A planning authority shall, in considering applicati|Municipal planning, service delivery, and council oversight|info@lusangazicouncil.gov.zm
DEPT-LUS-2330|for development permits comply with the planning guidelines|Municipal planning, service delivery, and council oversight|info@lusangazicouncil.gov.zm
DEPT-LUS-2331|(2) A planning authority shall not consider an application f|Municipal planning, service delivery, and council oversight|info@lusangazicouncil.gov.zm
DEPT-LUS-2332|The Urban and Regional Planning|Municipal planning, service delivery, and council oversight|info@lusangazicouncil.gov.zm
DEPT-LUS-2333|A planning authority may, when granting a development|Municipal planning, service delivery, and council oversight|info@lusangazicouncil.gov.zm
DEPT-LUS-2334|A planning authority shall, where the grant of a development|Municipal planning, service delivery, and council oversight|info@lusangazicouncil.gov.zm
DEPT-LUS-2335|the planning authority concerned, specifying in general ter|Municipal planning, service delivery, and council oversight|info@lusangazicouncil.gov.zm
DEPT-LUS-2336|notice of intention is given, the planning authority shall n|Municipal planning, service delivery, and council oversight|info@lusangazicouncil.gov.zm
DEPT-LUS-2337|A planning authority shall, within ninety days of receipt of|Municipal planning, service delivery, and council oversight|info@lusangazicouncil.gov.zm
DEPT-LUS-2338|additional information or revised plans which the planning|Municipal planning, service delivery, and council oversight|info@lusangazicouncil.gov.zm
DEPT-LUS-2339|The Urban and Regional Planning|Municipal planning, service delivery, and council oversight|info@lusangazicouncil.gov.zm
DEPT-LUS-2340|56. (1) A person may apply to a planning authority concerned|Municipal planning, service delivery, and council oversight|info@lusangazicouncil.gov.zm
DEPT-LUS-2341|for variation of the terms and conditions of the planning pe|Municipal planning, service delivery, and council oversight|info@lusangazicouncil.gov.zm
DEPT-LUS-2342|A planning authority may, where an application is made|Municipal planning, service delivery, and council oversight|info@lusangazicouncil.gov.zm
DEPT-LUS-2343|under subsection (1), vary the planning permission or reject|Municipal planning, service delivery, and council oversight|info@lusangazicouncil.gov.zm
DEPT-LUS-2344|57. (1) Subject to the other provisions of this section, a p|Municipal planning, service delivery, and council oversight|info@lusangazicouncil.gov.zm
DEPT-LUS-2345|authority may amend or revoke planning permission if—|Municipal planning, service delivery, and council oversight|info@lusangazicouncil.gov.zm
DEPT-LUS-2346|(a) the planning authority has reasonable grounds to believe|Municipal planning, service delivery, and council oversight|info@lusangazicouncil.gov.zm
DEPT-LUS-2347|(b) the planning permission no longer conforms to the|Municipal planning, service delivery, and council oversight|info@lusangazicouncil.gov.zm
DEPT-LUS-2348|(c) the amendment or revocation of the planning permission|Municipal planning, service delivery, and council oversight|info@lusangazicouncil.gov.zm
DEPT-LUS-2349|A planning authority shall, before amending or revoking a|Municipal planning, service delivery, and council oversight|info@lusangazicouncil.gov.zm
DEPT-LUS-2350|planning permission in accordance with subsection (1), give|Municipal planning, service delivery, and council oversight|info@lusangazicouncil.gov.zm
DEPT-LUS-2351|amend or revoke the planning permission and shall—|Municipal planning, service delivery, and council oversight|info@lusangazicouncil.gov.zm
DEPT-LUS-2352|cause, within a period of thirty days, why the planning|Municipal planning, service delivery, and council oversight|info@lusangazicouncil.gov.zm
DEPT-LUS-2353|A planning authority shall not amend or revoke planning|Municipal planning, service delivery, and council oversight|info@lusangazicouncil.gov.zm
DEPT-LUS-2354|takes remedial measures to the satisfaction of the planning|Municipal planning, service delivery, and council oversight|info@lusangazicouncil.gov.zm
DEPT-LUS-2355|A planning authority shall, in making its final determinatio|Municipal planning, service delivery, and council oversight|info@lusangazicouncil.gov.zm
DEPT-LUS-2356|on the amendment or revocation of a planning permission, co|Municipal planning, service delivery, and council oversight|info@lusangazicouncil.gov.zm
DEPT-LUS-2357|A planning authority shall amend or revoke a planning|Municipal planning, service delivery, and council oversight|info@lusangazicouncil.gov.zm
DEPT-LUS-2358|any remedial measures to the satisfaction of the planning au|Municipal planning, service delivery, and council oversight|info@lusangazicouncil.gov.zm
DEPT-LUS-2359|The Urban and Regional Planning|Municipal planning, service delivery, and council oversight|info@lusangazicouncil.gov.zm
DEPT-LUS-2360|Where a planning permission is revoked, the holder of the|Municipal planning, service delivery, and council oversight|info@lusangazicouncil.gov.zm
DEPT-LUS-2361|revocation and shall return the permit to the planning autho|Municipal planning, service delivery, and council oversight|info@lusangazicouncil.gov.zm
DEPT-LUS-2362|A planning authority shall, where it amends or revokes a|Municipal planning, service delivery, and council oversight|info@lusangazicouncil.gov.zm
DEPT-LUS-2363|planning permission under this section, publish the amendmen|Municipal planning, service delivery, and council oversight|info@lusangazicouncil.gov.zm
DEPT-LUS-2364|Public objections to any planning application required unde|Municipal planning, service delivery, and council oversight|info@lusangazicouncil.gov.zm
DEPT-LUS-2365|A person aggrieved with the decision of a planning authority|Municipal planning, service delivery, and council oversight|info@lusangazicouncil.gov.zm
DEPT-LUS-2366|may appeal, in writing, to the appropriate Planning Appeals|Municipal planning, service delivery, and council oversight|info@lusangazicouncil.gov.zm
DEPT-LUS-2367|within thirty days of the receipt of the decision of the pla|Municipal planning, service delivery, and council oversight|info@lusangazicouncil.gov.zm
DEPT-LUS-2368|A planning department shall report on all applications for|Municipal planning, service delivery, and council oversight|info@lusangazicouncil.gov.zm
DEPT-LUS-2369|planning permission granted, the variation of plans and defe|Municipal planning, service delivery, and council oversight|info@lusangazicouncil.gov.zm
DEPT-LUS-2370|planning committee.|Municipal planning, service delivery, and council oversight|info@lusangazicouncil.gov.zm
DEPT-LUS-2371|61. (1) A planning department shall maintain a register of|Municipal planning, service delivery, and council oversight|info@lusangazicouncil.gov.zm
DEPT-LUS-2372|planning applications made and planning permissions issued u|Municipal planning, service delivery, and council oversight|info@lusangazicouncil.gov.zm
DEPT-LUS-2373|PLANNING APPEALS TRIBUNALS|Municipal planning, service delivery, and council oversight|info@lusangazicouncil.gov.zm
DEPT-LUS-2374|a planning appeals tribunal for each Province of the Republ|Municipal planning, service delivery, and council oversight|info@lusangazicouncil.gov.zm
DEPT-LUS-2375|decisions of planning authorities in the Province.|Municipal planning, service delivery, and council oversight|info@lusangazicouncil.gov.zm
DEPT-LUS-2376|A planning appeals tribunal shall consist of the following|Municipal planning, service delivery, and council oversight|info@lusangazicouncil.gov.zm
DEPT-LUS-2377|The Urban and Regional Planning|Municipal planning, service delivery, and council oversight|info@lusangazicouncil.gov.zm
DEPT-LUS-2378|(b) a planner of five years or more planning experience,|Municipal planning, service delivery, and council oversight|info@lusangazicouncil.gov.zm
DEPT-LUS-2379|planning appeals tribunal, ensure equitable gender represent|Municipal planning, service delivery, and council oversight|info@lusangazicouncil.gov.zm
DEPT-LUS-2380|(a) the tenure of office of members of the planning appeals|Municipal planning, service delivery, and council oversight|info@lusangazicouncil.gov.zm
DEPT-LUS-2381|(b) the payment of expenses of the planning appeals tribunal|Municipal planning, service delivery, and council oversight|info@lusangazicouncil.gov.zm
DEPT-LUS-2382|assessors and the secretariat to the planning appeals|Municipal planning, service delivery, and council oversight|info@lusangazicouncil.gov.zm
DEPT-LUS-2383|(d) any other matter relating to the planning appeals tribun|Municipal planning, service delivery, and council oversight|info@lusangazicouncil.gov.zm
DEPT-LUS-2384|The Secretary to a planning appeals tribunal shall be a|Municipal planning, service delivery, and council oversight|info@lusangazicouncil.gov.zm
DEPT-LUS-2385|and regional planning.|Municipal planning, service delivery, and council oversight|info@lusangazicouncil.gov.zm
DEPT-LUS-2386|A planning appeals tribunal shall have jurisdiction over the|Municipal planning, service delivery, and council oversight|info@lusangazicouncil.gov.zm
DEPT-LUS-2387|A planning appeals tribunal shall convene at least four|Municipal planning, service delivery, and council oversight|info@lusangazicouncil.gov.zm
DEPT-LUS-2388|(a) the manner and form for lodging of appeals to planning|Municipal planning, service delivery, and council oversight|info@lusangazicouncil.gov.zm
DEPT-LUS-2389|(b) the mode of summoning persons before a planning appeals|Municipal planning, service delivery, and council oversight|info@lusangazicouncil.gov.zm
DEPT-LUS-2390|(e) the records of a planning appeals tribunal;|Municipal planning, service delivery, and council oversight|info@lusangazicouncil.gov.zm
DEPT-LUS-2391|The Urban and Regional Planning|Municipal planning, service delivery, and council oversight|info@lusangazicouncil.gov.zm
DEPT-LUS-2392|(f) the notification of decisions of a planning appeals trib|Municipal planning, service delivery, and council oversight|info@lusangazicouncil.gov.zm
DEPT-LUS-2393|(g) the functions of advisers and assessors to a planning|Municipal planning, service delivery, and council oversight|info@lusangazicouncil.gov.zm
DEPT-LUS-2394|functions of a planning appeals tribunal.|Municipal planning, service delivery, and council oversight|info@lusangazicouncil.gov.zm
DEPT-LUS-2395|assessor or advisor to, a planning appeals tribunal in respe|Municipal planning, service delivery, and council oversight|info@lusangazicouncil.gov.zm
DEPT-LUS-2396|PLANNING CONTROLS AND COMPENSATION|Municipal planning, service delivery, and council oversight|info@lusangazicouncil.gov.zm
DEPT-LUS-2397|64. (1) A local planning authority shall designate planning|Municipal planning, service delivery, and council oversight|info@lusangazicouncil.gov.zm
DEPT-LUS-2398|funding to the planning inspectors to enable the planning i|Municipal planning, service delivery, and council oversight|info@lusangazicouncil.gov.zm
DEPT-LUS-2399|(2) A local planning authority may, in addition to the plann|Municipal planning, service delivery, and council oversight|info@lusangazicouncil.gov.zm
DEPT-LUS-2400|and experienced persons to serve as part-time planning inspe|Municipal planning, service delivery, and council oversight|info@lusangazicouncil.gov.zm
DEPT-LUS-2401|65. (1) Where a local planning authority determines that|Municipal planning, service delivery, and council oversight|info@lusangazicouncil.gov.zm
DEPT-LUS-2402|under this Act or that the conditions to which a grant of pl|Municipal planning, service delivery, and council oversight|info@lusangazicouncil.gov.zm
DEPT-LUS-2403|complied with, the local planning authority shall instruct a|Municipal planning, service delivery, and council oversight|info@lusangazicouncil.gov.zm
DEPT-LUS-2404|If it appears to a planning inspector that any use of land|Municipal planning, service delivery, and council oversight|info@lusangazicouncil.gov.zm
DEPT-LUS-2405|should be altered or removed, the planning inspector may iss|Municipal planning, service delivery, and council oversight|info@lusangazicouncil.gov.zm
DEPT-LUS-2406|The Urban and Regional Planning|Municipal planning, service delivery, and council oversight|info@lusangazicouncil.gov.zm
DEPT-LUS-2407|Immunity of|Municipal planning, service delivery, and council oversight|info@lusangazicouncil.gov.zm
DEPT-LUS-2408|by planning|Municipal planning, service delivery, and council oversight|info@lusangazicouncil.gov.zm
DEPT-LUS-2409|enforcement notice, appeal to the relevant planning appeals|Municipal planning, service delivery, and council oversight|info@lusangazicouncil.gov.zm
DEPT-LUS-2410|appeal is made to a planning appeals tribunal by a person on|Municipal planning, service delivery, and council oversight|info@lusangazicouncil.gov.zm
DEPT-LUS-2411|A planning appeals tribunal shall determine an appeal within|Municipal planning, service delivery, and council oversight|info@lusangazicouncil.gov.zm
DEPT-LUS-2412|Where a planning appeals tribunal fails to make a decision|Municipal planning, service delivery, and council oversight|info@lusangazicouncil.gov.zm
DEPT-LUS-2413|A planning authority shall maintain a register for|Municipal planning, service delivery, and council oversight|info@lusangazicouncil.gov.zm
DEPT-LUS-2414|67. (1) A local planning authority may, if an enforcement no|Municipal planning, service delivery, and council oversight|info@lusangazicouncil.gov.zm
DEPT-LUS-2415|is not complied with and there is no appeal lodged with a p|Municipal planning, service delivery, and council oversight|info@lusangazicouncil.gov.zm
DEPT-LUS-2416|expenses reasonably incurred by the local planning|Municipal planning, service delivery, and council oversight|info@lusangazicouncil.gov.zm
DEPT-LUS-2417|exceeding one hundred thousand penalty units and, in the cas|Municipal planning, service delivery, and council oversight|info@lusangazicouncil.gov.zm
DEPT-LUS-2418|penalty units for each day of default of the notice.|Municipal planning, service delivery, and council oversight|info@lusangazicouncil.gov.zm
DEPT-LUS-2419|The Urban and Regional Planning|Municipal planning, service delivery, and council oversight|info@lusangazicouncil.gov.zm
DEPT-LUS-2420|varied planning decision shall be entitled to compensation.|Municipal planning, service delivery, and council oversight|info@lusangazicouncil.gov.zm
DEPT-LUS-2421|planning permission or in respect of any other loss or|Municipal planning, service delivery, and council oversight|info@lusangazicouncil.gov.zm
DEPT-LUS-2422|done before the grant of planning permission;|Municipal planning, service delivery, and council oversight|info@lusangazicouncil.gov.zm
DEPT-LUS-2423|(b) in respect of the refusal of planning permission to deve|Municipal planning, service delivery, and council oversight|info@lusangazicouncil.gov.zm
DEPT-LUS-2424|(c) in respect of the refusal of planning permission to deve|Municipal planning, service delivery, and council oversight|info@lusangazicouncil.gov.zm
DEPT-LUS-2425|The Urban and Regional Planning|Municipal planning, service delivery, and council oversight|info@lusangazicouncil.gov.zm
DEPT-LUS-2426|for planning|Municipal planning, service delivery, and council oversight|info@lusangazicouncil.gov.zm
DEPT-LUS-2427|(d) in respect of the imposition on the granting of planning|Municipal planning, service delivery, and council oversight|info@lusangazicouncil.gov.zm
DEPT-LUS-2428|(e) in respect of any planning decision on an application fo|Municipal planning, service delivery, and council oversight|info@lusangazicouncil.gov.zm
DEPT-LUS-2429|(h) in respect of the granting of planning permission subjec|Municipal planning, service delivery, and council oversight|info@lusangazicouncil.gov.zm
DEPT-LUS-2430|information in an application for planning permission.|Municipal planning, service delivery, and council oversight|info@lusangazicouncil.gov.zm
DEPT-LUS-2431|For the purposes of this section, a planning decision where|Municipal planning, service delivery, and council oversight|info@lusangazicouncil.gov.zm
DEPT-LUS-2432|planning permission to develop land is granted subject to a|Municipal planning, service delivery, and council oversight|info@lusangazicouncil.gov.zm
DEPT-LUS-2433|be treated as a decision refusing the planning permission i|Municipal planning, service delivery, and council oversight|info@lusangazicouncil.gov.zm
DEPT-LUS-2434|The Urban and Regional Planning|Municipal planning, service delivery, and council oversight|info@lusangazicouncil.gov.zm
DEPT-LUS-2435|notice of the planning decision to which it relates.|Municipal planning, service delivery, and council oversight|info@lusangazicouncil.gov.zm
DEPT-LUS-2436|The Minister or planning authority may require a claimant|Municipal planning, service delivery, and council oversight|info@lusangazicouncil.gov.zm
DEPT-LUS-2437|to provide the Minister or planning authority with—|Municipal planning, service delivery, and council oversight|info@lusangazicouncil.gov.zm
DEPT-LUS-2438|of determination by agreement, be determined by a planning a|Municipal planning, service delivery, and council oversight|info@lusangazicouncil.gov.zm
DEPT-LUS-2439|Act applies without the prior approval of the planning|Municipal planning, service delivery, and council oversight|info@lusangazicouncil.gov.zm
DEPT-LUS-2440|to a fine not exceeding two hundred thousand penalty units o|Municipal planning, service delivery, and council oversight|info@lusangazicouncil.gov.zm
DEPT-LUS-2441|The Urban and Regional Planning|Municipal planning, service delivery, and council oversight|info@lusangazicouncil.gov.zm
DEPT-LUS-2442|(2), a planning inspector or other person authorised, in wri|Municipal planning, service delivery, and council oversight|info@lusangazicouncil.gov.zm
DEPT-LUS-2443|the Minister or by any planning authority may enter upon any|Municipal planning, service delivery, and council oversight|info@lusangazicouncil.gov.zm
DEPT-LUS-2444|two hundred thousand penalty units or to imprisonment for a|Municipal planning, service delivery, and council oversight|info@lusangazicouncil.gov.zm
DEPT-LUS-2445|thousand penalty units or imprisonment for a period not|Municipal planning, service delivery, and council oversight|info@lusangazicouncil.gov.zm
DEPT-LUS-2446|The Urban and Regional Planning|Municipal planning, service delivery, and council oversight|info@lusangazicouncil.gov.zm
DEPT-LUS-2447|(g) prescribe the standards to be met by a local planning|Municipal planning, service delivery, and council oversight|info@lusangazicouncil.gov.zm
DEPT-LUS-2448|and regional planning authorities;|Municipal planning, service delivery, and council oversight|info@lusangazicouncil.gov.zm
DEPT-LUS-2449|The Town and Country Planning Act, 1962, and the|Municipal planning, service delivery, and council oversight|info@lusangazicouncil.gov.zm
DEPT-LUS-2450|or imposed under the provisions of the Town and Country Plan|Municipal planning, service delivery, and council oversight|info@lusangazicouncil.gov.zm
DEPT-LUS-2451|the provisions of any planning scheme, zoning scheme or zo|Municipal planning, service delivery, and council oversight|info@lusangazicouncil.gov.zm
DEPT-LUS-2452|The Urban and Regional Planning|Municipal planning, service delivery, and council oversight|info@lusangazicouncil.gov.zm
DEPT-LUS-2453|The Urban and Regional Planning|Municipal planning, service delivery, and council oversight|info@lusangazicouncil.gov.zm
DEPT-LUS-2454|To provide operational and service excellence, innovation, c|Municipal planning, service delivery, and council oversight|info@lusangazicouncil.gov.zm
DEPT-LUS-2455|community through stakeholder engagement, prioritise innovat|Municipal planning, service delivery, and council oversight|info@lusangazicouncil.gov.zm
DEPT-LUS-2456|Strengthen Land Management and Administration|Municipal planning, service delivery, and council oversight|info@lusangazicouncil.gov.zm
DEPT-LUS-2457|Firearm and ammunition licence|Municipal planning, service delivery, and council oversight|info@lusangazicouncil.gov.zm
DEPT-LUS-2458|community projects. Further, K4.1 million representing 4.61|Municipal planning, service delivery, and council oversight|info@lusangazicouncil.gov.zm
DEPT-LUS-2459|Housing and Community Amenities|Municipal planning, service delivery, and council oversight|info@lusangazicouncil.gov.zm
DEPT-LUS-2460|Integrated Development Planning|Municipal planning, service delivery, and council oversight|info@lusangazicouncil.gov.zm
DEPT-LUS-2461|Social Protection and Community Development|Municipal planning, service delivery, and council oversight|info@lusangazicouncil.gov.zm
DEPT-LUS-2462|Integrated Development Planning|Municipal planning, service delivery, and council oversight|info@lusangazicouncil.gov.zm
DEPT-LUS-2463|Housing and Community Amenities|Municipal planning, service delivery, and council oversight|info@lusangazicouncil.gov.zm
DEPT-LUS-2464|Social Protection and Community Development|Municipal planning, service delivery, and council oversight|info@lusangazicouncil.gov.zm
DEPT-LUS-2465|Community Projects|Municipal planning, service delivery, and council oversight|info@lusangazicouncil.gov.zm
DEPT-LUS-2466|CDF Administration|Municipal planning, service delivery, and council oversight|info@lusangazicouncil.gov.zm
DEPT-LUS-2467|Integrated Development Planning|Municipal planning, service delivery, and council oversight|info@lusangazicouncil.gov.zm
DEPT-LUS-2468|Spatial Planning|Municipal planning, service delivery, and council oversight|info@lusangazicouncil.gov.zm
DEPT-LUS-2469|Socio Economic planning|Municipal planning, service delivery, and council oversight|info@lusangazicouncil.gov.zm
DEPT-LUS-2470|Housing and Community Amenities|Municipal planning, service delivery, and council oversight|info@lusangazicouncil.gov.zm
DEPT-LUS-2471|Community policing|Municipal planning, service delivery, and council oversight|info@lusangazicouncil.gov.zm
DEPT-LUS-2472|K24.3 million for community projects like public infrastruct|Municipal planning, service delivery, and council oversight|info@lusangazicouncil.gov.zm
DEPT-LUS-2473|boarding, and K2 million for administration cost. Additional|Municipal planning, service delivery, and council oversight|info@lusangazicouncil.gov.zm
DEPT-LUS-2474|(K3 million for legislation and citizen engagement), Integra|Municipal planning, service delivery, and council oversight|info@lusangazicouncil.gov.zm
DEPT-LUS-2475|Education (K19,915 for archives), Public Order/Safety (K1.8|Municipal planning, service delivery, and council oversight|info@lusangazicouncil.gov.zm
DEPT-LUS-2476|Social Protection and Community Development|Municipal planning, service delivery, and council oversight|info@lusangazicouncil.gov.zm
DEPT-LUS-2477|which comprises of community-based projects, grading of road|Municipal planning, service delivery, and council oversight|info@lusangazicouncil.gov.zm
DEPT-LUS-2478|779 Community Projects|Municipal planning, service delivery, and council oversight|info@lusangazicouncil.gov.zm
DEPT-LUS-2479|781 CDF Administration|Municipal planning, service delivery, and council oversight|info@lusangazicouncil.gov.zm
DEPT-LUS-2480|among the following sub-programmes; Community Projects K24.3|Municipal planning, service delivery, and council oversight|info@lusangazicouncil.gov.zm
DEPT-LUS-2481|improvement of the livelihood of the women, youths and commu|Municipal planning, service delivery, and council oversight|info@lusangazicouncil.gov.zm
DEPT-LUS-2482|to pay for their school fees while CDF Administration K2 mil|Municipal planning, service delivery, and council oversight|info@lusangazicouncil.gov.zm
DEPT-LUS-2483|Community Projects Implemented|Municipal planning, service delivery, and council oversight|info@lusangazicouncil.gov.zm
DEPT-LUS-2484|05 Number of community clubs accessed empowerment loans|Municipal planning, service delivery, and council oversight|info@lusangazicouncil.gov.zm
DEPT-LUS-2485|06 Number of community clubs accessed empowerment grants|Municipal planning, service delivery, and council oversight|info@lusangazicouncil.gov.zm
DEPT-LUS-2486|Community Projects are projects, which are identified by the|Municipal planning, service delivery, and council oversight|info@lusangazicouncil.gov.zm
DEPT-LUS-2487|the wider community. Specifically; addressing their social o|Municipal planning, service delivery, and council oversight|info@lusangazicouncil.gov.zm
DEPT-LUS-2488|plans, any other local development framework can be used, Co|Municipal planning, service delivery, and council oversight|info@lusangazicouncil.gov.zm
DEPT-LUS-2489|output will be community projects implemented, the indicator|Municipal planning, service delivery, and council oversight|info@lusangazicouncil.gov.zm
DEPT-LUS-2490|proportion of CDF projects completed against approved and pe|Municipal planning, service delivery, and council oversight|info@lusangazicouncil.gov.zm
DEPT-LUS-2491|persons in the community. Empowerment beneficiaries shall be|Municipal planning, service delivery, and council oversight|info@lusangazicouncil.gov.zm
DEPT-LUS-2492|approved youth, women and community cooperatives or clubs, t|Municipal planning, service delivery, and council oversight|info@lusangazicouncil.gov.zm
DEPT-LUS-2493|community are conducted and Constituency Development Fund Co|Municipal planning, service delivery, and council oversight|info@lusangazicouncil.gov.zm
DEPT-LUS-2494|To facilitate community participation in decision making for|Municipal planning, service delivery, and council oversight|info@lusangazicouncil.gov.zm
DEPT-LUS-2495|has been allocated K996,000, which includes salaries for the|Municipal planning, service delivery, and council oversight|info@lusangazicouncil.gov.zm
DEPT-LUS-2496|Legal officer, Administration officer and committee clerks.|Municipal planning, service delivery, and council oversight|info@lusangazicouncil.gov.zm
DEPT-LUS-2497|awareness on the operations of the Local Authority and facil|Municipal planning, service delivery, and council oversight|info@lusangazicouncil.gov.zm
DEPT-LUS-2498|Integrated Development Planning|Municipal planning, service delivery, and council oversight|info@lusangazicouncil.gov.zm
DEPT-LUS-2499|To guide spatial, social-economic, and environmental plannin|Municipal planning, service delivery, and council oversight|info@lusangazicouncil.gov.zm
DEPT-LUS-2500|towards personal emoluments, covering staff under both the S|Municipal planning, service delivery, and council oversight|info@lusangazicouncil.gov.zm
DEPT-LUS-2501|sections of Planning Department. A total amount of K300,000|Municipal planning, service delivery, and council oversight|info@lusangazicouncil.gov.zm
DEPT-LUS-2502|Integrated Development Planning|Municipal planning, service delivery, and council oversight|info@lusangazicouncil.gov.zm
DEPT-LUS-2503|3 Integrated Development Planning|Municipal planning, service delivery, and council oversight|info@lusangazicouncil.gov.zm
DEPT-LUS-2504|021 Spatial Planning|Municipal planning, service delivery, and council oversight|info@lusangazicouncil.gov.zm
DEPT-LUS-2505|033 Socio Economic planning|Municipal planning, service delivery, and council oversight|info@lusangazicouncil.gov.zm
DEPT-LUS-2506|year. The programme consists of one main sub-programme , Spa|Municipal planning, service delivery, and council oversight|info@lusangazicouncil.gov.zm
DEPT-LUS-2507|developmental planning of the district as well as administra|Municipal planning, service delivery, and council oversight|info@lusangazicouncil.gov.zm
DEPT-LUS-2508|The remaining allocation of K250,000 supports district wide|Municipal planning, service delivery, and council oversight|info@lusangazicouncil.gov.zm
DEPT-LUS-2509|economic planning activities inclusive.|Municipal planning, service delivery, and council oversight|info@lusangazicouncil.gov.zm
DEPT-LUS-2510|3Integrated Development Planning|Municipal planning, service delivery, and council oversight|info@lusangazicouncil.gov.zm
DEPT-LUS-2511|The Integrated Development Planning Programme will focus on|Municipal planning, service delivery, and council oversight|info@lusangazicouncil.gov.zm
DEPT-LUS-2512|planner, Community Development Officer and Assistant communi|Municipal planning, service delivery, and council oversight|info@lusangazicouncil.gov.zm
DEPT-LUS-2513|01 Number of community boreholes Rehabilitated|Municipal planning, service delivery, and council oversight|info@lusangazicouncil.gov.zm
DEPT-LUS-2514|Community Led Total sanitation monitorying conducted|Municipal planning, service delivery, and council oversight|info@lusangazicouncil.gov.zm
DEPT-LUS-2515|Housing and Community Amenities|Municipal planning, service delivery, and council oversight|info@lusangazicouncil.gov.zm
DEPT-LUS-2516|To promote sustainable infrastructure development and commun|Municipal planning, service delivery, and council oversight|info@lusangazicouncil.gov.zm
DEPT-LUS-2517|staff under Engineering department. Further, K740,000 is all|Municipal planning, service delivery, and council oversight|info@lusangazicouncil.gov.zm
DEPT-LUS-2518|operational activities such as general maintenance, supervis|Municipal planning, service delivery, and council oversight|info@lusangazicouncil.gov.zm
DEPT-LUS-2519|Housing and Community Amenities|Municipal planning, service delivery, and council oversight|info@lusangazicouncil.gov.zm
DEPT-LUS-2520|6 Housing and Community Amenities|Municipal planning, service delivery, and council oversight|info@lusangazicouncil.gov.zm
DEPT-LUS-2521|Housing and community Amenities programme has been allocated|Municipal planning, service delivery, and council oversight|info@lusangazicouncil.gov.zm
DEPT-LUS-2522|6Housing and Community Amenities|Municipal planning, service delivery, and council oversight|info@lusangazicouncil.gov.zm
DEPT-LUS-2523|02 Number of community halls constructed|Municipal planning, service delivery, and council oversight|info@lusangazicouncil.gov.zm
DEPT-LUS-2524|The programme for Housing and Community Amenities for 2026 w|Municipal planning, service delivery, and council oversight|info@lusangazicouncil.gov.zm
DEPT-LUS-2525|the department of Community Development for various sports p|Municipal planning, service delivery, and council oversight|info@lusangazicouncil.gov.zm
DEPT-LUS-2526|community development has been allocated K258,000 to underta|Municipal planning, service delivery, and council oversight|info@lusangazicouncil.gov.zm
DEPT-LUS-2527|two (22) sports activities that is through health walk and a|Municipal planning, service delivery, and council oversight|info@lusangazicouncil.gov.zm
DEPT-LUS-2528|participation of citizenry in community, Furthermore the dep|Municipal planning, service delivery, and council oversight|info@lusangazicouncil.gov.zm
DEPT-LUS-2529|To facilitate literacy and skills development in the communi|Municipal planning, service delivery, and council oversight|info@lusangazicouncil.gov.zm
DEPT-LUS-2530|District Departments Surveyed|Municipal planning, service delivery, and council oversight|info@lusangazicouncil.gov.zm
DEPT-LUS-2531|018 Community policing|Municipal planning, service delivery, and council oversight|info@lusangazicouncil.gov.zm
DEPT-LUS-2532|The programme has two (2) subprogrammes but only one (1) whi|Municipal planning, service delivery, and council oversight|info@lusangazicouncil.gov.zm
DEPT-LUS-2533|Council Police Community Patrol and Drill Conducted|Municipal planning, service delivery, and council oversight|info@lusangazicouncil.gov.zm
DEPT-LUS-2534|01 Number of community patrol and drills conducted|Municipal planning, service delivery, and council oversight|info@lusangazicouncil.gov.zm
DEPT-LUS-2535|(10) community security patrols are conducted within the dis|Municipal planning, service delivery, and council oversight|info@lusangazicouncil.gov.zm
DEPT-LUS-2536|distributed among six sub programme, namely; human resource|Municipal planning, service delivery, and council oversight|info@lusangazicouncil.gov.zm
DEPT-LUS-2537|To provide for more efficient health care delivery system th|Municipal planning, service delivery, and council oversight|info@lusangazicouncil.gov.zm
DEPT-LUS-2538|Planning and Budgeting Managed|Municipal planning, service delivery, and council oversight|info@lusangazicouncil.gov.zm
DEPT-LUS-2539|mentorships and also hold (4) MPDSR meetings in the year 202|Municipal planning, service delivery, and council oversight|info@lusangazicouncil.gov.zm
DEPT-LUS-2540|PATSS as well as (23) facilities where PA was conducted. The|Municipal planning, service delivery, and council oversight|info@lusangazicouncil.gov.zm
DEPT-LUS-2541|(12) MTC meetings and conduct (12) spot checks in the distri|Municipal planning, service delivery, and council oversight|info@lusangazicouncil.gov.zm
DEPT-LUS-2542|through the department will hold (52) weekly management meet|Municipal planning, service delivery, and council oversight|info@lusangazicouncil.gov.zm
DEPT-LUS-2543|conduct (4) data audits. The department will also hold (4) d|Municipal planning, service delivery, and council oversight|info@lusangazicouncil.gov.zm
DEPT-LUS-2544|community. To achieve all this, 3 cross points will be rehab|Municipal planning, service delivery, and council oversight|info@lusangazicouncil.gov.zm
DEPT-LUS-2545|of K508,000 to be apportioned on a few sub programmes such|Municipal planning, service delivery, and council oversight|info@lusangazicouncil.gov.zm
DEPT-LUS-2546|(30) technology demo fields.The Department also planned to t|Municipal planning, service delivery, and council oversight|info@lusangazicouncil.gov.zm
DEPT-LUS-2547|farmers in irrigation farming, the department intends to sup|Municipal planning, service delivery, and council oversight|info@lusangazicouncil.gov.zm
DEPT-LUS-2548|rehabilitate (1) camp house. Furthemore, the department plan|Municipal planning, service delivery, and council oversight|info@lusangazicouncil.gov.zm
DEPT-LUS-2549|pricing and atleast use (2) platforms in order to do so. Fur|Municipal planning, service delivery, and council oversight|info@lusangazicouncil.gov.zm
DEPT-LUS-2550|The programme budget allocation by Econimic Classification f|Municipal planning, service delivery, and council oversight|info@lusangazicouncil.gov.zm
DEPT-LUS-2551|fisheries department for production and productivity improve|Municipal planning, service delivery, and council oversight|info@lusangazicouncil.gov.zm
DEPT-LUS-2552|The programme budget allocation by subprogramme stands at K5|Municipal planning, service delivery, and council oversight|info@lusangazicouncil.gov.zm
DEPT-LUS-2553|shows costing K116,000. The department will further conduct|Municipal planning, service delivery, and council oversight|info@lusangazicouncil.gov.zm
DEPT-LUS-2554|Fisheries unit will also conduct various activities under aq|Municipal planning, service delivery, and council oversight|info@lusangazicouncil.gov.zm
DEPT-LUS-2555|conduct field days, trainings, demonstrations and community|Municipal planning, service delivery, and council oversight|info@lusangazicouncil.gov.zm
DEPT-LUS-2556|01 Number of fishing community sensitization conducted|Municipal planning, service delivery, and council oversight|info@lusangazicouncil.gov.zm
DEPT-LUS-2557|03 Number of departmental meetings and workshop attended|Municipal planning, service delivery, and council oversight|info@lusangazicouncil.gov.zm
DEPT-LUS-2558|(15) backstopping visits, conduct (4) community sensitizatio|Municipal planning, service delivery, and council oversight|info@lusangazicouncil.gov.zm
DEPT-LUS-2559|Social Protection and Community Development|Municipal planning, service delivery, and council oversight|info@lusangazicouncil.gov.zm
DEPT-LUS-2560|To provide inclusive and integrated social protection servic|Municipal planning, service delivery, and council oversight|info@lusangazicouncil.gov.zm
DEPT-LUS-2561|The budget allocation by Economic Classification shows that|Municipal planning, service delivery, and council oversight|info@lusangazicouncil.gov.zm
DEPT-LUS-2562|Social Protection and Community Development|Municipal planning, service delivery, and council oversight|info@lusangazicouncil.gov.zm
DEPT-LUS-2563|18 Social Protection and Community Development|Municipal planning, service delivery, and council oversight|info@lusangazicouncil.gov.zm
DEPT-LUS-2564|The programme Social Protection and Community Development th|Municipal planning, service delivery, and council oversight|info@lusangazicouncil.gov.zm
DEPT-LUS-2565|18Social Protection and Community Development|Municipal planning, service delivery, and council oversight|info@lusangazicouncil.gov.zm
DEPT-LUS-2566|The Department of Social Welfare's core mandate is to improv|Municipal planning, service delivery, and council oversight|info@lusangazicouncil.gov.zm
DEPT-LUS-2567|people in society, so that they can live a meaningful life.I|Municipal planning, service delivery, and council oversight|info@lusangazicouncil.gov.zm
DEPT-LUS-2568|Community Projects Implemented|Municipal planning, service delivery, and council oversight|info@lusangazicouncil.gov.zm
DEPT-LUS-2569|5 Number of community clubs accessed empowerment loans|Municipal planning, service delivery, and council oversight|info@lusangazicouncil.gov.zm
DEPT-LUS-2570|6 Number of community clubs accessed empowerment grants|Municipal planning, service delivery, and council oversight|info@lusangazicouncil.gov.zm
DEPT-LUS-2571|1 Number of community boreholes Rehabilitated|Municipal planning, service delivery, and council oversight|info@lusangazicouncil.gov.zm
DEPT-LUS-2572|Community Led Total sanitation monitorying conducted|Municipal planning, service delivery, and council oversight|info@lusangazicouncil.gov.zm
DEPT-LUS-2573|2 Number of community halls constructed|Municipal planning, service delivery, and council oversight|info@lusangazicouncil.gov.zm
DEPT-LUS-2574|District Departments Surveyed|Municipal planning, service delivery, and council oversight|info@lusangazicouncil.gov.zm
DEPT-LUS-2575|Council Police Community Patrol and Drill Conducted|Municipal planning, service delivery, and council oversight|info@lusangazicouncil.gov.zm
DEPT-LUS-2576|1 Number of community patrol and drills conducted|Municipal planning, service delivery, and council oversight|info@lusangazicouncil.gov.zm
DEPT-LUS-2577|Planning and Budgeting Managed|Municipal planning, service delivery, and council oversight|info@lusangazicouncil.gov.zm
DEPT-LUS-2578|1 Number of fishing community sensitization conducted|Municipal planning, service delivery, and council oversight|info@lusangazicouncil.gov.zm
DEPT-LUS-2579|3 Number of departmental meetings and workshop attended|Municipal planning, service delivery, and council oversight|info@lusangazicouncil.gov.zm
DEPT-LUS-2580|Community Member|Municipal planning, service delivery, and council oversight|info@lusangazicouncil.gov.zm
DEPT-LUS-2581|Community Member|Municipal planning, service delivery, and council oversight|info@lusangazicouncil.gov.zm
DEPT-LUS-2582|Ag. Director Planning|Municipal planning, service delivery, and council oversight|info@lusangazicouncil.gov.zm
DEPT-LUS-2583|1. Update on the construction of the Nyamanjiwa Modern Commu|Municipal planning, service delivery, and council oversight|info@lusangazicouncil.gov.zm
DEPT-LUS-2584|engagement was to share on the updates of the Nyamanjiwa Mod|Municipal planning, service delivery, and council oversight|info@lusangazicouncil.gov.zm
DEPT-LUS-2585|were meant to elevate the local authorities through substant|Municipal planning, service delivery, and council oversight|info@lusangazicouncil.gov.zm
DEPT-LUS-2586|not be adequate. It was also stated that the projects would|Municipal planning, service delivery, and council oversight|info@lusangazicouncil.gov.zm
DEPT-LUS-2587|departments and Government agencies|Municipal planning, service delivery, and council oversight|info@lusangazicouncil.gov.zm
DEPT-LUS-2588|81. Dissolution of Government ministries, departments and|Municipal planning, service delivery, and council oversight|info@lusangazicouncil.gov.zm
DEPT-LUS-2589|institution, department, Government agency, state owned|Municipal planning, service delivery, and council oversight|info@lusangazicouncil.gov.zm
DEPT-LUS-2590|(b) ministries, provinces and departments means the|Municipal planning, service delivery, and council oversight|info@lusangazicouncil.gov.zm
DEPT-LUS-2591|(b) National Planning and BudgetingAct, 2018;|Municipal planning, service delivery, and council oversight|info@lusangazicouncil.gov.zm
DEPT-LUS-2592|department of the Government, the NationalAssembly, the|Municipal planning, service delivery, and council oversight|info@lusangazicouncil.gov.zm
DEPT-LUS-2593|department in an appropriation Act and is separately|Municipal planning, service delivery, and council oversight|info@lusangazicouncil.gov.zm
DEPT-LUS-2594|accounting units in ministries, departments, Government|Municipal planning, service delivery, and council oversight|info@lusangazicouncil.gov.zm
DEPT-LUS-2595|staff to the units referred to in paragraph (k) and ensure|Municipal planning, service delivery, and council oversight|info@lusangazicouncil.gov.zm
DEPT-LUS-2596|systems in ministries, departments and Government|Municipal planning, service delivery, and council oversight|info@lusangazicouncil.gov.zm
DEPT-LUS-2597|accounting and internal audit units in public bodies to|Municipal planning, service delivery, and council oversight|info@lusangazicouncil.gov.zm
DEPT-LUS-2598|deconcentrated to the ministries, provinces, departments and|Municipal planning, service delivery, and council oversight|info@lusangazicouncil.gov.zm
DEPT-LUS-2599|ministries, departments and Government agencies|Municipal planning, service delivery, and council oversight|info@lusangazicouncil.gov.zm
DEPT-LUS-2600|or department or service for which such head is provided.|Municipal planning, service delivery, and council oversight|info@lusangazicouncil.gov.zm
DEPT-LUS-2601|(1) A controlling officer is responsible for planning and|Municipal planning, service delivery, and council oversight|info@lusangazicouncil.gov.zm
DEPT-LUS-2602|and planning requirements of the National Planning and|Municipal planning, service delivery, and council oversight|info@lusangazicouncil.gov.zm
DEPT-LUS-2603|department who contravenes or fails to comply with the|Municipal planning, service delivery, and council oversight|info@lusangazicouncil.gov.zm
DEPT-LUS-2604|the National Planning and Budget Act, 2018; and|Municipal planning, service delivery, and council oversight|info@lusangazicouncil.gov.zm
DEPT-LUS-2605|the proper administration of thisAct.|Municipal planning, service delivery, and council oversight|info@lusangazicouncil.gov.zm
DEPT-LUS-2606|necessary for the proper administration of this Act.|Municipal planning, service delivery, and council oversight|info@lusangazicouncil.gov.zm
DEPT-LUS-2607|necessary for the proper administration of this Act.|Municipal planning, service delivery, and council oversight|info@lusangazicouncil.gov.zm
DEPT-LUS-2608|two hundred thousand penalty units or to imprisonment for a|Municipal planning, service delivery, and council oversight|info@lusangazicouncil.gov.zm
DEPT-LUS-2609|ministry, department and Government agency that shall form p|Municipal planning, service delivery, and council oversight|info@lusangazicouncil.gov.zm
DEPT-LUS-2610|such other departments or individual; or|Municipal planning, service delivery, and council oversight|info@lusangazicouncil.gov.zm
DEPT-LUS-2611|(b) provide imprest accounts for use of departments or|Municipal planning, service delivery, and council oversight|info@lusangazicouncil.gov.zm
DEPT-LUS-2612|(d) head of procurement and supplies unit;|Municipal planning, service delivery, and council oversight|info@lusangazicouncil.gov.zm
DEPT-LUS-2613|appoint a special committee of survey for any ministry, depa|Municipal planning, service delivery, and council oversight|info@lusangazicouncil.gov.zm
DEPT-LUS-2614|(a) the head of human resource and administration, as the|Municipal planning, service delivery, and council oversight|info@lusangazicouncil.gov.zm
DEPT-LUS-2615|be incorporated in those of a department designated by theTr|Municipal planning, service delivery, and council oversight|info@lusangazicouncil.gov.zm
DEPT-LUS-2616|responsible for the financial administration of any public|Municipal planning, service delivery, and council oversight|info@lusangazicouncil.gov.zm
DEPT-LUS-2617|thousand penalty units, or to imprisonment for a term not ex|Municipal planning, service delivery, and council oversight|info@lusangazicouncil.gov.zm
DEPT-LUS-2618|Act shall be given an opportunity to make representations wi|Municipal planning, service delivery, and council oversight|info@lusangazicouncil.gov.zm
DEPT-LUS-2619|Acontrolling officer for aministry, department,Government|Municipal planning, service delivery, and council oversight|info@lusangazicouncil.gov.zm
DEPT-LUS-2620|there is an establishment or merger of ministries, departmen|Municipal planning, service delivery, and council oversight|info@lusangazicouncil.gov.zm
DEPT-LUS-2621|(b) accountabilityof the resources for the ministry, departm|Municipal planning, service delivery, and council oversight|info@lusangazicouncil.gov.zm
DEPT-LUS-2622|departments|Municipal planning, service delivery, and council oversight|info@lusangazicouncil.gov.zm
DEPT-LUS-2623|(2) Where a ministry, department and Government agency is|Municipal planning, service delivery, and council oversight|info@lusangazicouncil.gov.zm
DEPT-LUS-2624|(a) quantify the cost of the established ministry, departmen|Municipal planning, service delivery, and council oversight|info@lusangazicouncil.gov.zm
DEPT-LUS-2625|ministry, department and Government agency.|Municipal planning, service delivery, and council oversight|info@lusangazicouncil.gov.zm
DEPT-LUS-2626|event of dissolution of ministry, department or Government a|Municipal planning, service delivery, and council oversight|info@lusangazicouncil.gov.zm
DEPT-LUS-2627|ministry, Department and Government agency; and|Municipal planning, service delivery, and council oversight|info@lusangazicouncil.gov.zm
DEPT-LUS-2628|liabilities of the dissolved ministry, department or|Municipal planning, service delivery, and council oversight|info@lusangazicouncil.gov.zm
DEPT-LUS-2629|referred to insubsection (1) (b) among other ministries, dep|Municipal planning, service delivery, and council oversight|info@lusangazicouncil.gov.zm
DEPT-LUS-2630|departments|Municipal planning, service delivery, and council oversight|info@lusangazicouncil.gov.zm
DEPT-LUS-2631|penalty units, or a term of imprisonment not exceeding five|Municipal planning, service delivery, and council oversight|info@lusangazicouncil.gov.zm
DEPT-LUS-2632|penalty units or to imprisonment for a termnot exceeding two|Municipal planning, service delivery, and council oversight|info@lusangazicouncil.gov.zm
DEPT-LUS-2633|(i) the administration of the Treasury Single Account;|Municipal planning, service delivery, and council oversight|info@lusangazicouncil.gov.zm
DEPT-LUS-2634|(l) management or administration of committees, constituted|Municipal planning, service delivery, and council oversight|info@lusangazicouncil.gov.zm
DEPT-LUS-2635|units or imprisonment for a termnot exceeding two years|Municipal planning, service delivery, and council oversight|info@lusangazicouncil.gov.zm
DEPT-LUS-2636|conducting our stakcholders mccting in our community hall wh|Municipal planning, service delivery, and council oversight|info@lusangazicouncil.gov.zm
DEPT-LUS-2637|conjunction with Councils, there aim was to help the communi|Municipal planning, service delivery, and council oversight|info@lusangazicouncil.gov.zm
DEPT-LUS-2638|COnstruction ofa big community hall which was about to he hu|Municipal planning, service delivery, and council oversight|info@lusangazicouncil.gov.zm
DEPT-LUS-2639|cngaging community represcntatives in discussions about thei|Municipal planning, service delivery, and council oversight|info@lusangazicouncil.gov.zm
DEPT-LUS-2640|The sclection of projects by the communities within their re|Municipal planning, service delivery, and council oversight|info@lusangazicouncil.gov.zm
DEPT-LUS-2641|opportunities within cach ward, allowing for a more comprehe|Municipal planning, service delivery, and council oversight|info@lusangazicouncil.gov.zm
DEPT-LUS-2642|COMMUNITY PROJECTS|Municipal planning, service delivery, and council oversight|info@lusangazicouncil.gov.zm
DEPT-LUS-2643|proposals from the community by cnd of Fcbruary of cach ycar|Municipal planning, service delivery, and council oversight|info@lusangazicouncil.gov.zm
DEPT-LUS-2644|the comnmunity through the Ward Development Committee shall|Municipal planning, service delivery, and council oversight|info@lusangazicouncil.gov.zm
DEPT-LUS-2645|of such Plans, Community|Municipal planning, service delivery, and council oversight|info@lusangazicouncil.gov.zm
DEPT-LUS-2646|must be identified and prioritized by the local community:|Municipal planning, service delivery, and council oversight|info@lusangazicouncil.gov.zm
DEPT-LUS-2647|The project should use approved designs by the planning auth|Municipal planning, service delivery, and council oversight|info@lusangazicouncil.gov.zm
DEPT-LUS-2648|The projccts must be of bencfit to the wider community|Municipal planning, service delivery, and council oversight|info@lusangazicouncil.gov.zm
DEPT-LUS-2649|yOUTIL, WOMEN & COMMUNITY EMPOWVERMENT|Municipal planning, service delivery, and council oversight|info@lusangazicouncil.gov.zm
DEPT-LUS-2650|The Comnunity Development Oflicer informed the members that|Municipal planning, service delivery, and council oversight|info@lusangazicouncil.gov.zm
DEPT-LUS-2651|The Community Development Officer infornmed the members that|Municipal planning, service delivery, and council oversight|info@lusangazicouncil.gov.zm
DEPT-LUS-2652|Proposals for cmpowerment shall provide employment opportuni|Municipal planning, service delivery, and council oversight|info@lusangazicouncil.gov.zm
DEPT-LUS-2653|The Conmunity Development Officer infomed the members that|Municipal planning, service delivery, and council oversight|info@lusangazicouncil.gov.zm
DEPT-LUS-2654|Proposals lor empowerment shall provide cmployment opportuni|Municipal planning, service delivery, and council oversight|info@lusangazicouncil.gov.zm
DEPT-LUS-2655|The Community Devclopmcnt Officer informed the members that|Municipal planning, service delivery, and council oversight|info@lusangazicouncil.gov.zm
DEPT-LUS-2656|The Community Devclopment Officer informed the members how t|Municipal planning, service delivery, and council oversight|info@lusangazicouncil.gov.zm
DEPT-LUS-2657|In response the Community IDevelopmcnt Oficer statcd that af|Municipal planning, service delivery, and council oversight|info@lusangazicouncil.gov.zm
DEPT-LUS-2658|community on the projccts that had becn proposed, he further|Municipal planning, service delivery, and council oversight|info@lusangazicouncil.gov.zm
DEPT-LUS-2659|African College For Community Based Natural Resource Transfe|Municipal planning, service delivery, and council oversight|info@lusangazicouncil.gov.zm
DEPT-LUS-2660|African College For Community Based Natural Resource Walking|Municipal planning, service delivery, and council oversight|info@lusangazicouncil.gov.zm
DEPT-LUS-2661|African College For Community Based Natural Resource Driving|Municipal planning, service delivery, and council oversight|info@lusangazicouncil.gov.zm
DEPT-LUS-2662|Youth Community Training Centre|Municipal planning, service delivery, and council oversight|info@lusangazicouncil.gov.zm
DEPT-LUS-2663|Youth Community Training Centre|Municipal planning, service delivery, and council oversight|info@lusangazicouncil.gov.zm
DEPT-LUS-2664|Youth Community Training Centre|Municipal planning, service delivery, and council oversight|info@lusangazicouncil.gov.zm
DEPT-LUS-2665|Intergovernmental Fiscal Relation Unit|Municipal planning, service delivery, and council oversight|info@lusangazicouncil.gov.zm
DEPT-LUS-2666|Ministry of Finance and National Planning|Municipal planning, service delivery, and council oversight|info@lusangazicouncil.gov.zm
DEPT-LUS-2667|The Ministry of Finance and National Planning has developed|Municipal planning, service delivery, and council oversight|info@lusangazicouncil.gov.zm
DEPT-LUS-2668|Finance and National Planning; and Decentralization|Municipal planning, service delivery, and council oversight|info@lusangazicouncil.gov.zm
DEPT-LUS-2669|and National Planning (MOFNP), Ministry of|Municipal planning, service delivery, and council oversight|info@lusangazicouncil.gov.zm
DEPT-LUS-2670|CENTRAL GOVERNMENT - MINISTRY OF FINANCE AND NATIONAL PLANNI|Municipal planning, service delivery, and council oversight|info@lusangazicouncil.gov.zm
DEPT-LUS-2671|community level; and|Municipal planning, service delivery, and council oversight|info@lusangazicouncil.gov.zm
DEPT-LUS-2672|of Finance and National Planning and implemented|Municipal planning, service delivery, and council oversight|info@lusangazicouncil.gov.zm
DEPT-LUS-2673|Planning, Cabinet Oﬃce, Ministry of Local|Municipal planning, service delivery, and council oversight|info@lusangazicouncil.gov.zm
DEPT-LUS-2674|& National Planning -|Municipal planning, service delivery, and council oversight|info@lusangazicouncil.gov.zm
DEPT-LUS-2675|Fiscal Relations Unit|Municipal planning, service delivery, and council oversight|info@lusangazicouncil.gov.zm
DEPT-LUS-2676|& National Planning|Municipal planning, service delivery, and council oversight|info@lusangazicouncil.gov.zm
DEPT-LUS-2677|IMPROVED DELIVERY OF MUNICIPAL SERVICES AT COMMUNITY LEVEL|Municipal planning, service delivery, and council oversight|info@lusangazicouncil.gov.zm
DEPT-LUS-2678|IMPROVED DELIVERY OF MUNICIPAL SERVICES AT COMMUNITY LEVEL|Municipal planning, service delivery, and council oversight|info@lusangazicouncil.gov.zm
DEPT-LUS-2679|IMPROVED DELIVERY OF MUNICIPAL SERVICES AT COMMUNITY LEVEL|Municipal planning, service delivery, and council oversight|info@lusangazicouncil.gov.zm
DEPT-LUS-2680|IMPROVED DELIVERY OF MUNICIPAL SERVICES AT COMMUNITY LEVEL|Municipal planning, service delivery, and council oversight|info@lusangazicouncil.gov.zm
DEPT-LUS-2681|IMPROVED DELIVERY OF MUNICIPAL SERVICES AT COMMUNITY LEVEL|Municipal planning, service delivery, and council oversight|info@lusangazicouncil.gov.zm
DEPT-LUS-2682|IMPROVED DELIVERY OF MUNICIPAL SERVICES AT COMMUNITY LEVEL|Municipal planning, service delivery, and council oversight|info@lusangazicouncil.gov.zm
DEPT-LUS-2683|IMPROVED DELIVERY OF MUNICIPAL SERVICES AT COMMUNITY LEVEL|Municipal planning, service delivery, and council oversight|info@lusangazicouncil.gov.zm
DEPT-LUS-2684|Ministry of Finance & National Planning|Municipal planning, service delivery, and council oversight|info@lusangazicouncil.gov.zm
DEPT-LUS-2685|Meeting Title: Community Stakeholder’s Engagement Meeting in|Municipal planning, service delivery, and council oversight|info@lusangazicouncil.gov.zm
DEPT-LUS-2686|Assistant community development officer Local Authority|Municipal planning, service delivery, and council oversight|info@lusangazicouncil.gov.zm
DEPT-LUS-2687|were reviewing the 2025 budget performance and also planning|Municipal planning, service delivery, and council oversight|info@lusangazicouncil.gov.zm
DEPT-LUS-2688|community and not small groups of people.|Municipal planning, service delivery, and council oversight|info@lusangazicouncil.gov.zm
DEPT-LUS-2689|The Accounts officer from the department of Finance reported|Municipal planning, service delivery, and council oversight|info@lusangazicouncil.gov.zm
DEPT-LUS-2690|To ensure fiscal plans were aligned with community needs.|Municipal planning, service delivery, and council oversight|info@lusangazicouncil.gov.zm
DEPT-LUS-2691|communities|Municipal planning, service delivery, and council oversight|info@lusangazicouncil.gov.zm
DEPT-LUS-2692|to decide on which community project should be done in their|Municipal planning, service delivery, and council oversight|info@lusangazicouncil.gov.zm
DEPT-LUS-2693|community driven and also projects that should benefits the|Municipal planning, service delivery, and council oversight|info@lusangazicouncil.gov.zm
DEPT-LUS-2694|It was further stated that projects proposed needed to be in|Municipal planning, service delivery, and council oversight|info@lusangazicouncil.gov.zm
DEPT-LUS-2695|these important meetings as they were beneficial for the who|Municipal planning, service delivery, and council oversight|info@lusangazicouncil.gov.zm
DEPT-LUS-2696|Another participant wanted to know if the resources could be|Municipal planning, service delivery, and council oversight|info@lusangazicouncil.gov.zm
DEPT-LUS-2697|In response, it was stated that this grant was meant to alle|Municipal planning, service delivery, and council oversight|info@lusangazicouncil.gov.zm
DEPT-LUS-2698|Members were given opportunity to come up and present the co|Municipal planning, service delivery, and council oversight|info@lusangazicouncil.gov.zm
DEPT-LUS-2699|listing that will benefit the whole community and also gener|Municipal planning, service delivery, and council oversight|info@lusangazicouncil.gov.zm
DEPT-LUS-2700|community as many|Municipal planning, service delivery, and council oversight|info@lusangazicouncil.gov.zm
DEPT-LUS-2701|administration offices|Municipal planning, service delivery, and council oversight|info@lusangazicouncil.gov.zm
DEPT-LUS-2702|administration|Municipal planning, service delivery, and council oversight|info@lusangazicouncil.gov.zm
DEPT-LUS-2703|administration offices|Municipal planning, service delivery, and council oversight|info@lusangazicouncil.gov.zm
DEPT-LUS-2704|Creation of community|Municipal planning, service delivery, and council oversight|info@lusangazicouncil.gov.zm
DEPT-LUS-2705|community forests|Municipal planning, service delivery, and council oversight|info@lusangazicouncil.gov.zm
DEPT-LUS-2706|trading units|Municipal planning, service delivery, and council oversight|info@lusangazicouncil.gov.zm
DEPT-LUS-2707|community and|Municipal planning, service delivery, and council oversight|info@lusangazicouncil.gov.zm
DEPT-LUS-2708|Area Plans- Re-planning|Municipal planning, service delivery, and council oversight|info@lusangazicouncil.gov.zm
DEPT-LUS-2709|Re-planning and|Municipal planning, service delivery, and council oversight|info@lusangazicouncil.gov.zm
DEPT-LUS-2710|planning (URP) and|Municipal planning, service delivery, and council oversight|info@lusangazicouncil.gov.zm
DEPT-LUS-2711|in the community|Municipal planning, service delivery, and council oversight|info@lusangazicouncil.gov.zm
DEPT-LUS-2712|communities and|Municipal planning, service delivery, and council oversight|info@lusangazicouncil.gov.zm
DEPT-LUS-2713|Housing units(50)|Municipal planning, service delivery, and council oversight|info@lusangazicouncil.gov.zm
DEPT-LUS-2714|Housing units(50)|Municipal planning, service delivery, and council oversight|info@lusangazicouncil.gov.zm
