project_id|project_name|ward|sector|amount|status|year
LUS-CDF-001|Mr .Mabvuto Masiye|Lusangazi Central Ward|Infrastructure & Community Support|0.0|Ongoing|2024
LUS-CDF-002|Council Secretary.|Lusangazi Central Ward|Infrastructure & Community Support|0.0|Ongoing|2024
LUS-CDF-003|Welcome to the CLTS newslet-|Lusangazi Central Ward|Infrastructure & Community Support|0.0|Ongoing|2024
LUS-CDF-004|ter edition of Lusangazi Town|Lusangazi Central Ward|Infrastructure & Community Support|0.0|Ongoing|2024
LUS-CDF-005|Council , this publication is|Lusangazi Central Ward|Infrastructure & Community Support|0.0|Ongoing|2024
LUS-CDF-006|meant to highlight CLTS pro-|Lusangazi Central Ward|Infrastructure & Community Support|0.0|Ongoing|2024
LUS-CDF-007|grammes and activities of the|Lusangazi Central Ward|Infrastructure & Community Support|0.0|Ongoing|2024
LUS-CDF-008|local authority to help keep the|Lusangazi Central Ward|Infrastructure & Community Support|0.0|Ongoing|2024
LUS-CDF-009|Communities of Lusangazi Dis-|Lusangazi Central Ward|Infrastructure & Community Support|0.0|Ongoing|2024
LUS-CDF-010|trict and the country at large up-|Lusangazi Central Ward|Infrastructure & Community Support|0.0|Ongoing|2024
LUS-CDF-011|This particular edition highlights|Lusangazi Central Ward|Infrastructure & Community Support|0.0|Ongoing|2024
LUS-CDF-012|some of the activities carried out|Lusangazi Central Ward|Infrastructure & Community Support|0.0|Ongoing|2024
LUS-CDF-013|in Lusangazi District in an effort|Lusangazi Central Ward|Infrastructure & Community Support|0.0|Ongoing|2024
LUS-CDF-014|to achieve open defecation free|Lusangazi Central Ward|Infrastructure & Community Support|0.0|Ongoing|2024
LUS-CDF-015|status in Sandwe Chiefdom after|Lusangazi Central Ward|Infrastructure & Community Support|0.0|Ongoing|2024
LUS-CDF-016|receiving funding amounting to|Lusangazi Central Ward|Infrastructure & Community Support|0.0|Ongoing|2024
LUS-CDF-017|K249 , 900. 50 by Ministry of|Lusangazi Central Ward|Infrastructure & Community Support|0.0|Ongoing|2024
LUS-CDF-018|Water and Sanitation .|Lusangazi Central Ward|Infrastructure & Community Support|0.0|Ongoing|2024
LUS-CDF-019|As local authority, we are ap-|Lusangazi Central Ward|Infrastructure & Community Support|0.0|Ongoing|2024
LUS-CDF-020|pealing to the people of Lusan-|Lusangazi Central Ward|Infrastructure & Community Support|0.0|Ongoing|2024
LUS-CDF-021|gazi and the Country at large|Lusangazi Central Ward|Infrastructure & Community Support|0.0|Ongoing|2024
LUS-CDF-022|still engaging in the practice of|Lusangazi Central Ward|Infrastructure & Community Support|0.0|Ongoing|2024
LUS-CDF-023|open defecation to decease from|Lusangazi Central Ward|Infrastructure & Community Support|0.0|Ongoing|2024
LUS-CDF-024|such practices in order to|Lusangazi Central Ward|Infrastructure & Community Support|0.0|Ongoing|2024
LUS-CDF-025|achieve open free defeca-|Lusangazi Central Ward|Infrastructure & Community Support|0.0|Ongoing|2024
LUS-CDF-026|tion status countywide as|Lusangazi Central Ward|Infrastructure & Community Support|0.0|Ongoing|2024
LUS-CDF-027|it helps prevent diseases|Lusangazi Central Ward|Infrastructure & Community Support|0.0|Ongoing|2024
LUS-CDF-028|Enjoy reading our first|Lusangazi Central Ward|Infrastructure & Community Support|0.0|Ongoing|2024
LUS-CDF-029|CLTS newsletter.|Lusangazi Central Ward|Infrastructure & Community Support|0.0|Ongoing|2024
LUS-CDF-030|A M E S S A G E F R O M T H E C O U N C I L S E C R E T A R Y|Lusangazi Central Ward|Infrastructure & Community Support|0.0|Ongoing|2024
LUS-CDF-031|REPUBLIC OF ZAMBIA|Lusangazi Central Ward|Infrastructure & Community Support|0.0|Ongoing|2024
LUS-CDF-032|TECHNICAL COMMITTEE ON AMENDMENTS TO THE CONSTITUTION OF ZAMBIA, 2025|Lusangazi Central Ward|Infrastructure & Community Support|0.0|Ongoing|2024
LUS-CDF-033|Submission Guide|Lusangazi Central Ward|Infrastructure & Community Support|0.0|Ongoing|2024
LUS-CDF-034|Terms of Reference|Lusangazi Central Ward|Infrastructure & Community Support|0.0|Ongoing|2024
LUS-CDF-035|electoral system as a whole.|Lusangazi Central Ward|Infrastructure & Community Support|0.0|Ongoing|2024
LUS-CDF-036|Considering all the provisions relating to the electoral process and|Lusangazi Central Ward|Infrastructure & Community Support|0.0|Ongoing|2024
LUS-CDF-037|the electoral system in the Constitution of Zambia as a whole, what|Lusangazi Central Ward|Infrastructure & Community Support|0.0|Ongoing|2024
LUS-CDF-038|do you think should be:|Lusangazi Central Ward|Infrastructure & Community Support|0.0|Ongoing|2024
LUS-CDF-039|(ii) removed, or|Lusangazi Central Ward|Infrastructure & Community Support|0.0|Ongoing|2024
LUS-CDF-040|On this term of reference, the Technical Committee seeks to consult|Lusangazi Central Ward|Infrastructure & Community Support|0.0|Ongoing|2024
LUS-CDF-041|you on Articles in the Constitution that may be too detailed or|Lusangazi Central Ward|Infrastructure & Community Support|0.0|Ongoing|2024
LUS-CDF-042|lacking sufficient details; provisions that are in the Constitution but|Lusangazi Central Ward|Infrastructure & Community Support|0.0|Ongoing|2024
LUS-CDF-043|they should not have been there; or provisions that should have|Lusangazi Central Ward|Infrastructure & Community Support|0.0|Ongoing|2024
LUS-CDF-044|been in the Constitution but they are not there.|Lusangazi Central Ward|Infrastructure & Community Support|0.0|Ongoing|2024
LUS-CDF-045|wards, with a view to|Lusangazi Central Ward|Infrastructure & Community Support|0.0|Ongoing|2024
LUS-CDF-046|distribution of resources|Lusangazi Central Ward|Infrastructure & Community Support|0.0|Ongoing|2024
LUS-CDF-047|across the Republic|Lusangazi Central Ward|Infrastructure & Community Support|0.0|Ongoing|2024
LUS-CDF-048|The Delimitation Report by the Electoral Commission has|Lusangazi Central Ward|Infrastructure & Community Support|0.0|Ongoing|2024
LUS-CDF-049|recommended an increase in the number of seats from one|Lusangazi Central Ward|Infrastructure & Community Support|0.0|Ongoing|2024
LUS-CDF-050|hundred and fifty-six (156) to two hundred and eleven (211).|Lusangazi Central Ward|Infrastructure & Community Support|0.0|Ongoing|2024
LUS-CDF-051|What is your submission on this recommendation?|Lusangazi Central Ward|Infrastructure & Community Support|0.0|Ongoing|2024
LUS-CDF-052|What do you think about enshrining the actual number of seats|Lusangazi Central Ward|Infrastructure & Community Support|0.0|Ongoing|2024
LUS-CDF-053|in the Constitution?|Lusangazi Central Ward|Infrastructure & Community Support|0.0|Ongoing|2024
LUS-CDF-054|On this sub-term of reference, the Technical Committee seeks to|Lusangazi Central Ward|Infrastructure & Community Support|0.0|Ongoing|2024
LUS-CDF-055|consult you on whether the Article in the Constitution, on composition|Lusangazi Central Ward|Infrastructure & Community Support|0.0|Ongoing|2024
LUS-CDF-056|of the National Assembly should be amended to increase the number|Lusangazi Central Ward|Infrastructure & Community Support|0.0|Ongoing|2024
LUS-CDF-057|of constituency-based seats from the current 156 to 211. The reason|Lusangazi Central Ward|Infrastructure & Community Support|0.0|Ongoing|2024
LUS-CDF-058|for this proposal is to actualise the delimitation report by the Electoral|Lusangazi Central Ward|Infrastructure & Community Support|0.0|Ongoing|2024
LUS-CDF-059|Commission, which itself is based on countrywide consultations and|Lusangazi Central Ward|Infrastructure & Community Support|0.0|Ongoing|2024
LUS-CDF-060|citizens are waiting for the implementation of their submissions some|Lusangazi Central Ward|Infrastructure & Community Support|0.0|Ongoing|2024
LUS-CDF-061|1.0 Introduction ...................................................................................|Lusangazi Central Ward|Infrastructure & Community Support|0.0|Ongoing|2024
LUS-CDF-062|1.1 Background .....................................................................................|Lusangazi Central Ward|Infrastructure & Community Support|0.0|Ongoing|2024
LUS-CDF-063|1.2 Current Citizen Engagement efforts .............................................................|Lusangazi Central Ward|Infrastructure & Community Support|0.0|Ongoing|2024
LUS-CDF-064|2.0 Vision, Aim and Objectives .....................................................................|Lusangazi Central Ward|Infrastructure & Community Support|0.0|Ongoing|2024
LUS-CDF-065|2.1 Vision .........................................................................................|Lusangazi Central Ward|Infrastructure & Community Support|0.0|Ongoing|2024
LUS-CDF-066|2.2 Aim ............................................................................................|Lusangazi Central Ward|Infrastructure & Community Support|0.0|Ongoing|2024
LUS-CDF-067|2.3 Objectives .....................................................................................|Lusangazi Central Ward|Infrastructure & Community Support|0.0|Ongoing|2024
LUS-CDF-068|3.0 Approaches and methods of engagement ...........................................................|Lusangazi Central Ward|Infrastructure & Community Support|0.0|Ongoing|2024
LUS-CDF-069|3.1 Engagement Methods..............................................................................|Lusangazi Central Ward|Infrastructure & Community Support|0.0|Ongoing|2024
LUS-CDF-070|3.2 Stakeholder engagement Methodology .............................................................|Lusangazi Central Ward|Infrastructure & Community Support|0.0|Ongoing|2024
LUS-CDF-071|4.0 Implementation Plan ............................................................................|Lusangazi Central Ward|Infrastructure & Community Support|0.0|Ongoing|2024
LUS-CDF-072|5.0 Communication Strategy and Plan ................................................................|Lusangazi Central Ward|Infrastructure & Community Support|0.0|Ongoing|2024
LUS-CDF-073|5.1 Communication Channels and Tools ...............................................................|Lusangazi Central Ward|Infrastructure & Community Support|0.0|Ongoing|2024
LUS-CDF-074|6.0 Budget (implementing Citizen Engagement) .......................................................|Lusangazi Central Ward|Infrastructure & Community Support|0.0|Ongoing|2024
LUS-CDF-075|6.1 Engagement on council budget ...................................................................|Lusangazi Central Ward|Infrastructure & Community Support|0.0|Ongoing|2024
LUS-CDF-076|6.2 Budget Estimate ................................................................................|Lusangazi Central Ward|Infrastructure & Community Support|0.0|Ongoing|2024
LUS-CDF-077|7.0 Monitoring, Evaluation and Reporting ...........................................................|Lusangazi Central Ward|Infrastructure & Community Support|0.0|Ongoing|2024
LUS-CDF-078|8.0 Conclusion ............................................................................... Error|Lusangazi Central Ward|Infrastructure & Community Support|0.0|Ongoing|2024
LUS-CDF-079|9.0 Annexes ........................................................................................|Lusangazi Central Ward|Infrastructure & Community Support|0.0|Ongoing|2024
LUS-CDF-080|9.1 Annexure 1: Monitoring Tool ....................................................................|Lusangazi Central Ward|Infrastructure & Community Support|0.0|Ongoing|2024
LUS-CDF-081|9.2 Annexure 2: Minute Recording ...................................................................|Lusangazi Central Ward|Infrastructure & Community Support|0.0|Ongoing|2024
LUS-CDF-082|9.3 Annexure 3: Attendance Register ................................................................|Lusangazi Central Ward|Infrastructure & Community Support|0.0|Ongoing|2024
LUS-CDF-083|1.0 Introduction|Lusangazi Central Ward|Infrastructure & Community Support|0.0|Ongoing|2024
LUS-CDF-084|Every citizen has a right be informed and updated on matters that affect their wellbeing within the|Lusangazi Central Ward|Infrastructure & Community Support|0.0|Ongoing|2024
LUS-CDF-085|district. A process of engagement with stakeholders is critical to development projects and processe|Lusangazi Central Ward|Infrastructure & Community Support|0.0|Ongoing|2024
LUS-CDF-086|and is cardinal in the process of ensuring transparency, timely communication and citizen ownership|Lusangazi Central Ward|Infrastructure & Community Support|0.0|Ongoing|2024
LUS-CDF-087|the end products. Lusangazi District is among the fifteen Districts in the Eastern Province of Zambi|Lusangazi Central Ward|Infrastructure & Community Support|0.0|Ongoing|2024
LUS-CDF-088|It is approximately 470 Km east of Zambia’s Capital – Lusaka. Lusangazi District was officially crea|Lusangazi Central Ward|Infrastructure & Community Support|0.0|Ongoing|2024
LUS-CDF-089|in 2018 and it shares district boundaries with Petauke in the south and with Sinda and Mambwe in the|Lusangazi Central Ward|Infrastructure & Community Support|0.0|Ongoing|2024
LUS-CDF-090|north-east, as well as Serenje and Chitambo in the north-west, Nyimba in the south west and|Lusangazi Central Ward|Infrastructure & Community Support|0.0|Ongoing|2024
LUS-CDF-091|National Planning and Budgeting|Lusangazi Central Ward|Infrastructure & Community Support|0.0|Ongoing|2024
LUS-CDF-092|THE NATIONAL PLANNING AND BUDGETING ACT,|Lusangazi Central Ward|Infrastructure & Community Support|0.0|Ongoing|2024
LUS-CDF-093|ARRANGEMENTS OF SECTIONS|Lusangazi Central Ward|Infrastructure & Community Support|0.0|Ongoing|2024
LUS-CDF-094|PRELIMINARY PROVISIONS|Lusangazi Central Ward|Infrastructure & Community Support|0.0|Ongoing|2024
LUS-CDF-095|Short title and commencement|Lusangazi Central Ward|Infrastructure & Community Support|0.0|Ongoing|2024
LUS-CDF-096|Principles relating to national planning and budgeting|Lusangazi Central Ward|Infrastructure & Community Support|0.0|Ongoing|2024
LUS-CDF-097|INSTITUTIONAL FRAMEWORK FOR DEVELOPMENT PLANNING|Lusangazi Central Ward|Infrastructure & Community Support|0.0|Ongoing|2024
LUS-CDF-098|National Development Coordinating Committee|Lusangazi Central Ward|Infrastructure & Community Support|0.0|Ongoing|2024
LUS-CDF-099|Functionsof NationalDevelopment Coordinating Committee|Lusangazi Central Ward|Infrastructure & Community Support|0.0|Ongoing|2024
LUS-CDF-100|Secretariat of National Development Coordinating|Lusangazi Central Ward|Infrastructure & Community Support|0.0|Ongoing|2024
LUS-CDF-101|Provincial Development Coordinating Committee|Lusangazi Central Ward|Infrastructure & Community Support|0.0|Ongoing|2024
LUS-CDF-102|Provincial Development Coordinating|Lusangazi Central Ward|Infrastructure & Community Support|0.0|Ongoing|2024
LUS-CDF-103|Secretariat of Provincial Development Coordinating|Lusangazi Central Ward|Infrastructure & Community Support|0.0|Ongoing|2024
LUS-CDF-104|District Development Coordinating Committee|Lusangazi Central Ward|Infrastructure & Community Support|0.0|Ongoing|2024
LUS-CDF-105|Functions of District Development Coordinating Committee|Lusangazi Central Ward|Infrastructure & Community Support|0.0|Ongoing|2024
LUS-CDF-106|Secretariat of District Development CoordinatingCommittee|Lusangazi Central Ward|Infrastructure & Community Support|0.0|Ongoing|2024
LUS-CDF-107|Cluster Advisory Group|Lusangazi Central Ward|Infrastructure & Community Support|0.0|Ongoing|2024
LUS-CDF-108|Functions of ClusterAdvisory Group|Lusangazi Central Ward|Infrastructure & Community Support|0.0|Ongoing|2024
LUS-CDF-109|NATIONAL PLANNING PROCESS|Lusangazi Central Ward|Infrastructure & Community Support|0.0|Ongoing|2024
LUS-CDF-110|Long Term Development Planning|Lusangazi Central Ward|Infrastructure & Community Support|0.0|Ongoing|2024
LUS-CDF-111|Content of Long Term Development Planning|Lusangazi Central Ward|Infrastructure & Community Support|0.0|Ongoing|2024
LUS-CDF-112|Preparation of Long Term Development Plan|Lusangazi Central Ward|Infrastructure & Community Support|0.0|Ongoing|2024
LUS-CDF-113|Single copies of this Act may be obtained from the Government Printer,|Lusangazi Central Ward|Infrastructure & Community Support|0.0|Ongoing|2024
LUS-CDF-114|P.O. Box 30136, 10101 Lusaka, Price K60.00 each.|Lusangazi Central Ward|Infrastructure & Community Support|0.0|Ongoing|2024
LUS-CDF-115|National Planning and Budgeting|Lusangazi Central Ward|Infrastructure & Community Support|0.0|Ongoing|2024
LUS-CDF-116|Performance framework|Lusangazi Central Ward|Infrastructure & Community Support|0.0|Ongoing|2024
LUS-CDF-117|National Development Plan|Lusangazi Central Ward|Infrastructure & Community Support|0.0|Ongoing|2024
LUS-CDF-118|Policy statement|Lusangazi Central Ward|Infrastructure & Community Support|0.0|Ongoing|2024
LUS-CDF-119|Development planning guidelines|Lusangazi Central Ward|Infrastructure & Community Support|0.0|Ongoing|2024
LUS-CDF-120|Development planning|Lusangazi Central Ward|Infrastructure & Community Support|0.0|Ongoing|2024
LUS-CDF-121|LUSANGAZI TOWN COUNCIL|Lusangazi Central Ward|Infrastructure & Community Support|0.0|Ongoing|2024
LUS-CDF-122|Meeting Title: Business Community Stakeholder’s Engagement Meeting|Lusangazi Central Ward|Infrastructure & Community Support|0.0|Ongoing|2024
LUS-CDF-123|Date: TUESDAY, 02/12/2025|Lusangazi Central Ward|Infrastructure & Community Support|0.0|Ongoing|2024
LUS-CDF-124|Time: 15:38 – 16:49|Lusangazi Central Ward|Infrastructure & Community Support|0.0|Ongoing|2024
LUS-CDF-125|Location: New Mzumwa trading area|Lusangazi Central Ward|Infrastructure & Community Support|0.0|Ongoing|2024
LUS-CDF-126|Facilitators: Mr. Anthony Makaliki, Mr. Mwankhongono-zao Roy Kaonga, Leya Nyirenda, Moses|Lusangazi Central Ward|Infrastructure & Community Support|0.0|Ongoing|2024
LUS-CDF-127|Metal fabrication|Lusangazi Central Ward|Infrastructure & Community Support|0.0|Ongoing|2024
LUS-CDF-128|Vegetable seller|Lusangazi Central Ward|Infrastructure & Community Support|0.0|Ongoing|2024
LUS-CDF-129|Vegetable seller|Lusangazi Central Ward|Infrastructure & Community Support|0.0|Ongoing|2024
LUS-CDF-130|Vegetable seller|Lusangazi Central Ward|Infrastructure & Community Support|0.0|Ongoing|2024
LUS-CDF-131|Vegetable seller|Lusangazi Central Ward|Infrastructure & Community Support|0.0|Ongoing|2024
LUS-CDF-132|Vegetable seller|Lusangazi Central Ward|Infrastructure & Community Support|0.0|Ongoing|2024
LUS-CDF-133|Metal fabrication|Lusangazi Central Ward|Infrastructure & Community Support|0.0|Ongoing|2024
LUS-CDF-134|Nicholas Ngulube|Lusangazi Central Ward|Infrastructure & Community Support|0.0|Ongoing|2024
LUS-CDF-135|Metal fabrication|Lusangazi Central Ward|Infrastructure & Community Support|0.0|Ongoing|2024
LUS-CDF-136|Senior Health Inspector|Lusangazi Central Ward|Infrastructure & Community Support|0.0|Ongoing|2024
LUS-CDF-137|Hard ware supplies worker|Lusangazi Central Ward|Infrastructure & Community Support|0.0|Ongoing|2024
LUS-CDF-138|Anthony Makaliki|Lusangazi Central Ward|Infrastructure & Community Support|0.0|Ongoing|2024
LUS-CDF-139|Community Development|Lusangazi Central Ward|Infrastructure & Community Support|0.0|Ongoing|2024
LUS-CDF-140|Accounts Officer|Lusangazi Central Ward|Infrastructure & Community Support|0.0|Ongoing|2024
LUS-CDF-141|1) Call to order, introduction of meeting and Opening Prayer|Lusangazi Central Ward|Infrastructure & Community Support|0.0|Ongoing|2024
LUS-CDF-142|2) Introductions of the presenters only|Lusangazi Central Ward|Infrastructure & Community Support|0.0|Ongoing|2024
LUS-CDF-143|3) Opening Remarks|Lusangazi Central Ward|Infrastructure & Community Support|0.0|Ongoing|2024
LUS-CDF-144|4) Presentation on Budgeting and Planning Framework|Lusangazi Central Ward|Infrastructure & Community Support|0.0|Ongoing|2024
LUS-CDF-145|5) Presentation on Budget Performance|Lusangazi Central Ward|Infrastructure & Community Support|0.0|Ongoing|2024
LUS-CDF-146|6) Presentation of Zambia Devolution Support Program parameters and available funding|Lusangazi Central Ward|Infrastructure & Community Support|0.0|Ongoing|2024
LUS-CDF-147|7) Presentation on Budget Proposals by the WDC’s and Submissions|Lusangazi Central Ward|Infrastructure & Community Support|0.0|Ongoing|2024
LUS-CDF-148|8) Closing Remarks and closing prayer|Lusangazi Central Ward|Infrastructure & Community Support|0.0|Ongoing|2024
LUS-CDF-149|Call to order, introduction of meeting and Opening Prayer|Lusangazi Central Ward|Infrastructure & Community Support|0.0|Ongoing|2024
LUS-CDF-150|The meeting was opened with a call to order by the WDC Secretary and a call to everyone to pay atten|Lusangazi Central Ward|Infrastructure & Community Support|0.0|Ongoing|2024
LUS-CDF-151|CDF LOAN APPLICATION FORM|Lusangazi Central Ward|Infrastructure & Community Support|0.0|Ongoing|2024
LUS-CDF-152|Ministry of Local Government and Rural Development|Lusangazi Central Ward|Infrastructure & Community Support|0.0|Ongoing|2024
LUS-CDF-153|CONSTITUENCY DEVELOPMENT FUND|Lusangazi Central Ward|Infrastructure & Community Support|0.0|Ongoing|2024
LUS-CDF-154|LOAN APPLICATION FORM|Lusangazi Central Ward|Infrastructure & Community Support|0.0|Ongoing|2024
LUS-CDF-155|YOUTH, WOMEN AND COMMUNITY|Lusangazi Central Ward|Infrastructure & Community Support|0.0|Ongoing|2024
LUS-CDF-156|Instructions: This application form should be completed by the applicant and sent together with supp|Lusangazi Central Ward|Infrastructure & Community Support|0.0|Ongoing|2024
LUS-CDF-157|Chairperson, Ward Development Committee.|Lusangazi Central Ward|Infrastructure & Community Support|0.0|Ongoing|2024
LUS-CDF-158|NOTE: This form is not for sale.|Lusangazi Central Ward|Infrastructure & Community Support|0.0|Ongoing|2024
LUS-CDF-159|Disclaimer: Completion of the form does not guarantee the award of the Loan|Lusangazi Central Ward|Infrastructure & Community Support|0.0|Ongoing|2024
LUS-CDF-160|Project Identification Number:|Lusangazi Central Ward|Infrastructure & Community Support|0.0|Ongoing|2024
LUS-CDF-161|(for official use)|Lusangazi Central Ward|Infrastructure & Community Support|0.0|Ongoing|2024
LUS-CDF-162|YE/Zone/Ward Code Number|Lusangazi Central Ward|Infrastructure & Community Support|0.0|Ongoing|2024
LUS-CDF-163|WE/Zone/Ward Code Number|Lusangazi Central Ward|Infrastructure & Community Support|0.0|Ongoing|2024
LUS-CDF-164|CE/Zone/Ward Code Number|Lusangazi Central Ward|Infrastructure & Community Support|0.0|Ongoing|2024
LUS-CDF-165|CDF LOAN APPLICATION FORM|Lusangazi Central Ward|Infrastructure & Community Support|0.0|Ongoing|2024
LUS-CDF-166|SECTION A. GENERAL DETAILS (TO BE COMPLETED BY THE APPLICANT)|Lusangazi Central Ward|Infrastructure & Community Support|0.0|Ongoing|2024
LUS-CDF-167|1. Name of Business/Organisation/Company/Group/Cooperative/ Club|Lusangazi Central Ward|Infrastructure & Community Support|0.0|Ongoing|2024
LUS-CDF-168|………………………………………………..................................................................................|Lusangazi Central Ward|Infrastructure & Community Support|0.0|Ongoing|2024
LUS-CDF-169|2. Legal form of applicant (Limited Company (SME)/Group /Cooperative/ club:|Lusangazi Central Ward|Infrastructure & Community Support|0.0|Ongoing|2024
LUS-CDF-170|……………………………………………………………………………………………………....................|Lusangazi Central Ward|Infrastructure & Community Support|0.0|Ongoing|2024
LUS-CDF-171|3. Date of Company/Group/Cooperative/Club Registration: ……………………………………….|Lusangazi Central Ward|Infrastructure & Community Support|0.0|Ongoing|2024
LUS-CDF-172|4. TPIN: ……………………………………………………………………………………………………………|Lusangazi Central Ward|Infrastructure & Community Support|0.0|Ongoing|2024
LUS-CDF-173|CDF LOAN APPLICATION FORM|Lusangazi Central Ward|Infrastructure & Community Support|0.0|Ongoing|2024
LUS-CDF-174|Shareholders of the Company/Members of a Group/Cooperative/ Club|Lusangazi Central Ward|Infrastructure & Community Support|0.0|Ongoing|2024
LUS-CDF-175|(applicable to a|Lusangazi Central Ward|Infrastructure & Community Support|0.0|Ongoing|2024
LUS-CDF-176|Position in the Business|Lusangazi Central Ward|Infrastructure & Community Support|0.0|Ongoing|2024
LUS-CDF-177|CDF LOAN APPLICATION FORM|Lusangazi Central Ward|Infrastructure & Community Support|0.0|Ongoing|2024
LUS-CDF-178|5. Authorized Representative|Lusangazi Central Ward|Infrastructure & Community Support|0.0|Ongoing|2024
LUS-CDF-179|(To act on behalf of the Applicant and respond to any questions regarding the application)|Lusangazi Central Ward|Infrastructure & Community Support|0.0|Ongoing|2024
LUS-CDF-180|Name of Contact Person|Lusangazi Central Ward|Infrastructure & Community Support|0.0|Ongoing|2024
LUS-CDF-181|REPUBLIC OF ZAMBIA|Lusangazi Central Ward|Infrastructure & Community Support|0.0|Ongoing|2024
LUS-CDF-182|MINISTRY OF LOCAL GOVERNMENT AND RURAL|Lusangazi Central Ward|Infrastructure & Community Support|0.0|Ongoing|2024
LUS-CDF-183|LOCAL GOVERNMENT|Lusangazi Central Ward|Infrastructure & Community Support|0.0|Ongoing|2024
LUS-CDF-184|SECTOR DIGITALISATION|Lusangazi Central Ward|Infrastructure & Community Support|0.0|Ongoing|2024
LUS-CDF-185|FOREWORD............................................................................................|Lusangazi Central Ward|Infrastructure & Community Support|0.0|Ongoing|2024
LUS-CDF-186|ACKNOWLEDGEMENT....................................................................................|Lusangazi Central Ward|Infrastructure & Community Support|0.0|Ongoing|2024
LUS-CDF-187|INTRODUCTION .......................................................................................|Lusangazi Central Ward|Infrastructure & Community Support|0.0|Ongoing|2024
LUS-CDF-188|RATIONALE ..........................................................................................|Lusangazi Central Ward|Infrastructure & Community Support|0.0|Ongoing|2024
LUS-CDF-189|SITUATIONAL ANALYSIS ........................................................................... 2|Lusangazi Central Ward|Infrastructure & Community Support|0.0|Ongoing|2024
LUS-CDF-190|Government Digital Infrastructure ....................................................... 3|Lusangazi Central Ward|Infrastructure & Community Support|0.0|Ongoing|2024
LUS-CDF-191|Government Digital Services ................................................................ 4|Lusangazi Central Ward|Infrastructure & Community Support|0.0|Ongoing|2024
LUS-CDF-192|Capacity Building and Change Management ........................................ 6|Lusangazi Central Ward|Infrastructure & Community Support|0.0|Ongoing|2024
LUS-CDF-193|Digital Information Security ................................................................. 7|Lusangazi Central Ward|Infrastructure & Community Support|0.0|Ongoing|2024
LUS-CDF-194|Digital Innovation and Entrepreneurship ............................................. 7|Lusangazi Central Ward|Infrastructure & Community Support|0.0|Ongoing|2024
LUS-CDF-195|Electronic Government Standards and Compliance .............................. 8|Lusangazi Central Ward|Infrastructure & Community Support|0.0|Ongoing|2024
LUS-CDF-196|Government Digital Policy and Legal Framework .................................. 8|Lusangazi Central Ward|Infrastructure & Community Support|0.0|Ongoing|2024
LUS-CDF-197|GOVERNMENT DIGITAL LEADERSHIP AND GOVERNANCE ...................... 9|Lusangazi Central Ward|Infrastructure & Community Support|0.0|Ongoing|2024
LUS-CDF-198|STRATEGIC DIRECTION ........................................................................... 9|Lusangazi Central Ward|Infrastructure & Community Support|0.0|Ongoing|2024
LUS-CDF-199|5.2Mission Statement................................................................................|Lusangazi Central Ward|Infrastructure & Community Support|0.0|Ongoing|2024
LUS-CDF-200|Guiding Principles ............................................................................. 10|Lusangazi Central Ward|Infrastructure & Community Support|0.0|Ongoing|2024
LUS-CDF-201|6.0 OBJECTIVES AND STRATEGIES ............................................................. 11|Lusangazi Central Ward|Infrastructure & Community Support|0.0|Ongoing|2024
LUS-CDF-202|6.1 Thematic Area 1: Government Digital Infrastructure ............................. 12|Lusangazi Central Ward|Infrastructure & Community Support|0.0|Ongoing|2024
LUS-CDF-203|6.2 Thematic Area 2: Government Digital Services ...................................... 12|Lusangazi Central Ward|Infrastructure & Community Support|0.0|Ongoing|2024
LUS-CDF-204|6.3 Thematic Area 3: Capacity Building and Change Management .............. 13|Lusangazi Central Ward|Infrastructure & Community Support|0.0|Ongoing|2024
LUS-CDF-205|6.4 Thematic Area 4: Digital Information Security ...................................... 13|Lusangazi Central Ward|Infrastructure & Community Support|0.0|Ongoing|2024
LUS-CDF-206|6.5.0 Thematic Area 5: Local Government Digital Innovation and|Lusangazi Central Ward|Infrastructure & Community Support|0.0|Ongoing|2024
LUS-CDF-207|Entrepreneurship ...................................................................................|Lusangazi Central Ward|Infrastructure & Community Support|0.0|Ongoing|2024
LUS-CDF-208|6.6.0 Thematic Area 6: Electronic Government Standards and Compliance 14|Lusangazi Central Ward|Infrastructure & Community Support|0.0|Ongoing|2024
LUS-CDF-209|6.7.0 Thematic Area 7: Government Digital Policy and Legal Framework .... 14|Lusangazi Central Ward|Infrastructure & Community Support|0.0|Ongoing|2024
LUS-CDF-210|7. IMPLEMENTATION FRAMEWORK ............................................................. 15|Lusangazi Central Ward|Infrastructure & Community Support|0.0|Ongoing|2024
LUS-CDF-211|MANAGEMENT, DISBURSEMENT, UTILISATION AND ACCOUNTABILITY OF THE CONSTITUENCY DEVELOPMENT FUND|Lusangazi Central Ward|Infrastructure & Community Support|0.0|Ongoing|2024
LUS-CDF-212|CONSTITUENCY DEVELOPMENT FUND|Lusangazi Central Ward|Infrastructure & Community Support|0.0|Ongoing|2024
LUS-CDF-213|CONSTITUENCY DEVELOPMENT FUND|Lusangazi Central Ward|Infrastructure & Community Support|0.0|Ongoing|2024
LUS-CDF-214|REPUBLIC OF ZAMBIA|Lusangazi Central Ward|Infrastructure & Community Support|0.0|Ongoing|2024
LUS-CDF-215|(PURSUANT TO SECTION 25 OF THE CONSTITUENCY DEVELOPMENT FUND ACT NO. 11 OF 2018)|Lusangazi Central Ward|Infrastructure & Community Support|0.0|Ongoing|2024
LUS-CDF-216|MINISTRY OF LOCAL GOVERNMENT|Lusangazi Central Ward|Infrastructure & Community Support|0.0|Ongoing|2024
LUS-CDF-217|AND RURAL DEVELOPMENT|Lusangazi Central Ward|Infrastructure & Community Support|0.0|Ongoing|2024
LUS-CDF-218|MANAGEMENT, DISBURSEMENT,|Lusangazi Central Ward|Infrastructure & Community Support|0.0|Ongoing|2024
LUS-CDF-219|UTILISATION AND ACCOUNTABILITY OF|Lusangazi Central Ward|Infrastructure & Community Support|0.0|Ongoing|2024
LUS-CDF-220|THE CONSTITUENCY DEVELOPMENT|Lusangazi Central Ward|Infrastructure & Community Support|0.0|Ongoing|2024
LUS-CDF-221|(PURSUANT TO SECTION 25 OF THE CONSTITUENCY|Lusangazi Central Ward|Infrastructure & Community Support|0.0|Ongoing|2024
LUS-CDF-222|DEVELOPMENT FUND ACT NO. 11 OF 2018)|Lusangazi Central Ward|Infrastructure & Community Support|0.0|Ongoing|2024
LUS-CDF-223|Ministry of Local Government and Rural Development|Lusangazi Central Ward|Infrastructure & Community Support|0.0|Ongoing|2024
LUS-CDF-224|MANAGEMENT, DISBURSEMENT, UTILISATION AND ACCOUNTABILITY OF THE CONSTITUENCY DEVELOPMENT FUND|Lusangazi Central Ward|Infrastructure & Community Support|0.0|Ongoing|2024
LUS-CDF-225|Working Definitions|Lusangazi Central Ward|Infrastructure & Community Support|0.0|Ongoing|2024
LUS-CDF-226|PART ONE: INTRODUCTION|Lusangazi Central Ward|Infrastructure & Community Support|0.0|Ongoing|2024
LUS-CDF-227|1.2. POLICY AND LEGAL FRAMEWORK|Lusangazi Central Ward|Infrastructure & Community Support|0.0|Ongoing|2024
LUS-CDF-228|1.2.1. Policy Framework|Lusangazi Central Ward|Infrastructure & Community Support|0.0|Ongoing|2024
LUS-CDF-229|1.2.2. Legal Framework|Lusangazi Central Ward|Infrastructure & Community Support|0.0|Ongoing|2024
LUS-CDF-230|1.3. OBJECTIVE OF THE CDF GUIDELINES|Lusangazi Central Ward|Infrastructure & Community Support|0.0|Ongoing|2024
LUS-CDF-231|PART TWO: SCOPE OF THE CONSTITUENCY DEVELOPMENT FUND|Lusangazi Central Ward|Infrastructure & Community Support|0.0|Ongoing|2024
LUS-CDF-232|2.1 CONSTITUENCY DEVELOPMENT FUND COMPONENTS|Lusangazi Central Ward|Infrastructure & Community Support|0.0|Ongoing|2024
LUS-CDF-233|2.1.1 Community Projects|Lusangazi Central Ward|Infrastructure & Community Support|0.0|Ongoing|2024
LUS-CDF-234|2.1.2 Youth, Women and Community Empowerment|Lusangazi Central Ward|Infrastructure & Community Support|0.0|Ongoing|2024
LUS-CDF-235|2.1.3 Secondary Boarding School and Skills Development Bursaries|Lusangazi Central Ward|Infrastructure & Community Support|0.0|Ongoing|2024
LUS-CDF-236|2.2 CDF ALLOCATIONS|Lusangazi Central Ward|Infrastructure & Community Support|0.0|Ongoing|2024
LUS-CDF-237|2.2.1 Variation of CDF Allocation|Lusangazi Central Ward|Infrastructure & Community Support|0.0|Ongoing|2024
LUS-CDF-238|2.2.2 Administrative Cost|Lusangazi Central Ward|Infrastructure & Community Support|0.0|Ongoing|2024
LUS-CDF-239|2.2.3 CDF Motor Vehicle|Lusangazi Central Ward|Infrastructure & Community Support|0.0|Ongoing|2024
LUS-CDF-240|PART THREE: MANAGEMENT OF THE CONSTITUENCY DEVELOPMENT FUND|Lusangazi Central Ward|Infrastructure & Community Support|0.0|Ongoing|2024
LUS-CDF-241|Local Government|Lusangazi Central Ward|Infrastructure & Community Support|0.0|Ongoing|2024
LUS-CDF-242|THE LOCAL GOVERNMENT ACT, 2019|Lusangazi Central Ward|Infrastructure & Community Support|0.0|Ongoing|2024
LUS-CDF-243|ARRANGEMENT OF SECTIONS|Lusangazi Central Ward|Infrastructure & Community Support|0.0|Ongoing|2024
LUS-CDF-244|ESTABLISHMENT AND CONSTITUTION OF COUNCILS|Lusangazi Central Ward|Infrastructure & Community Support|0.0|Ongoing|2024
LUS-CDF-245|Establishment of councils|Lusangazi Central Ward|Infrastructure & Community Support|0.0|Ongoing|2024
LUS-CDF-246|Changes affecting districts|Lusangazi Central Ward|Infrastructure & Community Support|0.0|Ongoing|2024
LUS-CDF-247|Incorporation of local authority|Lusangazi Central Ward|Infrastructure & Community Support|0.0|Ongoing|2024
LUS-CDF-248|Corporate name of council|Lusangazi Central Ward|Infrastructure & Community Support|0.0|Ongoing|2024
LUS-CDF-249|Functions of mayor or council chairperson|Lusangazi Central Ward|Infrastructure & Community Support|0.0|Ongoing|2024
LUS-CDF-250|Election of deputy mayor or deputy council chairperson|Lusangazi Central Ward|Infrastructure & Community Support|0.0|Ongoing|2024
LUS-CDF-251|Tenure of office of deputy mayor or deputy council|Lusangazi Central Ward|Infrastructure & Community Support|0.0|Ongoing|2024
LUS-CDF-252|Discharge of functions of mayor or council chairperson|Lusangazi Central Ward|Infrastructure & Community Support|0.0|Ongoing|2024
LUS-CDF-253|during vacancy or absence|Lusangazi Central Ward|Infrastructure & Community Support|0.0|Ongoing|2024
LUS-CDF-254|Validity of discharge of functions|Lusangazi Central Ward|Infrastructure & Community Support|0.0|Ongoing|2024
LUS-CDF-255|Meetings and proceedings of council|Lusangazi Central Ward|Infrastructure & Community Support|0.0|Ongoing|2024
LUS-CDF-256|Functions of local authority|Lusangazi Central Ward|Infrastructure & Community Support|0.0|Ongoing|2024
LUS-CDF-257|General provision with respect to discharge of functions|Lusangazi Central Ward|Infrastructure & Community Support|0.0|Ongoing|2024
LUS-CDF-258|Power of Minister to confer additional functions on local|Lusangazi Central Ward|Infrastructure & Community Support|0.0|Ongoing|2024
LUS-CDF-259|Single copies of this Act may be obtained from the Government Printer,|Lusangazi Central Ward|Infrastructure & Community Support|0.0|Ongoing|2024
LUS-CDF-260|P.O. Box 30136, 10101 Lusaka, Price K112.00 each.|Lusangazi Central Ward|Infrastructure & Community Support|0.0|Ongoing|2024
LUS-CDF-261|Local Government|Lusangazi Central Ward|Infrastructure & Community Support|0.0|Ongoing|2024
LUS-CDF-262|Acquisition of land|Lusangazi Central Ward|Infrastructure & Community Support|0.0|Ongoing|2024
LUS-CDF-263|Acceptance of gifts of property|Lusangazi Central Ward|Infrastructure & Community Support|0.0|Ongoing|2024
LUS-CDF-264|Disposal of property|Lusangazi Central Ward|Infrastructure & Community Support|0.0|Ongoing|2024
LUS-CDF-265|Grants and loans by local authority|Lusangazi Central Ward|Infrastructure & Community Support|0.0|Ongoing|2024
LUS-CDF-266|Imposition of levies|Lusangazi Central Ward|Infrastructure & Community Support|0.0|Ongoing|2024
LUS-CDF-267|Procedures and criteria for licensing|Lusangazi Central Ward|Infrastructure & Community Support|0.0|Ongoing|2024
LUS-CDF-268|Imposition of other fees and charges|Lusangazi Central Ward|Infrastructure & Community Support|0.0|Ongoing|2024
LUS-CDF-269|FUNCTIONS OF THE NATIONAL GOVERNMENT IN RELATION TO|Lusangazi Central Ward|Infrastructure & Community Support|0.0|Ongoing|2024
LUS-CDF-270|LOCAL GOVERNMENT|Lusangazi Central Ward|Infrastructure & Community Support|0.0|Ongoing|2024
LUS-CDF-271|LUSANGAZI TOWN COUNCIL|Lusangazi Central Ward|Infrastructure & Community Support|0.0|Ongoing|2024
LUS-CDF-272|Meeting Title: Community Stakeholder’s Engagement Meeting|Lusangazi Central Ward|Infrastructure & Community Support|0.0|Ongoing|2024
LUS-CDF-273|Date: TUESDAY, 30/09/2025|Lusangazi Central Ward|Infrastructure & Community Support|0.0|Ongoing|2024
LUS-CDF-274|Time: 10:28 – 14:20|Lusangazi Central Ward|Infrastructure & Community Support|0.0|Ongoing|2024
LUS-CDF-275|Location: Nyamphande Primary School Classroom, Nyamphande|Lusangazi Central Ward|Infrastructure & Community Support|0.0|Ongoing|2024
LUS-CDF-276|Facilitators: Mr. Timothy Banda, Mr. Mwankhongono-zao Roy Kaonga, Ms. Margaret Nachangwa, Mr.|Lusangazi Central Ward|Infrastructure & Community Support|0.0|Ongoing|2024
LUS-CDF-277|Bosswel Mbaimbai|Lusangazi Central Ward|Infrastructure & Community Support|0.0|Ongoing|2024
LUS-CDF-278|GENDER POSITION|Lusangazi Central Ward|Infrastructure & Community Support|0.0|Ongoing|2024
LUS-CDF-279|Wdc Vice Chairperson|Lusangazi Central Ward|Infrastructure & Community Support|0.0|Ongoing|2024
LUS-CDF-280|Community member|Lusangazi Central Ward|Infrastructure & Community Support|0.0|Ongoing|2024
LUS-CDF-281|Lutwazi Faith Based|Lusangazi Central Ward|Infrastructure & Community Support|0.0|Ongoing|2024
LUS-CDF-282|Wdc vice secretary|Lusangazi Central Ward|Infrastructure & Community Support|0.0|Ongoing|2024
LUS-CDF-283|District Commissioner|Lusangazi Central Ward|Infrastructure & Community Support|0.0|Ongoing|2024
LUS-CDF-284|District Administration|Lusangazi Central Ward|Infrastructure & Community Support|0.0|Ongoing|2024
LUS-CDF-285|Health Inspector|Lusangazi Central Ward|Infrastructure & Community Support|0.0|Ongoing|2024
LUS-CDF-286|Senior Health Inspector|Lusangazi Central Ward|Infrastructure & Community Support|0.0|Ongoing|2024
LUS-CDF-287|Ag. Council Secretary|Lusangazi Central Ward|Infrastructure & Community Support|0.0|Ongoing|2024
LUS-CDF-288|Ass. Community Dev.|Lusangazi Central Ward|Infrastructure & Community Support|0.0|Ongoing|2024
LUS-CDF-289|Bosswell Mbaimbai|Lusangazi Central Ward|Infrastructure & Community Support|0.0|Ongoing|2024
LUS-CDF-290|Rev. Seleta Banda|Lusangazi Central Ward|Infrastructure & Community Support|0.0|Ongoing|2024
LUS-CDF-291|Pentecostal Assemblies of God|Lusangazi Central Ward|Infrastructure & Community Support|0.0|Ongoing|2024
LUS-CDF-292|Mwambula Primary School|Lusangazi Central Ward|Infrastructure & Community Support|0.0|Ongoing|2024
LUS-CDF-293|District Messenger|Lusangazi Central Ward|Infrastructure & Community Support|0.0|Ongoing|2024
LUS-CDF-294|District Administration|Lusangazi Central Ward|Infrastructure & Community Support|0.0|Ongoing|2024
LUS-CDF-295|1) Call to order, introduction of meeting and Opening Prayer|Lusangazi Central Ward|Infrastructure & Community Support|0.0|Ongoing|2024
LUS-CDF-296|2) Introductions of everyone in the meeting|Lusangazi Central Ward|Infrastructure & Community Support|0.0|Ongoing|2024
LUS-CDF-297|3) Opening Remarks|Lusangazi Central Ward|Infrastructure & Community Support|0.0|Ongoing|2024
LUS-CDF-298|4) Presentation on Budgeting and Planning Framework|Lusangazi Central Ward|Infrastructure & Community Support|0.0|Ongoing|2024
LUS-CDF-299|5) Presentation on Budget Performance|Lusangazi Central Ward|Infrastructure & Community Support|0.0|Ongoing|2024
LUS-CDF-300|6) Presentation of Zambia Devolution Support Program parameters and available funding|Lusangazi Central Ward|Infrastructure & Community Support|0.0|Ongoing|2024
LUS-CDF-301|SECONDARY BOARDING SCHOOL BURSARY APPLICATION FORM|Lusangazi Central Ward|Infrastructure & Community Support|0.0|Ongoing|2024
LUS-CDF-302|REPUBLIC OF ZAMBIA|Lusangazi Central Ward|Infrastructure & Community Support|0.0|Ongoing|2024
LUS-CDF-303|CONSTITUENCY DEVELOPMENT FUND (CDF)|Lusangazi Central Ward|Infrastructure & Community Support|0.0|Ongoing|2024
LUS-CDF-304|SECONDARY BOARDING SCHOOL BURSARY APPLICATION FORM|Lusangazi Central Ward|Infrastructure & Community Support|0.0|Ongoing|2024
LUS-CDF-305|Instructions: This application form should be completed by the applicant and sent together with supp|Lusangazi Central Ward|Infrastructure & Community Support|0.0|Ongoing|2024
LUS-CDF-306|documents to the Chairperson, Ward Development Committee.|Lusangazi Central Ward|Infrastructure & Community Support|0.0|Ongoing|2024
LUS-CDF-307|NOTE: This form is not for sale.|Lusangazi Central Ward|Infrastructure & Community Support|0.0|Ongoing|2024
LUS-CDF-308|Disclaimer: Completion of the form does not guarantee the award of Secondary Boarding School Bursary|Lusangazi Central Ward|Infrastructure & Community Support|0.0|Ongoing|2024
LUS-CDF-309|Complete all Sections in Capital/Block Letters|Lusangazi Central Ward|Infrastructure & Community Support|0.0|Ongoing|2024
LUS-CDF-310|A. APPLICANT’S PERSONAL INFORMATION|Lusangazi Central Ward|Infrastructure & Community Support|0.0|Ongoing|2024
LUS-CDF-311|Surname: First Name: Other Names:|Lusangazi Central Ward|Infrastructure & Community Support|0.0|Ongoing|2024
LUS-CDF-312|_____________________ _________________ __________________|Lusangazi Central Ward|Infrastructure & Community Support|0.0|Ongoing|2024
LUS-CDF-313|Date of Birth: DD______ MM___________ YY______________|Lusangazi Central Ward|Infrastructure & Community Support|0.0|Ongoing|2024
LUS-CDF-314|(Attach birth certificate where Possible)|Lusangazi Central Ward|Infrastructure & Community Support|0.0|Ongoing|2024
LUS-CDF-315|Nationality: __________________________ NRC NO. (where applicable)_____________________|Lusangazi Central Ward|Infrastructure & Community Support|0.0|Ongoing|2024
LUS-CDF-316|Province:______________District:______________________Constituency:___________________|Lusangazi Central Ward|Infrastructure & Community Support|0.0|Ongoing|2024
LUS-CDF-317|Ward: ________________________ Village/Township: ____________________|Lusangazi Central Ward|Infrastructure & Community Support|0.0|Ongoing|2024
LUS-CDF-318|Do you have a disability/special need? Yes|Lusangazi Central Ward|Infrastructure & Community Support|0.0|Ongoing|2024
LUS-CDF-319|If yes, please Specify and attach relevant documentation|Lusangazi Central Ward|Infrastructure & Community Support|0.0|Ongoing|2024
LUS-CDF-320|________________________________________________________________________________|Lusangazi Central Ward|Infrastructure & Community Support|0.0|Ongoing|2024
LUS-CDF-321|________________________________________________________________________________|Lusangazi Central Ward|Infrastructure & Community Support|0.0|Ongoing|2024
LUS-CDF-322|B. SCHOOL DETAILS (where you are enrolled or have been accepted)|Lusangazi Central Ward|Infrastructure & Community Support|0.0|Ongoing|2024
LUS-CDF-323|(Attach a copy of an acceptance letter or confirmation letter from the school, this is a|Lusangazi Central Ward|Infrastructure & Community Support|0.0|Ongoing|2024
LUS-CDF-324|Name of School where you are enrolled or have been accepted____________________________|Lusangazi Central Ward|Infrastructure & Community Support|0.0|Ongoing|2024
LUS-CDF-325|Last School Attended_________________________________________________________|Lusangazi Central Ward|Infrastructure & Community Support|0.0|Ongoing|2024
LUS-CDF-326|Last Grade Attended_____________|Lusangazi Central Ward|Infrastructure & Community Support|0.0|Ongoing|2024
LUS-CDF-327|Are you/ where you a boarder? Yes_____ No ______|Lusangazi Central Ward|Infrastructure & Community Support|0.0|Ongoing|2024
LUS-CDF-328|Who has been paying your school fees______________________________________________|Lusangazi Central Ward|Infrastructure & Community Support|0.0|Ongoing|2024
LUS-CDF-329|Have you been supported by any organization? Yes _____ No _______|Lusangazi Central Ward|Infrastructure & Community Support|0.0|Ongoing|2024
LUS-CDF-330|(if yes kindly give details) __________________________________________________________|Lusangazi Central Ward|Infrastructure & Community Support|0.0|Ongoing|2024
LUS-CDF-331|Republic of Zambia|Lusangazi Central Ward|Infrastructure & Community Support|0.0|Ongoing|2024
LUS-CDF-332|OFFICE OF THE PRESIDENT|Lusangazi Central Ward|Infrastructure & Community Support|0.0|Ongoing|2024
LUS-CDF-333|DECENTRALISATION POLICY|Lusangazi Central Ward|Infrastructure & Community Support|0.0|Ongoing|2024
LUS-CDF-334|“Realising Local Development through Citizen Participation”|Lusangazi Central Ward|Infrastructure & Community Support|0.0|Ongoing|2024
LUS-CDF-335|OFFICE OF THE PRESIDENT|Lusangazi Central Ward|Infrastructure & Community Support|0.0|Ongoing|2024
LUS-CDF-336|Ofﬁce of the President|Lusangazi Central Ward|Infrastructure & Community Support|0.0|Ongoing|2024
LUS-CDF-337|Realising Local Development through Citizen Participation|Lusangazi Central Ward|Infrastructure & Community Support|0.0|Ongoing|2024
LUS-CDF-338|DECENTRALISATION POLICY|Lusangazi Central Ward|Infrastructure & Community Support|0.0|Ongoing|2024
LUS-CDF-339|iv The National Decentralization Policy|Lusangazi Central Ward|Infrastructure & Community Support|0.0|Ongoing|2024
LUS-CDF-340|Republic of Zambia|Lusangazi Central Ward|Infrastructure & Community Support|0.0|Ongoing|2024
LUS-CDF-341|The National Decentralisation Policy in Zambia is premised on our aspiration|Lusangazi Central Ward|Infrastructure & Community Support|0.0|Ongoing|2024
LUS-CDF-342|to attain the status of a prosperous middle-income nation by 2030. Through|Lusangazi Central Ward|Infrastructure & Community Support|0.0|Ongoing|2024
LUS-CDF-343|this revised Policy, the Government envisions “Citizen-driven local governance|Lusangazi Central Ward|Infrastructure & Community Support|0.0|Ongoing|2024
LUS-CDF-344|within a unitary State for sustainable development”. Citizen and community|Lusangazi Central Ward|Infrastructure & Community Support|0.0|Ongoing|2024
LUS-CDF-345|participation in local governance is a key pillar for our country’s socio-economic|Lusangazi Central Ward|Infrastructure & Community Support|0.0|Ongoing|2024
LUS-CDF-346|transformation agenda.|Lusangazi Central Ward|Infrastructure & Community Support|0.0|Ongoing|2024
LUS-CDF-347|The National Decentralisation Policy was last reviewed in 2013. Since then,|Lusangazi Central Ward|Infrastructure & Community Support|0.0|Ongoing|2024
LUS-CDF-348|a number of developments have taken place that have also necessitated the|Lusangazi Central Ward|Infrastructure & Community Support|0.0|Ongoing|2024
LUS-CDF-349|revision of the 2013 Policy. Among the developments, are the amendment of the|Lusangazi Central Ward|Infrastructure & Community Support|0.0|Ongoing|2024
LUS-CDF-350|Constitution of Zambia in 2016 and the enhancement of community participation|Lusangazi Central Ward|Infrastructure & Community Support|0.0|Ongoing|2024
LUS-CDF-351|in local development in 2022.|Lusangazi Central Ward|Infrastructure & Community Support|0.0|Ongoing|2024
LUS-CDF-352|This Policy, therefore, provides a clear strategic direction for the implementation|Lusangazi Central Ward|Infrastructure & Community Support|0.0|Ongoing|2024
LUS-CDF-353|of decentralisation in Zambia. It prioritises community engagement,|Lusangazi Central Ward|Infrastructure & Community Support|0.0|Ongoing|2024
LUS-CDF-354|citizen-driven local development and inclusiveness in the implementation|Lusangazi Central Ward|Infrastructure & Community Support|0.0|Ongoing|2024
LUS-CDF-355|of programmes. Further, the Policy empowers the citizens to hold their|Lusangazi Central Ward|Infrastructure & Community Support|0.0|Ongoing|2024
LUS-CDF-356|representatives accountable for service delivery and local development.|Lusangazi Central Ward|Infrastructure & Community Support|0.0|Ongoing|2024
LUS-CDF-357|Additionally, the Policy prioritises the strengthening of subnational institutions,|Lusangazi Central Ward|Infrastructure & Community Support|0.0|Ongoing|2024
LUS-CDF-358|and the improvement of relationships at all levels of governance.|Lusangazi Central Ward|Infrastructure & Community Support|0.0|Ongoing|2024
LUS-CDF-359|This National Decentralisation Policy endeavours to build on the successes of|Lusangazi Central Ward|Infrastructure & Community Support|0.0|Ongoing|2024
LUS-CDF-360|past implementation and seeks to address previous implementation challenges.|Lusangazi Central Ward|Infrastructure & Community Support|0.0|Ongoing|2024
LUS-CDF-361|PROPOSED PROJECTS BY WDCs|Lusangazi Central Ward|Infrastructure & Community Support|0.0|Ongoing|2024
LUS-CDF-362|COMMUNITY PROJECTS FOR 2024|Lusangazi Central Ward|Infrastructure & Community Support|0.0|Ongoing|2024
LUS-CDF-363|JUSTIFICATION FOR NOT|Lusangazi Central Ward|Infrastructure & Community Support|0.0|Ongoing|2024
LUS-CDF-364|Drilling of borehole at Masosi village|Lusangazi Central Ward|Infrastructure & Community Support|0.0|Ongoing|2024
LUS-CDF-365|Water and Sanitation Due to inadequate funds|Lusangazi Central Ward|Infrastructure & Community Support|0.0|Ongoing|2024
LUS-CDF-366|the CDFC decided to vary|Lusangazi Central Ward|Infrastructure & Community Support|0.0|Ongoing|2024
LUS-CDF-367|funds to procure earth|Lusangazi Central Ward|Infrastructure & Community Support|0.0|Ongoing|2024
LUS-CDF-368|moving equipment.|Lusangazi Central Ward|Infrastructure & Community Support|0.0|Ongoing|2024
LUS-CDF-369|Drilling of borehole at mzaleka village|Lusangazi Central Ward|Infrastructure & Community Support|0.0|Ongoing|2024
LUS-CDF-370|Water and Sanitation Due to inadequate funds|Lusangazi Central Ward|Infrastructure & Community Support|0.0|Ongoing|2024
LUS-CDF-371|the CDFC decided to vary|Lusangazi Central Ward|Infrastructure & Community Support|0.0|Ongoing|2024
LUS-CDF-372|funds to procure earth|Lusangazi Central Ward|Infrastructure & Community Support|0.0|Ongoing|2024
LUS-CDF-373|moving equipment.|Lusangazi Central Ward|Infrastructure & Community Support|0.0|Ongoing|2024
LUS-CDF-374|Construction of a health post clinic at|Lusangazi Central Ward|Infrastructure & Community Support|0.0|Ongoing|2024
LUS-CDF-375|Due to inadequate funds|Lusangazi Central Ward|Infrastructure & Community Support|0.0|Ongoing|2024
LUS-CDF-376|the CDFC decided to vary|Lusangazi Central Ward|Infrastructure & Community Support|0.0|Ongoing|2024
LUS-CDF-377|funds to procure earth|Lusangazi Central Ward|Infrastructure & Community Support|0.0|Ongoing|2024
LUS-CDF-378|moving equipment.|Lusangazi Central Ward|Infrastructure & Community Support|0.0|Ongoing|2024
LUS-CDF-379|Construction of a 1x3 classroom block|Lusangazi Central Ward|Infrastructure & Community Support|0.0|Ongoing|2024
LUS-CDF-380|for early childhood education at Ray|Lusangazi Central Ward|Infrastructure & Community Support|0.0|Ongoing|2024
LUS-CDF-381|Due to inadequate funds|Lusangazi Central Ward|Infrastructure & Community Support|0.0|Ongoing|2024
LUS-CDF-382|the CDFC decided to vary|Lusangazi Central Ward|Infrastructure & Community Support|0.0|Ongoing|2024
LUS-CDF-383|funds to procure earth|Lusangazi Central Ward|Infrastructure & Community Support|0.0|Ongoing|2024
LUS-CDF-384|moving equipment.|Lusangazi Central Ward|Infrastructure & Community Support|0.0|Ongoing|2024
LUS-CDF-385|Construction of 1x3 classroom block at|Lusangazi Central Ward|Infrastructure & Community Support|0.0|Ongoing|2024
LUS-CDF-386|Due to inadequate funds|Lusangazi Central Ward|Infrastructure & Community Support|0.0|Ongoing|2024
LUS-CDF-387|the CDFC decided to vary|Lusangazi Central Ward|Infrastructure & Community Support|0.0|Ongoing|2024
LUS-CDF-388|funds to procure earth|Lusangazi Central Ward|Infrastructure & Community Support|0.0|Ongoing|2024
LUS-CDF-389|moving equipment|Lusangazi Central Ward|Infrastructure & Community Support|0.0|Ongoing|2024
LUS-CDF-390|Drilling of borehole at Jere village|Lusangazi Central Ward|Infrastructure & Community Support|0.0|Ongoing|2024
LUS-CDF-391|APPENDIX D. APPLICATION/PROPOSAL FORM FOR YOUTH, WOMEN AND COMMUNITY|Lusangazi Central Ward|Infrastructure & Community Support|0.0|Ongoing|2024
LUS-CDF-392|EMPOWERMENT PROJECTS|Lusangazi Central Ward|Infrastructure & Community Support|0.0|Ongoing|2024
LUS-CDF-393|CONSTITUENCY DEVELOPMENT FUND (CDF) GRANT|Lusangazi Central Ward|Infrastructure & Community Support|0.0|Ongoing|2024
LUS-CDF-394|APPLICATION FORM FOR YOUTH, WOMEN AND COMMUNITY|Lusangazi Central Ward|Infrastructure & Community Support|0.0|Ongoing|2024
LUS-CDF-395|Instructions: This application form should be completed by the applicant and sent together with supp|Lusangazi Central Ward|Infrastructure & Community Support|0.0|Ongoing|2024
LUS-CDF-396|documents to the Chairperson, Ward Development Committee.|Lusangazi Central Ward|Infrastructure & Community Support|0.0|Ongoing|2024
LUS-CDF-397|NOTE: This form is not for sale.|Lusangazi Central Ward|Infrastructure & Community Support|0.0|Ongoing|2024
LUS-CDF-398|Disclaimer: Completion of the form does not guarantee the award of the Grant|Lusangazi Central Ward|Infrastructure & Community Support|0.0|Ongoing|2024
LUS-CDF-399|Project identification Number|Lusangazi Central Ward|Infrastructure & Community Support|0.0|Ongoing|2024
LUS-CDF-400|(for official use only)|Lusangazi Central Ward|Infrastructure & Community Support|0.0|Ongoing|2024
LUS-CDF-401|YE/Zone/Ward Code Number|Lusangazi Central Ward|Infrastructure & Community Support|0.0|Ongoing|2024
LUS-CDF-402|WE/Zone/Ward Code Number|Lusangazi Central Ward|Infrastructure & Community Support|0.0|Ongoing|2024
LUS-CDF-403|CE/Zone/Ward Code Number|Lusangazi Central Ward|Infrastructure & Community Support|0.0|Ongoing|2024
LUS-CDF-404|Seed money to Cooperatives, Clubs and Organised Groups to support Community|Lusangazi Central Ward|Infrastructure & Community Support|0.0|Ongoing|2024
LUS-CDF-405|Savings Groups (e.g. Village Banking and Chilimba)|Lusangazi Central Ward|Infrastructure & Community Support|0.0|Ongoing|2024
LUS-CDF-406|Grant Type: ………………………………………………..|Lusangazi Central Ward|Infrastructure & Community Support|0.0|Ongoing|2024
LUS-CDF-407|Grant Amount (ZMW)|Lusangazi Central Ward|Infrastructure & Community Support|0.0|Ongoing|2024
LUS-CDF-408|Date of Application|Lusangazi Central Ward|Infrastructure & Community Support|0.0|Ongoing|2024
LUS-CDF-409|Section A. General Details (To be filled by the applicant)|Lusangazi Central Ward|Infrastructure & Community Support|0.0|Ongoing|2024
LUS-CDF-410|1. Name of Club/Organised Group/Enterprise/Cooperative making|Lusangazi Central Ward|Infrastructure & Community Support|0.0|Ongoing|2024
LUS-CDF-411|application………………………………………………........................|Lusangazi Central Ward|Infrastructure & Community Support|0.0|Ongoing|2024
LUS-CDF-412|2. Project Location:|Lusangazi Central Ward|Infrastructure & Community Support|0.0|Ongoing|2024
LUS-CDF-413|(a) Name of District…………………………………………|Lusangazi Central Ward|Infrastructure & Community Support|0.0|Ongoing|2024
LUS-CDF-414|(b) Name of Constituency: …………………………………|Lusangazi Central Ward|Infrastructure & Community Support|0.0|Ongoing|2024
LUS-CDF-415|(c) Name of Ward ………………………………………….|Lusangazi Central Ward|Infrastructure & Community Support|0.0|Ongoing|2024
LUS-CDF-416|(d) Name of Zone …………………………………………………………….|Lusangazi Central Ward|Infrastructure & Community Support|0.0|Ongoing|2024
LUS-CDF-417|(e) Business Physical Address……………………………………………|Lusangazi Central Ward|Infrastructure & Community Support|0.0|Ongoing|2024
LUS-CDF-418|3. Date when Club/Organised Group/Enterprise/Cooperative was registered with|Lusangazi Central Ward|Infrastructure & Community Support|0.0|Ongoing|2024
LUS-CDF-419|relevant authorities………………………………………………………………|Lusangazi Central Ward|Infrastructure & Community Support|0.0|Ongoing|2024
LUS-CDF-420|4. Does the Club/Organised Group/Enterprise/Cooperative have any experience in a|Lusangazi Central Ward|Infrastructure & Community Support|0.0|Ongoing|2024
LUS-CDF-421|LUSANGAZI TOWN COUNCIL|Lusangazi Central Ward|Infrastructure & Community Support|0.0|Ongoing|2024
LUS-CDF-422|Meeting Title: Business Stakeholder’s Engagement Meeting with traders and other business entities|Lusangazi Central Ward|Infrastructure & Community Support|0.0|Ongoing|2024
LUS-CDF-423|Date: Wednesday, 13/11/2024|Lusangazi Central Ward|Infrastructure & Community Support|0.0|Ongoing|2024
LUS-CDF-424|Time: 11:48 – 13:29|Lusangazi Central Ward|Infrastructure & Community Support|0.0|Ongoing|2024
LUS-CDF-425|Location: Nyamphande trading area|Lusangazi Central Ward|Infrastructure & Community Support|0.0|Ongoing|2024
LUS-CDF-426|Facilitators: Mr. Anthony Makaliki, Mr. Mwankhongono-zao Roy Kaonga, Leya Nyirenda|Lusangazi Central Ward|Infrastructure & Community Support|0.0|Ongoing|2024
LUS-CDF-427|01. Desmond Nkhata M|Lusangazi Central Ward|Infrastructure & Community Support|0.0|Ongoing|2024
LUS-CDF-428|Senior Legal Officer|Lusangazi Central Ward|Infrastructure & Community Support|0.0|Ongoing|2024
LUS-CDF-429|02. Kaonga Roy.M|Lusangazi Central Ward|Infrastructure & Community Support|0.0|Ongoing|2024
LUS-CDF-430|Senior Health Inspector|Lusangazi Central Ward|Infrastructure & Community Support|0.0|Ongoing|2024
LUS-CDF-431|03. Elizabeth Mvula|Lusangazi Central Ward|Infrastructure & Community Support|0.0|Ongoing|2024
LUS-CDF-432|Vice chairperson|Lusangazi Central Ward|Infrastructure & Community Support|0.0|Ongoing|2024
LUS-CDF-433|Nyamphande Market|Lusangazi Central Ward|Infrastructure & Community Support|0.0|Ongoing|2024
LUS-CDF-434|04. Akilina Banda|Lusangazi Central Ward|Infrastructure & Community Support|0.0|Ongoing|2024
LUS-CDF-435|Vegetable Trader|Lusangazi Central Ward|Infrastructure & Community Support|0.0|Ongoing|2024
LUS-CDF-436|Nyamphande Market|Lusangazi Central Ward|Infrastructure & Community Support|0.0|Ongoing|2024
LUS-CDF-437|05. Esnart Daka|Lusangazi Central Ward|Infrastructure & Community Support|0.0|Ongoing|2024
LUS-CDF-438|Vegetable Trader|Lusangazi Central Ward|Infrastructure & Community Support|0.0|Ongoing|2024
LUS-CDF-439|Nyamphande Market|Lusangazi Central Ward|Infrastructure & Community Support|0.0|Ongoing|2024
LUS-CDF-440|06. Nelly Mvula|Lusangazi Central Ward|Infrastructure & Community Support|0.0|Ongoing|2024
LUS-CDF-441|Grocery Store Trader|Lusangazi Central Ward|Infrastructure & Community Support|0.0|Ongoing|2024
LUS-CDF-442|Nyamphande Market|Lusangazi Central Ward|Infrastructure & Community Support|0.0|Ongoing|2024
LUS-CDF-443|07. Faides Mumba|Lusangazi Central Ward|Infrastructure & Community Support|0.0|Ongoing|2024
LUS-CDF-444|Cooking Oil Trader|Lusangazi Central Ward|Infrastructure & Community Support|0.0|Ongoing|2024
LUS-CDF-445|Nyamphande Market|Lusangazi Central Ward|Infrastructure & Community Support|0.0|Ongoing|2024
LUS-CDF-446|08. Aliness Lungu|Lusangazi Central Ward|Infrastructure & Community Support|0.0|Ongoing|2024
LUS-CDF-447|Confectionery Sales (Buns)|Lusangazi Central Ward|Infrastructure & Community Support|0.0|Ongoing|2024
LUS-CDF-448|Nyamphande Market|Lusangazi Central Ward|Infrastructure & Community Support|0.0|Ongoing|2024
LUS-CDF-449|09. Monica Zulu|Lusangazi Central Ward|Infrastructure & Community Support|0.0|Ongoing|2024
LUS-CDF-450|Grocery Store Trader|Lusangazi Central Ward|Infrastructure & Community Support|0.0|Ongoing|2024
LUS-CDF-451|LUSANGAZI TOWN COUNCIL|Lusangazi Central Ward|Infrastructure & Community Support|0.0|Ongoing|2024
LUS-CDF-452|STAKEHOLDER ENGAGEMENT PLAN|Lusangazi Central Ward|Infrastructure & Community Support|0.0|Ongoing|2024
LUS-CDF-453|Table of Content|Lusangazi Central Ward|Infrastructure & Community Support|0.0|Ongoing|2024
LUS-CDF-454|1.0 Introduction ...................................................................................|Lusangazi Central Ward|Infrastructure & Community Support|0.0|Ongoing|2024
LUS-CDF-455|2.0 Purpose of the Plan.............................................................................|Lusangazi Central Ward|Infrastructure & Community Support|0.0|Ongoing|2024
LUS-CDF-456|3.0 Stakeholder Identification .....................................................................|Lusangazi Central Ward|Infrastructure & Community Support|0.0|Ongoing|2024
LUS-CDF-457|4.0 Engagement Methods .............................................................................|Lusangazi Central Ward|Infrastructure & Community Support|0.0|Ongoing|2024
LUS-CDF-458|5.0 Quarterly Engagement Activities ................................................................|Lusangazi Central Ward|Infrastructure & Community Support|0.0|Ongoing|2024
LUS-CDF-459|5.1 First Quarter (January to March) ...............................................................|Lusangazi Central Ward|Infrastructure & Community Support|0.0|Ongoing|2024
LUS-CDF-460|5.2 Second Quarter (April to June) .................................................................|Lusangazi Central Ward|Infrastructure & Community Support|0.0|Ongoing|2024
LUS-CDF-461|5.3 Third Quarter (July to September) ..............................................................|Lusangazi Central Ward|Infrastructure & Community Support|0.0|Ongoing|2024
LUS-CDF-462|5.4 Fourth Quarter (October to December) ...........................................................|Lusangazi Central Ward|Infrastructure & Community Support|0.0|Ongoing|2024
LUS-CDF-463|6.0 Stakeholder Analysis ...........................................................................|Lusangazi Central Ward|Infrastructure & Community Support|0.0|Ongoing|2024
LUS-CDF-464|7.0 Implementation timelines .......................................................................|Lusangazi Central Ward|Infrastructure & Community Support|0.0|Ongoing|2024
LUS-CDF-465|8.0 Sources of Resources ...........................................................................|Lusangazi Central Ward|Infrastructure & Community Support|0.0|Ongoing|2024
LUS-CDF-466|9.0 Monitoring and Evaluation ......................................................................|Lusangazi Central Ward|Infrastructure & Community Support|0.0|Ongoing|2024
LUS-CDF-467|10.0 Conclusion.....................................................................................|Lusangazi Central Ward|Infrastructure & Community Support|0.0|Ongoing|2024
LUS-CDF-468|1.0 Introduction|Lusangazi Central Ward|Infrastructure & Community Support|0.0|Ongoing|2024
LUS-CDF-469|This Stakeholder Engagement Plan (SEP) sets out the approach to communicating, consulting and|Lusangazi Central Ward|Infrastructure & Community Support|0.0|Ongoing|2024
LUS-CDF-470|partnering with stakeholders for effective service delivery, sustainable development and transparent|Lusangazi Central Ward|Infrastructure & Community Support|0.0|Ongoing|2024
LUS-CDF-471|governance. The plan strives to build a system of engagement on Constituency Development Fund (CDF)|Lusangazi Central Ward|Infrastructure & Community Support|0.0|Ongoing|2024
LUS-CDF-472|projects, local economic development and council financial planning/budget processes as well as any|Lusangazi Central Ward|Infrastructure & Community Support|0.0|Ongoing|2024
LUS-CDF-473|developmental agendas in Lusangazi district. The annual plan is be living to speak to the realities|Lusangazi Central Ward|Infrastructure & Community Support|0.0|Ongoing|2024
LUS-CDF-474|engagement and dynamics of the district.|Lusangazi Central Ward|Infrastructure & Community Support|0.0|Ongoing|2024
LUS-CDF-475|2.0 Purpose of the Plan|Lusangazi Central Ward|Infrastructure & Community Support|0.0|Ongoing|2024
LUS-CDF-476|The purpose of this document is to have a structured way of engaging with the citizens of Lusangazi|Lusangazi Central Ward|Infrastructure & Community Support|0.0|Ongoing|2024
LUS-CDF-477|in the course of 2026 on the various developmental activities that will be taking place and the best|Lusangazi Central Ward|Infrastructure & Community Support|0.0|Ongoing|2024
LUS-CDF-478|approaches to have a well-informed citizenship.|Lusangazi Central Ward|Infrastructure & Community Support|0.0|Ongoing|2024
LUS-CDF-479|3.0 Stakeholder Identification|Lusangazi Central Ward|Infrastructure & Community Support|0.0|Ongoing|2024
LUS-CDF-480|2. Headmen and traditional leaders|Lusangazi Central Ward|Infrastructure & Community Support|0.0|Ongoing|2024
LUS-CDF-481|Environmental Management [No. 12 of 2011 87|Lusangazi Central Ward|Infrastructure & Community Support|0.0|Ongoing|2024
LUS-CDF-482|THE ENVIRONMENTAL MANAGEMENT ACT, 2011|Lusangazi Central Ward|Infrastructure & Community Support|0.0|Ongoing|2024
LUS-CDF-483|Arrangement of Sections|Lusangazi Central Ward|Infrastructure & Community Support|0.0|Ongoing|2024
LUS-CDF-484|1. Short title|Lusangazi Central Ward|Infrastructure & Community Support|0.0|Ongoing|2024
LUS-CDF-485|2. Interpretation|Lusangazi Central Ward|Infrastructure & Community Support|0.0|Ongoing|2024
LUS-CDF-486|3. Superiority of Act|Lusangazi Central Ward|Infrastructure & Community Support|0.0|Ongoing|2024
LUS-CDF-487|4. Right to clean, safe and healthy environment|Lusangazi Central Ward|Infrastructure & Community Support|0.0|Ongoing|2024
LUS-CDF-488|5. Duty to protect environment|Lusangazi Central Ward|Infrastructure & Community Support|0.0|Ongoing|2024
LUS-CDF-489|6. Principles governing environmental management|Lusangazi Central Ward|Infrastructure & Community Support|0.0|Ongoing|2024
LUS-CDF-490|The Zambia Environmental Management Agency|Lusangazi Central Ward|Infrastructure & Community Support|0.0|Ongoing|2024
LUS-CDF-491|7. Continuation and re-naming of Council|Lusangazi Central Ward|Infrastructure & Community Support|0.0|Ongoing|2024
LUS-CDF-492|8. Seal of Agency|Lusangazi Central Ward|Infrastructure & Community Support|0.0|Ongoing|2024
LUS-CDF-493|9. Functions of Agency|Lusangazi Central Ward|Infrastructure & Community Support|0.0|Ongoing|2024
LUS-CDF-494|10. Appropriate authority|Lusangazi Central Ward|Infrastructure & Community Support|0.0|Ongoing|2024
LUS-CDF-495|11. Board of Agency|Lusangazi Central Ward|Infrastructure & Community Support|0.0|Ongoing|2024
LUS-CDF-496|12. Functions of Board|Lusangazi Central Ward|Infrastructure & Community Support|0.0|Ongoing|2024
LUS-CDF-497|13. Director-General, Secretary and other staff|Lusangazi Central Ward|Infrastructure & Community Support|0.0|Ongoing|2024
LUS-CDF-498|15. Powers of inspectors|Lusangazi Central Ward|Infrastructure & Community Support|0.0|Ongoing|2024
LUS-CDF-499|16. Powers of arrest|Lusangazi Central Ward|Infrastructure & Community Support|0.0|Ongoing|2024
LUS-CDF-500|17. Honorary inspectors|Lusangazi Central Ward|Infrastructure & Community Support|0.0|Ongoing|2024
LUS-CDF-501|18. Appointment of prosecutors|Lusangazi Central Ward|Infrastructure & Community Support|0.0|Ongoing|2024
LUS-CDF-502|19. Immunity of inspectors|Lusangazi Central Ward|Infrastructure & Community Support|0.0|Ongoing|2024
LUS-CDF-503|Single Copies of this Act may be obtained from the Government Printer,|Lusangazi Central Ward|Infrastructure & Community Support|0.0|Ongoing|2024
LUS-CDF-504|P.O. Box 30136, Lusaka 10101. Price K46,500 each|Lusangazi Central Ward|Infrastructure & Community Support|0.0|Ongoing|2024
LUS-CDF-505|Integrated Environmental Management|Lusangazi Central Ward|Infrastructure & Community Support|0.0|Ongoing|2024
LUS-CDF-506|20. State of Environment Report|Lusangazi Central Ward|Infrastructure & Community Support|0.0|Ongoing|2024
LUS-CDF-507|21. National Environmental Action Plan|Lusangazi Central Ward|Infrastructure & Community Support|0.0|Ongoing|2024
LUS-CDF-508|22. Environmental management strategies|Lusangazi Central Ward|Infrastructure & Community Support|0.0|Ongoing|2024
LUS-CDF-509|23. Strategic environmental assessment|Lusangazi Central Ward|Infrastructure & Community Support|0.0|Ongoing|2024
LUS-CDF-510|24. Environmentally Protected Areas|Lusangazi Central Ward|Infrastructure & Community Support|0.0|Ongoing|2024
LUS-CDF-511|Minister of Local Government and Rural Development, Hon. Garry Nkhombo disbursed the funds to the cl|Lusangazi Central Ward|Infrastructure & Community Support|0.0|Ongoing|2024
LUS-CDF-512|and cooperatives in Sandwe and Nyamphande Chiefdoms of Lusangazi district.|Lusangazi Central Ward|Infrastructure & Community Support|0.0|Ongoing|2024
LUS-CDF-513|And speaking during the hand over ceremony, HON. Nkhombo stated that Government was at hand to|Lusangazi Central Ward|Infrastructure & Community Support|0.0|Ongoing|2024
LUS-CDF-514|achieve the most needed developmental agendas in the country including rural areas hence the increas|Lusangazi Central Ward|Infrastructure & Community Support|0.0|Ongoing|2024
LUS-CDF-515|amount of the Constituency Development Fund to K 28. 3 Million from the previous K1.6 million, the i|Lusangazi Central Ward|Infrastructure & Community Support|0.0|Ongoing|2024
LUS-CDF-516|of free education policy and skills development support among others and added that education was k|Lusangazi Central Ward|Infrastructure & Community Support|0.0|Ongoing|2024
LUS-CDF-517|National Development and that was the more reason Government saw it fit to introduce free education|Lusangazi Central Ward|Infrastructure & Community Support|0.0|Ongoing|2024
LUS-CDF-518|support youths with skills development so that every Zambian may have access to education and be sel|Lusangazi Central Ward|Infrastructure & Community Support|0.0|Ongoing|2024
LUS-CDF-519|Hon. Elias Daka , area Member of Parliament for Msanzala Constituency, thanked Government for the ti|Lusangazi Central Ward|Infrastructure & Community Support|0.0|Ongoing|2024
LUS-CDF-520|disbursement of phase one CDF as this was a clear demonstration of bringing development to rural are|Lusangazi Central Ward|Infrastructure & Community Support|0.0|Ongoing|2024
LUS-CDF-521|Meanwhile, speaking at the same function, Chief Sandwe and Chief Nyamphande of the Nsenga speaking|Lusangazi Central Ward|Infrastructure & Community Support|0.0|Ongoing|2024
LUS-CDF-522|people of Lusangazi District urged the beneficiaries not to misuse the funds but put them to good us|Lusangazi Central Ward|Infrastructure & Community Support|0.0|Ongoing|2024
LUS-CDF-523|they generate income and contribute towards the improvement of the Country’s economy.|Lusangazi Central Ward|Infrastructure & Community Support|0.0|Ongoing|2024
LUS-CDF-524|GOVERNMENT DISBURSED K1,956,000.00 CONSTITUENCY DEVELOPMENT FUND TO 326 YOUTH|Lusangazi Central Ward|Infrastructure & Community Support|0.0|Ongoing|2024
LUS-CDF-525|AND WOMEN’S CLUBS, AND CORPORATIVES IN MSANZALA CONSTITUENCY OF LUSANGAZI|Lusangazi Central Ward|Infrastructure & Community Support|0.0|Ongoing|2024
LUS-CDF-526|COMMUNITY MEMBERS–|Lusangazi Central Ward|Infrastructure & Community Support|0.0|Ongoing|2024
LUS-CDF-527|beneficiaries of the CDF Grants|Lusangazi Central Ward|Infrastructure & Community Support|0.0|Ongoing|2024
LUS-CDF-528|Hon Minister of Local Government and|Lusangazi Central Ward|Infrastructure & Community Support|0.0|Ongoing|2024
LUS-CDF-529|Rural Development, Gary Nkhombo|Lusangazi Central Ward|Infrastructure & Community Support|0.0|Ongoing|2024
LUS-CDF-530|LUSANGAZI TOWN COUNCIL|Lusangazi Central Ward|Infrastructure & Community Support|0.0|Ongoing|2024
LUS-CDF-531|LUSANGAZI TOWN COUNCIL|Lusangazi Central Ward|Infrastructure & Community Support|0.0|Ongoing|2024
LUS-CDF-532|2021-2023 MSANZALA CONSTITUENCY|Lusangazi Central Ward|Infrastructure & Community Support|0.0|Ongoing|2024
LUS-CDF-533|DEVELOPMENT FUND PROJECTS AND ACTIVITIES|Lusangazi Central Ward|Infrastructure & Community Support|0.0|Ongoing|2024
LUS-CDF-534|The Traditional leaders thanked Government for decentralizing the utilisation of CDF as evidenced|Lusangazi Central Ward|Infrastructure & Community Support|0.0|Ongoing|2024
LUS-CDF-535|by the disbursement of the funds.|Lusangazi Central Ward|Infrastructure & Community Support|0.0|Ongoing|2024
LUS-CDF-536|Some Members of cooperatives who benefitted from|Lusangazi Central Ward|Infrastructure & Community Support|0.0|Ongoing|2024
LUS-CDF-537|the 2022 CDF Grant|Lusangazi Central Ward|Infrastructure & Community Support|0.0|Ongoing|2024
LUS-CDF-538|VICE CHAIRPERSON, COUNCIL SECRETARY &|Lusangazi Central Ward|Infrastructure & Community Support|0.0|Ongoing|2024
LUS-CDF-539|CDFC CHAIRPERSON|Lusangazi Central Ward|Infrastructure & Community Support|0.0|Ongoing|2024
LUS-CDF-540|Welcome to the First Edition of|Lusangazi Central Ward|Infrastructure & Community Support|0.0|Ongoing|2024
LUS-CDF-541|PROPOSED COMMUNITY PROJECTS|Lusangazi Central Ward|Infrastructure & Community Support|0.0|Ongoing|2024
LUS-CDF-542|JUSTIFICATION FOR NOT BEING|Lusangazi Central Ward|Infrastructure & Community Support|0.0|Ongoing|2024
LUS-CDF-543|Construction of a 1x3 CRB|Lusangazi Central Ward|Infrastructure & Community Support|0.0|Ongoing|2024
LUS-CDF-544|and Staff house at|Lusangazi Central Ward|Infrastructure & Community Support|0.0|Ongoing|2024
LUS-CDF-545|Songovwa Primary School|Lusangazi Central Ward|Infrastructure & Community Support|0.0|Ongoing|2024
LUS-CDF-546|The zone has had a project done|Lusangazi Central Ward|Infrastructure & Community Support|0.0|Ongoing|2024
LUS-CDF-547|in the recently, therefore it was not|Lusangazi Central Ward|Infrastructure & Community Support|0.0|Ongoing|2024
LUS-CDF-548|committee/inadequate funding|Lusangazi Central Ward|Infrastructure & Community Support|0.0|Ongoing|2024
LUS-CDF-549|Drilling of a Solar|Lusangazi Central Ward|Infrastructure & Community Support|0.0|Ongoing|2024
LUS-CDF-550|Powered Borehole at|Lusangazi Central Ward|Infrastructure & Community Support|0.0|Ongoing|2024
LUS-CDF-551|The zone has had a project done|Lusangazi Central Ward|Infrastructure & Community Support|0.0|Ongoing|2024
LUS-CDF-552|in the recently, therefore it was not|Lusangazi Central Ward|Infrastructure & Community Support|0.0|Ongoing|2024
LUS-CDF-553|committee/inadequate funding|Lusangazi Central Ward|Infrastructure & Community Support|0.0|Ongoing|2024
LUS-CDF-554|Construction of a 1 x 3|Lusangazi Central Ward|Infrastructure & Community Support|0.0|Ongoing|2024
LUS-CDF-555|Classroom Block at|Lusangazi Central Ward|Infrastructure & Community Support|0.0|Ongoing|2024
LUS-CDF-556|Kasangazi Primary School|Lusangazi Central Ward|Infrastructure & Community Support|0.0|Ongoing|2024
LUS-CDF-557|The zone has had a project done|Lusangazi Central Ward|Infrastructure & Community Support|0.0|Ongoing|2024
LUS-CDF-558|in the recently, therefore it was not|Lusangazi Central Ward|Infrastructure & Community Support|0.0|Ongoing|2024
LUS-CDF-559|committee/inadequate funding|Lusangazi Central Ward|Infrastructure & Community Support|0.0|Ongoing|2024
LUS-CDF-560|Sandwe Local Court|Lusangazi Central Ward|Infrastructure & Community Support|0.0|Ongoing|2024
LUS-CDF-561|Construction of a Local|Lusangazi Central Ward|Infrastructure & Community Support|0.0|Ongoing|2024
LUS-CDF-562|The project was not aligned in the|Lusangazi Central Ward|Infrastructure & Community Support|0.0|Ongoing|2024
LUS-CDF-563|planning document (IDP).|Lusangazi Central Ward|Infrastructure & Community Support|0.0|Ongoing|2024
LUS-CDF-564|Sandwe Local Court|Lusangazi Central Ward|Infrastructure & Community Support|0.0|Ongoing|2024
LUS-CDF-565|Completion of Council|Lusangazi Central Ward|Infrastructure & Community Support|0.0|Ongoing|2024
LUS-CDF-566|house at Civic Centre|Lusangazi Central Ward|Infrastructure & Community Support|0.0|Ongoing|2024
LUS-CDF-567|The project was not the main|Lusangazi Central Ward|Infrastructure & Community Support|0.0|Ongoing|2024
LUS-CDF-568|prioritised by the|Lusangazi Central Ward|Infrastructure & Community Support|0.0|Ongoing|2024
LUS-CDF-569|CDFC/inadequate funding|Lusangazi Central Ward|Infrastructure & Community Support|0.0|Ongoing|2024
LUS-CDF-570|Songovwa & Kasangazi|Lusangazi Central Ward|Infrastructure & Community Support|0.0|Ongoing|2024
LUS-CDF-571|SKILLS DEVELOPMENT BURSARY APPLICATION FORM|Lusangazi Central Ward|Infrastructure & Community Support|0.0|Ongoing|2024
LUS-CDF-572|APPENDIX I: SKILLS DEVELOPMENT BURSARY APPLICATION FORM|Lusangazi Central Ward|Infrastructure & Community Support|0.0|Ongoing|2024
LUS-CDF-573|REPUBLIC OF ZAMBIA|Lusangazi Central Ward|Infrastructure & Community Support|0.0|Ongoing|2024
LUS-CDF-574|CONSTITUENCY DEVELOPMENT FUND|Lusangazi Central Ward|Infrastructure & Community Support|0.0|Ongoing|2024
LUS-CDF-575|SKILLS DEVELOPMENT BURSARY|Lusangazi Central Ward|Infrastructure & Community Support|0.0|Ongoing|2024
LUS-CDF-576|APPLICATION FORM|Lusangazi Central Ward|Infrastructure & Community Support|0.0|Ongoing|2024
LUS-CDF-577|Application Identification Number|Lusangazi Central Ward|Infrastructure & Community Support|0.0|Ongoing|2024
LUS-CDF-578|(For official use only)|Lusangazi Central Ward|Infrastructure & Community Support|0.0|Ongoing|2024
LUS-CDF-579|SBD/Zone//Ward Code Number|Lusangazi Central Ward|Infrastructure & Community Support|0.0|Ongoing|2024
LUS-CDF-580|Instructions: This application form should be completed by the applicant and sent together with docu|Lusangazi Central Ward|Infrastructure & Community Support|0.0|Ongoing|2024
LUS-CDF-581|in Annex 1 to the Chairperson, Ward Development Committee.|Lusangazi Central Ward|Infrastructure & Community Support|0.0|Ongoing|2024
LUS-CDF-582|NOTE: This form is not for sale.|Lusangazi Central Ward|Infrastructure & Community Support|0.0|Ongoing|2024
LUS-CDF-583|Disclaimer: Completion of the form does not guarantee the award of CDF Skills Development Bursary.|Lusangazi Central Ward|Infrastructure & Community Support|0.0|Ongoing|2024
LUS-CDF-584|PART A: TO BE COMPLETED BY APPLICANT|Lusangazi Central Ward|Infrastructure & Community Support|0.0|Ongoing|2024
LUS-CDF-585|1. Surname: ……………………………………………………………………|Lusangazi Central Ward|Infrastructure & Community Support|0.0|Ongoing|2024
LUS-CDF-586|2. Other Names: ………………………………………………………………….|Lusangazi Central Ward|Infrastructure & Community Support|0.0|Ongoing|2024
LUS-CDF-587|3. Sex (Male/Female)…………………Nationality……………………………..|Lusangazi Central Ward|Infrastructure & Community Support|0.0|Ongoing|2024
LUS-CDF-588|4. N.R.C. No: ……………/…………/…… (Photocopy to be attached)|Lusangazi Central Ward|Infrastructure & Community Support|0.0|Ongoing|2024
LUS-CDF-589|5. Date of Birth: …………………………Place of Birth: ……………………..|Lusangazi Central Ward|Infrastructure & Community Support|0.0|Ongoing|2024
LUS-CDF-590|6. Residence of Applicant:|Lusangazi Central Ward|Infrastructure & Community Support|0.0|Ongoing|2024
LUS-CDF-591|(a) District …………………………………………………..|Lusangazi Central Ward|Infrastructure & Community Support|0.0|Ongoing|2024
LUS-CDF-592|(b) Constituency ……………………………………………|Lusangazi Central Ward|Infrastructure & Community Support|0.0|Ongoing|2024
LUS-CDF-593|(c) Ward ……………………………………………………...|Lusangazi Central Ward|Infrastructure & Community Support|0.0|Ongoing|2024
LUS-CDF-594|(d) Zone ………………………………………………………|Lusangazi Central Ward|Infrastructure & Community Support|0.0|Ongoing|2024
LUS-CDF-595|7. Postal Address: ……………………………………………………………………………..|Lusangazi Central Ward|Infrastructure & Community Support|0.0|Ongoing|2024
LUS-CDF-596|8. Mobile Phone No: ………………………………….…….. E-mail……………..…..……|Lusangazi Central Ward|Infrastructure & Community Support|0.0|Ongoing|2024
LUS-CDF-597|9. Vulnerability Status:|Lusangazi Central Ward|Infrastructure & Community Support|0.0|Ongoing|2024
LUS-CDF-598|(a) Single Orphan/Double Orphan/Other (Please Specify): …………………………|Lusangazi Central Ward|Infrastructure & Community Support|0.0|Ongoing|2024
LUS-CDF-599|(b) Are you disabled? Yes/No. if yes, specify nature of disability: ……………………|Lusangazi Central Ward|Infrastructure & Community Support|0.0|Ongoing|2024
LUS-CDF-600|(c) Financial challenge (Specify)………………………………………………………..|Lusangazi Central Ward|Infrastructure & Community Support|0.0|Ongoing|2024
LUS-CDF-601|MINUTES FOR STAKE HOLIDERS MEETING HELD ON WEDNESDAY 301|Lusangazi Central Ward|Infrastructure & Community Support|0.0|Ongoing|2024
LUS-CDF-602|0CTOBER, 2024 AT THE CIVIC CENTRE IN LUSANGAZI DISTRICT AT 10:00|Lusangazi Central Ward|Infrastructure & Community Support|0.0|Ongoing|2024
LUS-CDF-603|The National Anthem was sung and a prayer was given by Mr Jason Chembe and the mecting|Lusangazi Central Ward|Infrastructure & Community Support|0.0|Ongoing|2024
LUS-CDF-604|"was declared open at ||:02 hours."|Lusangazi Central Ward|Infrastructure & Community Support|0.0|Ongoing|2024
LUS-CDF-605|SELF INTRODUCTION|Lusangazi Central Ward|Infrastructure & Community Support|0.0|Ongoing|2024
LUS-CDF-606|Everyonc prescnt was askcd to introduce thensclves.|Lusangazi Central Ward|Infrastructure & Community Support|0.0|Ongoing|2024
LUS-CDF-607|WELCOMING REMARKS BY THE COUNCIL|Lusangazi Central Ward|Infrastructure & Community Support|0.0|Ongoing|2024
LUS-CDF-608|The Council Chairperson welcomcd everyonc to the mceting, he|Lusangazi Central Ward|Infrastructure & Community Support|0.0|Ongoing|2024
LUS-CDF-609|informcd them that the purposc of the mecting was to discuss the|Lusangazi Central Ward|Infrastructure & Community Support|0.0|Ongoing|2024
LUS-CDF-610|budget. He mentioncd that when we talked about budgct. wc didn't|Lusangazi Central Ward|Infrastructure & Community Support|0.0|Ongoing|2024
LUS-CDF-611|mcan moncy but development. Thercfore, he urgcd everyonc to fcel|Lusangazi Central Ward|Infrastructure & Community Support|0.0|Ongoing|2024
LUS-CDF-612|frec and participate fully bccausc they were there to discuss the|Lusangazi Central Ward|Infrastructure & Community Support|0.0|Ongoing|2024
LUS-CDF-613|development of the district not at ward level.|Lusangazi Central Ward|Infrastructure & Community Support|0.0|Ongoing|2024
LUS-CDF-614|He further informed the members that ncxt ycar 2025 we shall be|Lusangazi Central Ward|Infrastructure & Community Support|0.0|Ongoing|2024
LUS-CDF-615|conducting our stakcholders mccting in our community hall which was|Lusangazi Central Ward|Infrastructure & Community Support|0.0|Ongoing|2024
LUS-CDF-616|about to be built in our District.|Lusangazi Central Ward|Infrastructure & Community Support|0.0|Ongoing|2024
LUS-CDF-617|l'urthermore, he introduced the new Council Secretary to the members.|Lusangazi Central Ward|Infrastructure & Community Support|0.0|Ongoing|2024
LUS-CDF-618|REMARKS BY THE USAID|Lusangazi Central Ward|Infrastructure & Community Support|0.0|Ongoing|2024
LUS-CDF-619|The Citizen Engagement Officer. welcomed everyone present. and|Lusangazi Central Ward|Infrastructure & Community Support|0.0|Ongoing|2024
LUS-CDF-620|int'ormed them that the USAID Local Government Impact worked in|Lusangazi Central Ward|Infrastructure & Community Support|0.0|Ongoing|2024
LUS-CDF-621|conjunction with Councils, there aim was to help the community to be|Lusangazi Central Ward|Infrastructure & Community Support|0.0|Ongoing|2024
LUS-CDF-622|engaged in the budgeting process and also to acquire knowledge on|Lusangazi Central Ward|Infrastructure & Community Support|0.0|Ongoing|2024
LUS-CDF-623|how the Constiluency Development Fund (CDF) was going on.|Lusangazi Central Ward|Infrastructure & Community Support|0.0|Ongoing|2024
LUS-CDF-624|Tle thanked cveryone lor coming.|Lusangazi Central Ward|Infrastructure & Community Support|0.0|Ongoing|2024
LUS-CDF-625|E CUNCIL SECRETARY|Lusangazi Central Ward|Infrastructure & Community Support|0.0|Ongoing|2024
LUS-CDF-626|The Council Seceary welconcd everyone preent, and inforned thcm|Lusangazi Central Ward|Infrastructure & Community Support|0.0|Ongoing|2024
LUS-CDF-627|that it was mandatory to oductstakcholdes mceting becac it wa.|Lusangazi Central Ward|Infrastructure & Community Support|0.0|Ongoing|2024
LUS-CDF-628|the ist slep lor thc budyct poces.|Lusangazi Central Ward|Infrastructure & Community Support|0.0|Ongoing|2024
LUS-CDF-629|lC urpcdevery 0nc o ninmise movcmcnt and pay total atlcnio|Lusangazi Central Ward|Infrastructure & Community Support|0.0|Ongoing|2024
LUS-CDF-630|le requCsted the member|Lusangazi Central Ward|Infrastructure & Community Support|0.0|Ongoing|2024
LUS-CDF-631|THE CONSTITUENCY DEVELOPMENT FUND|Lusangazi Central Ward|Infrastructure & Community Support|0.0|Ongoing|2024
LUS-CDF-632|ARRANGEMENT OF SECTIONS|Lusangazi Central Ward|Infrastructure & Community Support|0.0|Ongoing|2024
LUS-CDF-633|PRELIMINARY PROVISIONS|Lusangazi Central Ward|Infrastructure & Community Support|0.0|Ongoing|2024
LUS-CDF-634|Short title and commencement|Lusangazi Central Ward|Infrastructure & Community Support|0.0|Ongoing|2024
LUS-CDF-635|THE CONSTITUENCY DEVELOPMENT FUND COMMITTEE|Lusangazi Central Ward|Infrastructure & Community Support|0.0|Ongoing|2024
LUS-CDF-636|Principles of management, disbursement and utilisation of|Lusangazi Central Ward|Infrastructure & Community Support|0.0|Ongoing|2024
LUS-CDF-637|Role of Minister relating to Fund|Lusangazi Central Ward|Infrastructure & Community Support|0.0|Ongoing|2024
LUS-CDF-638|Constituency Development Fund Committee|Lusangazi Central Ward|Infrastructure & Community Support|0.0|Ongoing|2024
LUS-CDF-639|Functions of Committee|Lusangazi Central Ward|Infrastructure & Community Support|0.0|Ongoing|2024
LUS-CDF-640|CONSTITUENCY DEVELOPMENT FUND|Lusangazi Central Ward|Infrastructure & Community Support|0.0|Ongoing|2024
LUS-CDF-641|Constituency Development Fund|Lusangazi Central Ward|Infrastructure & Community Support|0.0|Ongoing|2024
LUS-CDF-642|Constituency account|Lusangazi Central Ward|Infrastructure & Community Support|0.0|Ongoing|2024
LUS-CDF-643|Disbursement from Fund and constituency account|Lusangazi Central Ward|Infrastructure & Community Support|0.0|Ongoing|2024
LUS-CDF-644|Accountability and transparency|Lusangazi Central Ward|Infrastructure & Community Support|0.0|Ongoing|2024
LUS-CDF-645|Funds to be retained|Lusangazi Central Ward|Infrastructure & Community Support|0.0|Ongoing|2024
LUS-CDF-646|Prohibition of use of Fund for non-Fund purposes|Lusangazi Central Ward|Infrastructure & Community Support|0.0|Ongoing|2024
LUS-CDF-647|Accounts and Audit|Lusangazi Central Ward|Infrastructure & Community Support|0.0|Ongoing|2024
LUS-CDF-648|CONSTITUENCY DEVELOPMENT PROJECT PROPOSALS|Lusangazi Central Ward|Infrastructure & Community Support|0.0|Ongoing|2024
LUS-CDF-649|Submission of proposed projects by Committee|Lusangazi Central Ward|Infrastructure & Community Support|0.0|Ongoing|2024
LUS-CDF-650|Submission of project proposals to Minister by Committee|Lusangazi Central Ward|Infrastructure & Community Support|0.0|Ongoing|2024
LUS-CDF-651|Projects to be community-based|Lusangazi Central Ward|Infrastructure & Community Support|0.0|Ongoing|2024
LUS-CDF-652|Community initiatives to be eligible|Lusangazi Central Ward|Infrastructure & Community Support|0.0|Ongoing|2024
LUS-CDF-653|Cost estimates to be reasonable|Lusangazi Central Ward|Infrastructure & Community Support|0.0|Ongoing|2024
LUS-CDF-654|Implementation of projects|Lusangazi Central Ward|Infrastructure & Community Support|0.0|Ongoing|2024
LUS-CDF-655|Procurement of services and works|Lusangazi Central Ward|Infrastructure & Community Support|0.0|Ongoing|2024
LUS-CDF-656|Provincial Local Government Officer|Lusangazi Central Ward|Infrastructure & Community Support|0.0|Ongoing|2024
LUS-CDF-657|Returns for projects|Lusangazi Central Ward|Infrastructure & Community Support|0.0|Ongoing|2024
LUS-CDF-658|Guidelines for approved projects|Lusangazi Central Ward|Infrastructure & Community Support|0.0|Ongoing|2024
LUS-CDF-659|Constituency Development Fund|Lusangazi Central Ward|Infrastructure & Community Support|0.0|Ongoing|2024
LUS-CDF-660|Single copies of this Act may be obtained from the Government Printer,|Lusangazi Central Ward|Infrastructure & Community Support|0.0|Ongoing|2024
LUS-CDF-661|THE OCCUPATIONAL HEALTH AND SAFETY ACT, 2010|Lusangazi Central Ward|Infrastructure & Community Support|0.0|Ongoing|2024
LUS-CDF-662|ARRANGEMENT OF SECTIONS|Lusangazi Central Ward|Infrastructure & Community Support|0.0|Ongoing|2024
LUS-CDF-663|Short title and commencement|Lusangazi Central Ward|Infrastructure & Community Support|0.0|Ongoing|2024
LUS-CDF-664|THE OCCUPATIONAL HEALTH AND SAFETY INSTITUTE|Lusangazi Central Ward|Infrastructure & Community Support|0.0|Ongoing|2024
LUS-CDF-665|Establishment of Institute|Lusangazi Central Ward|Infrastructure & Community Support|0.0|Ongoing|2024
LUS-CDF-666|Seal of Institute|Lusangazi Central Ward|Infrastructure & Community Support|0.0|Ongoing|2024
LUS-CDF-667|Functions of Institute|Lusangazi Central Ward|Infrastructure & Community Support|0.0|Ongoing|2024
LUS-CDF-668|Constitution of Board|Lusangazi Central Ward|Infrastructure & Community Support|0.0|Ongoing|2024
LUS-CDF-669|Functions of Board|Lusangazi Central Ward|Infrastructure & Community Support|0.0|Ongoing|2024
LUS-CDF-670|Deputy Director and other staff|Lusangazi Central Ward|Infrastructure & Community Support|0.0|Ongoing|2024
LUS-CDF-671|HEALTH AND SAFETY COMMITTEES|Lusangazi Central Ward|Infrastructure & Community Support|0.0|Ongoing|2024
LUS-CDF-672|Deputy of employer to establish health and safety committees|Lusangazi Central Ward|Infrastructure & Community Support|0.0|Ongoing|2024
LUS-CDF-673|Composition of health and safety committees|Lusangazi Central Ward|Infrastructure & Community Support|0.0|Ongoing|2024
LUS-CDF-674|Functions of health and safety committees|Lusangazi Central Ward|Infrastructure & Community Support|0.0|Ongoing|2024
LUS-CDF-675|Health and safety representatives|Lusangazi Central Ward|Infrastructure & Community Support|0.0|Ongoing|2024
LUS-CDF-676|HEALTH AND SAFETY WORKPLACES|Lusangazi Central Ward|Infrastructure & Community Support|0.0|Ongoing|2024
LUS-CDF-677|Determination of what is reasonably practicable|Lusangazi Central Ward|Infrastructure & Community Support|0.0|Ongoing|2024
LUS-CDF-678|Duties of employers to employees|Lusangazi Central Ward|Infrastructure & Community Support|0.0|Ongoing|2024
LUS-CDF-679|Duties of employees at workplaces|Lusangazi Central Ward|Infrastructure & Community Support|0.0|Ongoing|2024
LUS-CDF-680|Occupational Health and Safety [No. 36 of 2010 521|Lusangazi Central Ward|Infrastructure & Community Support|0.0|Ongoing|2024
LUS-CDF-681|Single copies of this Act may be obtained from the Government Printer,|Lusangazi Central Ward|Infrastructure & Community Support|0.0|Ongoing|2024
LUS-CDF-682|P.O. Box 30136, 10101 Lusaka. Price K16,000 each|Lusangazi Central Ward|Infrastructure & Community Support|0.0|Ongoing|2024
LUS-CDF-683|No. 36 of 2010] Occupational Health and Safety|Lusangazi Central Ward|Infrastructure & Community Support|0.0|Ongoing|2024
LUS-CDF-684|Duties of employers and self-employed to persons other than|Lusangazi Central Ward|Infrastructure & Community Support|0.0|Ongoing|2024
LUS-CDF-685|Duties of persons in control of workplace or plant|Lusangazi Central Ward|Infrastructure & Community Support|0.0|Ongoing|2024
LUS-CDF-686|Duties of designers, manufacturers, suppliers and importers|Lusangazi Central Ward|Infrastructure & Community Support|0.0|Ongoing|2024
LUS-CDF-687|Duties of architect and engineer|Lusangazi Central Ward|Infrastructure & Community Support|0.0|Ongoing|2024
LUS-CDF-688|Compliance with standards|Lusangazi Central Ward|Infrastructure & Community Support|0.0|Ongoing|2024
LUS-CDF-689|Duty not to interfere with, or misuse, things|Lusangazi Central Ward|Infrastructure & Community Support|0.0|Ongoing|2024
LUS-CDF-690|Prohibition of dismissal or victimisation of employee|Lusangazi Central Ward|Infrastructure & Community Support|0.0|Ongoing|2024
LUS-CDF-691|LUSANGAZI TOWN COUNCIL|Lusangazi Central Ward|Infrastructure & Community Support|0.0|Ongoing|2024
LUS-CDF-692|Meeting Title: Community stakeholder’s engagement meeting|Lusangazi Central Ward|Infrastructure & Community Support|0.0|Ongoing|2024
LUS-CDF-693|Date: 30th October, 2024|Lusangazi Central Ward|Infrastructure & Community Support|0.0|Ongoing|2024
LUS-CDF-694|Time: 11:02 hrs – 16:20 hrs|Lusangazi Central Ward|Infrastructure & Community Support|0.0|Ongoing|2024
LUS-CDF-695|Location: Civic Centre, Ukwimi ward, Lusangazi|Lusangazi Central Ward|Infrastructure & Community Support|0.0|Ongoing|2024
LUS-CDF-696|Facilitators: Mr. Anthony Makaliki, Mr. Timothy Banda, Ms. Olipa Tembo, Mr. Lester|Lusangazi Central Ward|Infrastructure & Community Support|0.0|Ongoing|2024
LUS-CDF-697|Chilumbu, Mr. John Tembo and Mr. Kelvin Pembere.|Lusangazi Central Ward|Infrastructure & Community Support|0.0|Ongoing|2024
LUS-CDF-698|Lusangazi Town Council|Lusangazi Central Ward|Infrastructure & Community Support|0.0|Ongoing|2024
LUS-CDF-699|Mdonsa Councillor|Lusangazi Central Ward|Infrastructure & Community Support|0.0|Ongoing|2024
LUS-CDF-700|Lusangazi Town Council|Lusangazi Central Ward|Infrastructure & Community Support|0.0|Ongoing|2024
LUS-CDF-701|Lusangazi Councillor|Lusangazi Central Ward|Infrastructure & Community Support|0.0|Ongoing|2024
LUS-CDF-702|Lusangazi Town Council|Lusangazi Central Ward|Infrastructure & Community Support|0.0|Ongoing|2024
LUS-CDF-703|Ukwimi Councillor|Lusangazi Central Ward|Infrastructure & Community Support|0.0|Ongoing|2024
LUS-CDF-704|Stanley G. Banda|Lusangazi Central Ward|Infrastructure & Community Support|0.0|Ongoing|2024
LUS-CDF-705|Vice Chairperson|Lusangazi Central Ward|Infrastructure & Community Support|0.0|Ongoing|2024
LUS-CDF-706|Mateyo Mzeka WDC|Lusangazi Central Ward|Infrastructure & Community Support|0.0|Ongoing|2024
LUS-CDF-707|Cooperate affairs|Lusangazi Central Ward|Infrastructure & Community Support|0.0|Ongoing|2024
LUS-CDF-708|Lusangazi Town Council|Lusangazi Central Ward|Infrastructure & Community Support|0.0|Ongoing|2024
LUS-CDF-709|Mawanda Councillor|Lusangazi Central Ward|Infrastructure & Community Support|0.0|Ongoing|2024
LUS-CDF-710|Lusangazi Town Council|Lusangazi Central Ward|Infrastructure & Community Support|0.0|Ongoing|2024
LUS-CDF-711|Chief Accountant|Lusangazi Central Ward|Infrastructure & Community Support|0.0|Ongoing|2024
LUS-CDF-712|Lusangazi Town Council|Lusangazi Central Ward|Infrastructure & Community Support|0.0|Ongoing|2024
LUS-CDF-713|Lusangazi Town Council|Lusangazi Central Ward|Infrastructure & Community Support|0.0|Ongoing|2024
LUS-CDF-714|Health Inspector|Lusangazi Central Ward|Infrastructure & Community Support|0.0|Ongoing|2024
LUS-CDF-715|Anthony Makaliki|Lusangazi Central Ward|Infrastructure & Community Support|0.0|Ongoing|2024
LUS-CDF-716|Lusangazi Town Council|Lusangazi Central Ward|Infrastructure & Community Support|0.0|Ongoing|2024
LUS-CDF-717|Community Development|Lusangazi Central Ward|Infrastructure & Community Support|0.0|Ongoing|2024
LUS-CDF-718|Lusangazi Town Council|Lusangazi Central Ward|Infrastructure & Community Support|0.0|Ongoing|2024
LUS-CDF-719|Socio-Economic Planner|Lusangazi Central Ward|Infrastructure & Community Support|0.0|Ongoing|2024
LUS-CDF-720|Lusangazi Town Council|Lusangazi Central Ward|Infrastructure & Community Support|0.0|Ongoing|2024
LUS-CDF-721|Lead Story Headline|Lusangazi Central Ward|Infrastructure & Community Support|0.0|Ongoing|2024
LUS-CDF-722|ING LIVES FOR THE|Lusangazi Central Ward|Infrastructure & Community Support|0.0|Ongoing|2024
LUS-CDF-723|MSANZALA CONSTITUENCY DEVELOPMENT FUND|Lusangazi Central Ward|Infrastructure & Community Support|0.0|Ongoing|2024
LUS-CDF-724|LUSANGAZI TOWN COUNCIL|Lusangazi Central Ward|Infrastructure & Community Support|0.0|Ongoing|2024
LUS-CDF-725|OVER 1.9 MILLION DISBURSED IN GRANTS USING 2023 CDF|Lusangazi Central Ward|Infrastructure & Community Support|0.0|Ongoing|2024
LUS-CDF-726|COUNCIL SECRETARY|Lusangazi Central Ward|Infrastructure & Community Support|0.0|Ongoing|2024
LUS-CDF-727|Margaret Nachangwa|Lusangazi Central Ward|Infrastructure & Community Support|0.0|Ongoing|2024
LUS-CDF-728|PUBLIC RELATIONS OFFICER|Lusangazi Central Ward|Infrastructure & Community Support|0.0|Ongoing|2024
LUS-CDF-729|Improved social and economic|Lusangazi Central Ward|Infrastructure & Community Support|0.0|Ongoing|2024
LUS-CDF-730|welfare through well coordi-|Lusangazi Central Ward|Infrastructure & Community Support|0.0|Ongoing|2024
LUS-CDF-731|nated climate smart invest-|Lusangazi Central Ward|Infrastructure & Community Support|0.0|Ongoing|2024
LUS-CDF-732|ments and sustainable devel-|Lusangazi Central Ward|Infrastructure & Community Support|0.0|Ongoing|2024
LUS-CDF-733|To develop a climate smart in-|Lusangazi Central Ward|Infrastructure & Community Support|0.0|Ongoing|2024
LUS-CDF-734|tegrated development plan|Lusangazi Central Ward|Infrastructure & Community Support|0.0|Ongoing|2024
LUS-CDF-735|(IDP) which is responsive to|Lusangazi Central Ward|Infrastructure & Community Support|0.0|Ongoing|2024
LUS-CDF-736|social, economic and environ-|Lusangazi Central Ward|Infrastructure & Community Support|0.0|Ongoing|2024
LUS-CDF-737|mental needs of the people of|Lusangazi Central Ward|Infrastructure & Community Support|0.0|Ongoing|2024
LUS-CDF-738|Lusangazi District.|Lusangazi Central Ward|Infrastructure & Community Support|0.0|Ongoing|2024
LUS-CDF-739|LUSANGAZI TOWN COUNCIL|Lusangazi Central Ward|Infrastructure & Community Support|0.0|Ongoing|2024
LUS-CDF-740|1. Council Chairperson’s message|Lusangazi Central Ward|Infrastructure & Community Support|0.0|Ongoing|2024
LUS-CDF-741|2. Foreword : Council Secretary|Lusangazi Central Ward|Infrastructure & Community Support|0.0|Ongoing|2024
LUS-CDF-742|3. Utilization of 2022 CDF status update|Lusangazi Central Ward|Infrastructure & Community Support|0.0|Ongoing|2024
LUS-CDF-743|4. 2023 Msanzala CDF approved community projects|Lusangazi Central Ward|Infrastructure & Community Support|0.0|Ongoing|2024
LUS-CDF-744|5. Thirty –eight youths graduate— 2023 Skills Bursaries|Lusangazi Central Ward|Infrastructure & Community Support|0.0|Ongoing|2024
LUS-CDF-745|6. Over 1.9 Million disbursed in 2023 CDF Grants|Lusangazi Central Ward|Infrastructure & Community Support|0.0|Ongoing|2024
LUS-CDF-746|7. Training on the functionality of WDCs and Ex-Officials|Lusangazi Central Ward|Infrastructure & Community Support|0.0|Ongoing|2024
LUS-CDF-747|8. Understanding the CDF application process|Lusangazi Central Ward|Infrastructure & Community Support|0.0|Ongoing|2024
LUS-CDF-748|9. 1000 desks procured for various Schools in Msanzala Constituency|Lusangazi Central Ward|Infrastructure & Community Support|0.0|Ongoing|2024
LUS-CDF-749|10. K2, 132,360.00 disbursed in 2023 CDF Loans|Lusangazi Central Ward|Infrastructure & Community Support|0.0|Ongoing|2024
LUS-CDF-750|11. Mkuzhye Youth Club in Poultry of Layers - a beneficiary of the|Lusangazi Central Ward|Infrastructure & Community Support|0.0|Ongoing|2024
LUS-CDF-751|REPUBLIC OF ZAMBIA|Lusangazi Central Ward|Infrastructure & Community Support|0.0|Ongoing|2024
LUS-CDF-752|MINSITRY OF LOCAL GOVERNMENT|Lusangazi Central Ward|Infrastructure & Community Support|0.0|Ongoing|2024
LUS-CDF-753|JOINT INTEGRATED DEVELOPMENT PLAN|Lusangazi Central Ward|Infrastructure & Community Support|0.0|Ongoing|2024
LUS-CDF-754|PETAUKE/LUSANGAZI DISTRICTS|Lusangazi Central Ward|Infrastructure & Community Support|0.0|Ongoing|2024
LUS-CDF-755|“Improved Social and Economic Welfare Through Well-Coordinated|Lusangazi Central Ward|Infrastructure & Community Support|0.0|Ongoing|2024
LUS-CDF-756|Climate Smart Investments and Sustainable Development By 2030.”|Lusangazi Central Ward|Infrastructure & Community Support|0.0|Ongoing|2024
LUS-CDF-757|Prepared By: IDP Technical Team|Lusangazi Central Ward|Infrastructure & Community Support|0.0|Ongoing|2024
LUS-CDF-758|PETAUKE / LUSANGAZI|Lusangazi Central Ward|Infrastructure & Community Support|0.0|Ongoing|2024
LUS-CDF-759|The development of the Joint Integrated|Lusangazi Central Ward|Infrastructure & Community Support|0.0|Ongoing|2024
LUS-CDF-760|Development Plan (IDP) for both Petauke and|Lusangazi Central Ward|Infrastructure & Community Support|0.0|Ongoing|2024
LUS-CDF-761|Lusangazi Districts gives the critical opportunities|Lusangazi Central Ward|Infrastructure & Community Support|0.0|Ongoing|2024
LUS-CDF-762|for the people of Petauke and Lusangazi to define|Lusangazi Central Ward|Infrastructure & Community Support|0.0|Ongoing|2024
LUS-CDF-763|their own destinies in terms of development.|Lusangazi Central Ward|Infrastructure & Community Support|0.0|Ongoing|2024
LUS-CDF-764|The participartory approach provided the platform for the people of the two districts to come|Lusangazi Central Ward|Infrastructure & Community Support|0.0|Ongoing|2024
LUS-CDF-765|up with pertinent issues, develop projects and programmes with the Implementation plan|Lusangazi Central Ward|Infrastructure & Community Support|0.0|Ongoing|2024
LUS-CDF-766|which will make the two districts develop in pratical terms and at an accelerated rate.|Lusangazi Central Ward|Infrastructure & Community Support|0.0|Ongoing|2024
LUS-CDF-767|We congratulate the IDP technical team, the leadership of both Petauke and Lusangazi|Lusangazi Central Ward|Infrastructure & Community Support|0.0|Ongoing|2024
LUS-CDF-768|districts for their serious commitment and dedication towards the development of this|Lusangazi Central Ward|Infrastructure & Community Support|0.0|Ongoing|2024
LUS-CDF-769|technical document.|Lusangazi Central Ward|Infrastructure & Community Support|0.0|Ongoing|2024
LUS-CDF-770|With this document, Petauke and Lusangazi is competent to raise its own revenue and|Lusangazi Central Ward|Infrastructure & Community Support|0.0|Ongoing|2024
LUS-CDF-771|finances from both local and international markets and be able to implement capital projects|Lusangazi Central Ward|Infrastructure & Community Support|0.0|Ongoing|2024
LUS-CDF-772|responsive to the districts’ needs.|Lusangazi Central Ward|Infrastructure & Community Support|0.0|Ongoing|2024
LUS-CDF-773|We are so grateful and may God bless Petauke and Lusangazi districts and Zambia.|Lusangazi Central Ward|Infrastructure & Community Support|0.0|Ongoing|2024
LUS-CDF-774|Council Chairperson|Lusangazi Central Ward|Infrastructure & Community Support|0.0|Ongoing|2024
LUS-CDF-775|Council Chairperson|Lusangazi Central Ward|Infrastructure & Community Support|0.0|Ongoing|2024
LUS-CDF-776|Petauke District|Lusangazi Central Ward|Infrastructure & Community Support|0.0|Ongoing|2024
LUS-CDF-777|Lusangazi District|Lusangazi Central Ward|Infrastructure & Community Support|0.0|Ongoing|2024
LUS-CDF-778|Deleted[HP Inc.]:|Lusangazi Central Ward|Infrastructure & Community Support|0.0|Ongoing|2024
LUS-CDF-779|Deleted[HP Inc.]:|Lusangazi Central Ward|Infrastructure & Community Support|0.0|Ongoing|2024
LUS-CDF-780|Deleted[HP Inc.]:|Lusangazi Central Ward|Infrastructure & Community Support|0.0|Ongoing|2024
LUS-CDF-781|CDF LOAN APPLICATION FORM|Lusangazi Central Ward|Infrastructure & Community Support|0.0|Ongoing|2024
LUS-CDF-782|Ministry of Local Government and Rural Development|Lusangazi Central Ward|Infrastructure & Community Support|0.0|Ongoing|2024
LUS-CDF-783|CONSTITUENCY DEVELOPMENT FUND|Lusangazi Central Ward|Infrastructure & Community Support|0.0|Ongoing|2024
LUS-CDF-784|LOAN APPLICATION FORM|Lusangazi Central Ward|Infrastructure & Community Support|0.0|Ongoing|2024
LUS-CDF-785|YOUTH, WOMEN AND COMMUNITY|Lusangazi Central Ward|Infrastructure & Community Support|0.0|Ongoing|2024
LUS-CDF-786|Instructions: This application form should be completed by the applicant and sent together with supp|Lusangazi Central Ward|Infrastructure & Community Support|0.0|Ongoing|2024
LUS-CDF-787|Chairperson, Ward Development Committee.|Lusangazi Central Ward|Infrastructure & Community Support|0.0|Ongoing|2024
LUS-CDF-788|NOTE: This form is not for sale.|Lusangazi Central Ward|Infrastructure & Community Support|0.0|Ongoing|2024
LUS-CDF-789|Disclaimer: Completion of the form does not guarantee the award of the Loan|Lusangazi Central Ward|Infrastructure & Community Support|0.0|Ongoing|2024
LUS-CDF-790|Project Identification Number:|Lusangazi Central Ward|Infrastructure & Community Support|0.0|Ongoing|2024
LUS-CDF-791|(for official use)|Lusangazi Central Ward|Infrastructure & Community Support|0.0|Ongoing|2024
LUS-CDF-792|YE/Zone/Ward Code Number|Lusangazi Central Ward|Infrastructure & Community Support|0.0|Ongoing|2024
LUS-CDF-793|WE/Zone/Ward Code Number|Lusangazi Central Ward|Infrastructure & Community Support|0.0|Ongoing|2024
LUS-CDF-794|CE/Zone/Ward Code Number|Lusangazi Central Ward|Infrastructure & Community Support|0.0|Ongoing|2024
LUS-CDF-795|CDF LOAN APPLICATION FORM|Lusangazi Central Ward|Infrastructure & Community Support|0.0|Ongoing|2024
LUS-CDF-796|SECTION A. GENERAL DETAILS (TO BE COMPLETED BY THE APPLICANT)|Lusangazi Central Ward|Infrastructure & Community Support|0.0|Ongoing|2024
LUS-CDF-797|1. Name of Business/Organisation/Company/Group/Cooperative/ Club|Lusangazi Central Ward|Infrastructure & Community Support|0.0|Ongoing|2024
LUS-CDF-798|………………………………………………..................................................................................|Lusangazi Central Ward|Infrastructure & Community Support|0.0|Ongoing|2024
LUS-CDF-799|2. Legal form of applicant (Limited Company (SME)/Group /Cooperative/ club:|Lusangazi Central Ward|Infrastructure & Community Support|0.0|Ongoing|2024
LUS-CDF-800|……………………………………………………………………………………………………....................|Lusangazi Central Ward|Infrastructure & Community Support|0.0|Ongoing|2024
LUS-CDF-801|3. Date of Company/Group/Cooperative/Club Registration: ……………………………………….|Lusangazi Central Ward|Infrastructure & Community Support|0.0|Ongoing|2024
LUS-CDF-802|4. TPIN: ……………………………………………………………………………………………………………|Lusangazi Central Ward|Infrastructure & Community Support|0.0|Ongoing|2024
LUS-CDF-803|CDF LOAN APPLICATION FORM|Lusangazi Central Ward|Infrastructure & Community Support|0.0|Ongoing|2024
LUS-CDF-804|Shareholders of the Company/Members of a Group/Cooperative/ Club|Lusangazi Central Ward|Infrastructure & Community Support|0.0|Ongoing|2024
LUS-CDF-805|(applicable to a|Lusangazi Central Ward|Infrastructure & Community Support|0.0|Ongoing|2024
LUS-CDF-806|Position in the Business|Lusangazi Central Ward|Infrastructure & Community Support|0.0|Ongoing|2024
LUS-CDF-807|CDF LOAN APPLICATION FORM|Lusangazi Central Ward|Infrastructure & Community Support|0.0|Ongoing|2024
LUS-CDF-808|5. Authorized Representative|Lusangazi Central Ward|Infrastructure & Community Support|0.0|Ongoing|2024
LUS-CDF-809|(To act on behalf of the Applicant and respond to any questions regarding the application)|Lusangazi Central Ward|Infrastructure & Community Support|0.0|Ongoing|2024
LUS-CDF-810|Name of Contact Person|Lusangazi Central Ward|Infrastructure & Community Support|0.0|Ongoing|2024
LUS-CDF-811|THE PUBLIC FINANCE MANAGEMENT ACT, 2018|Lusangazi Central Ward|Infrastructure & Community Support|0.0|Ongoing|2024
LUS-CDF-812|ARRANGEMENT OF SECTIONS|Lusangazi Central Ward|Infrastructure & Community Support|0.0|Ongoing|2024
LUS-CDF-813|PRELIMINARY PROVISIONS|Lusangazi Central Ward|Infrastructure & Community Support|0.0|Ongoing|2024
LUS-CDF-814|Short title and commencement|Lusangazi Central Ward|Infrastructure & Community Support|0.0|Ongoing|2024
LUS-CDF-815|Supremacy of Act|Lusangazi Central Ward|Infrastructure & Community Support|0.0|Ongoing|2024
LUS-CDF-816|MANAGEMENT OF PUBLIC FINANCES|Lusangazi Central Ward|Infrastructure & Community Support|0.0|Ongoing|2024
LUS-CDF-817|Establishment of Treasury|Lusangazi Central Ward|Infrastructure & Community Support|0.0|Ongoing|2024
LUS-CDF-818|Functions and powers of the Treasury|Lusangazi Central Ward|Infrastructure & Community Support|0.0|Ongoing|2024
LUS-CDF-819|Secretary to Treasury|Lusangazi Central Ward|Infrastructure & Community Support|0.0|Ongoing|2024
LUS-CDF-820|Functions of Secretary to Treasury|Lusangazi Central Ward|Infrastructure & Community Support|0.0|Ongoing|2024
LUS-CDF-821|Accountant-General|Lusangazi Central Ward|Infrastructure & Community Support|0.0|Ongoing|2024
LUS-CDF-822|Functions of Accountant-General|Lusangazi Central Ward|Infrastructure & Community Support|0.0|Ongoing|2024
LUS-CDF-823|Controlling officers|Lusangazi Central Ward|Infrastructure & Community Support|0.0|Ongoing|2024
LUS-CDF-824|General responsibilities of controlling officer|Lusangazi Central Ward|Infrastructure & Community Support|0.0|Ongoing|2024
LUS-CDF-825|Fiduciary duties of controlling officer and controlling body|Lusangazi Central Ward|Infrastructure & Community Support|0.0|Ongoing|2024
LUS-CDF-826|Appointment and responsibilities of accounting officers|Lusangazi Central Ward|Infrastructure & Community Support|0.0|Ongoing|2024
LUS-CDF-827|Controller of InternalAudit|Lusangazi Central Ward|Infrastructure & Community Support|0.0|Ongoing|2024
LUS-CDF-828|Functions of Controller of InternalAudit|Lusangazi Central Ward|Infrastructure & Community Support|0.0|Ongoing|2024
LUS-CDF-829|Appointment and powers of internal auditors|Lusangazi Central Ward|Infrastructure & Community Support|0.0|Ongoing|2024
LUS-CDF-830|Functions of internal auditors|Lusangazi Central Ward|Infrastructure & Community Support|0.0|Ongoing|2024
LUS-CDF-831|Appointment and powers of stock verifiers|Lusangazi Central Ward|Infrastructure & Community Support|0.0|Ongoing|2024
LUS-CDF-832|Audit committees|Lusangazi Central Ward|Infrastructure & Community Support|0.0|Ongoing|2024
LUS-CDF-833|CONTROL OF PUBLIC FINANCES|Lusangazi Central Ward|Infrastructure & Community Support|0.0|Ongoing|2024
LUS-CDF-834|Additional principles of public finance|Lusangazi Central Ward|Infrastructure & Community Support|0.0|Ongoing|2024
LUS-CDF-835|Public funds to be credited to Consolidated Fund|Lusangazi Central Ward|Infrastructure & Community Support|0.0|Ongoing|2024
LUS-CDF-836|Disbursement from Consolidated Fund|Lusangazi Central Ward|Infrastructure & Community Support|0.0|Ongoing|2024
LUS-CDF-837|Issuance of warrant|Lusangazi Central Ward|Infrastructure & Community Support|0.0|Ongoing|2024
LUS-CDF-838|Donations and Grants|Lusangazi Central Ward|Infrastructure & Community Support|0.0|Ongoing|2024
LUS-CDF-839|Treasury SingleAccount|Lusangazi Central Ward|Infrastructure & Community Support|0.0|Ongoing|2024
LUS-CDF-840|Borrowing and lending|Lusangazi Central Ward|Infrastructure & Community Support|0.0|Ongoing|2024
LUS-CDF-841|Solid Waste Regulation and Management [No.|Lusangazi Central Ward|Infrastructure & Community Support|0.0|Ongoing|2024
LUS-CDF-842|THE SOLIDWASTE REGULATIONAND|Lusangazi Central Ward|Infrastructure & Community Support|0.0|Ongoing|2024
LUS-CDF-843|MANAGEMENTACT, 2018|Lusangazi Central Ward|Infrastructure & Community Support|0.0|Ongoing|2024
LUS-CDF-844|ARRANGEMENT OF SECTIONS|Lusangazi Central Ward|Infrastructure & Community Support|0.0|Ongoing|2024
LUS-CDF-845|Relations and cooperationwithappropriateauthorities|Lusangazi Central Ward|Infrastructure & Community Support|0.0|Ongoing|2024
LUS-CDF-846|Keyconceptsand principles ofsolidwastemanagement|Lusangazi Central Ward|Infrastructure & Community Support|0.0|Ongoing|2024
LUS-CDF-847|MANAGEMENT OF SOLID WASTE|Lusangazi Central Ward|Infrastructure & Community Support|0.0|Ongoing|2024
LUS-CDF-848|Management ofsolidwastebylocal authorities|Lusangazi Central Ward|Infrastructure & Community Support|0.0|Ongoing|2024
LUS-CDF-849|Solid wasteservices bylocal authorities|Lusangazi Central Ward|Infrastructure & Community Support|0.0|Ongoing|2024
LUS-CDF-850|Resolutiontoestablishsolidwastemanagementcompany|Lusangazi Central Ward|Infrastructure & Community Support|0.0|Ongoing|2024
LUS-CDF-851|Incorporation of solid waste management company,|Lusangazi Central Ward|Infrastructure & Community Support|0.0|Ongoing|2024
LUS-CDF-852|shareholders and members|Lusangazi Central Ward|Infrastructure & Community Support|0.0|Ongoing|2024
LUS-CDF-853|10. Nameof solidwaste management company|Lusangazi Central Ward|Infrastructure & Community Support|0.0|Ongoing|2024
LUS-CDF-854|11. Functions ofBoard|Lusangazi Central Ward|Infrastructure & Community Support|0.0|Ongoing|2024
LUS-CDF-855|12. Board charterandminimumservicelevelguarantees|Lusangazi Central Ward|Infrastructure & Community Support|0.0|Ongoing|2024
LUS-CDF-856|13. Functionsofsolidwastemanagement company|Lusangazi Central Ward|Infrastructure & Community Support|0.0|Ongoing|2024
LUS-CDF-857|14. General powers ofsolid wastemanagement company|Lusangazi Central Ward|Infrastructure & Community Support|0.0|Ongoing|2024
LUS-CDF-858|15. Management andoperatingplans|Lusangazi Central Ward|Infrastructure & Community Support|0.0|Ongoing|2024
LUS-CDF-859|16. Operating procedures and codes of practice|Lusangazi Central Ward|Infrastructure & Community Support|0.0|Ongoing|2024
LUS-CDF-860|17. Reports onsolid wastemanagement|Lusangazi Central Ward|Infrastructure & Community Support|0.0|Ongoing|2024
LUS-CDF-861|18. ResponsibilityofMinistryonsolidwastemanagement|Lusangazi Central Ward|Infrastructure & Community Support|0.0|Ongoing|2024
LUS-CDF-862|19. Communitysolidwastemanagementservices|Lusangazi Central Ward|Infrastructure & Community Support|0.0|Ongoing|2024
LUS-CDF-863|Single copies of this Act may be obtained from the Government Printer,|Lusangazi Central Ward|Infrastructure & Community Support|0.0|Ongoing|2024
LUS-CDF-864|P.O. Box 30136, 10101 Lusaka, Price K104.00 each.|Lusangazi Central Ward|Infrastructure & Community Support|0.0|Ongoing|2024
LUS-CDF-865|354 No. 20 of 2018] Solid Waste Regulation and Management|Lusangazi Central Ward|Infrastructure & Community Support|0.0|Ongoing|2024
LUS-CDF-866|REGULATION OF SOLID WASTE|Lusangazi Central Ward|Infrastructure & Community Support|0.0|Ongoing|2024
LUS-CDF-867|20. Environmentalandpublichealthstandards|Lusangazi Central Ward|Infrastructure & Community Support|0.0|Ongoing|2024
LUS-CDF-868|21. Director andotherstaff of Department|Lusangazi Central Ward|Infrastructure & Community Support|0.0|Ongoing|2024
LUS-CDF-869|22. Designationofsolidwaste,servicezonesandsolidwaste|Lusangazi Central Ward|Infrastructure & Community Support|0.0|Ongoing|2024
LUS-CDF-870|23. Solid wastecategorisationandhandling|Lusangazi Central Ward|Infrastructure & Community Support|0.0|Ongoing|2024
LUS-CDF-871|The Urban and Regional Planning|Lusangazi Central Ward|Infrastructure & Community Support|0.0|Ongoing|2024
LUS-CDF-872|[No. 3 of 2015|Lusangazi Central Ward|Infrastructure & Community Support|0.0|Ongoing|2024
LUS-CDF-873|THE URBAN AND REGIONAL PLANNING ACT, 2015|Lusangazi Central Ward|Infrastructure & Community Support|0.0|Ongoing|2024
LUS-CDF-874|ARRANGEMENT OF SECTIONS|Lusangazi Central Ward|Infrastructure & Community Support|0.0|Ongoing|2024
LUS-CDF-875|Principles and standards for urban and regional planning|Lusangazi Central Ward|Infrastructure & Community Support|0.0|Ongoing|2024
LUS-CDF-876|Inconsistencies between Acts|Lusangazi Central Ward|Infrastructure & Community Support|0.0|Ongoing|2024
LUS-CDF-877|Integrated decision-making processes|Lusangazi Central Ward|Infrastructure & Community Support|0.0|Ongoing|2024
LUS-CDF-878|PLANNING MANAGEMENT AND ADMINISTRATION|Lusangazi Central Ward|Infrastructure & Community Support|0.0|Ongoing|2024
LUS-CDF-879|Planning management and administration|Lusangazi Central Ward|Infrastructure & Community Support|0.0|Ongoing|2024
LUS-CDF-880|Role of Minister in planning|Lusangazi Central Ward|Infrastructure & Community Support|0.0|Ongoing|2024
LUS-CDF-881|Director of Planning|Lusangazi Central Ward|Infrastructure & Community Support|0.0|Ongoing|2024
LUS-CDF-882|Regional planning authorities|Lusangazi Central Ward|Infrastructure & Community Support|0.0|Ongoing|2024
LUS-CDF-883|Functions of regional planning authorities|Lusangazi Central Ward|Infrastructure & Community Support|0.0|Ongoing|2024
LUS-CDF-884|Provincial planning authorities|Lusangazi Central Ward|Infrastructure & Community Support|0.0|Ongoing|2024
LUS-CDF-885|Functions of provincial planning authorities|Lusangazi Central Ward|Infrastructure & Community Support|0.0|Ongoing|2024
LUS-CDF-886|Establishment of local authorities as planning authorities|Lusangazi Central Ward|Infrastructure & Community Support|0.0|Ongoing|2024
LUS-CDF-887|Establishment of planning committees|Lusangazi Central Ward|Infrastructure & Community Support|0.0|Ongoing|2024
LUS-CDF-888|Functions of planning committees|Lusangazi Central Ward|Infrastructure & Community Support|0.0|Ongoing|2024
LUS-CDF-889|PLANNING FRAMEWORK AND SYSTEM|Lusangazi Central Ward|Infrastructure & Community Support|0.0|Ongoing|2024
LUS-CDF-890|National Planning Framework|Lusangazi Central Ward|Infrastructure & Community Support|0.0|Ongoing|2024
LUS-CDF-891|Planning guidelines|Lusangazi Central Ward|Infrastructure & Community Support|0.0|Ongoing|2024
LUS-CDF-892|Regional development plans|Lusangazi Central Ward|Infrastructure & Community Support|0.0|Ongoing|2024
LUS-CDF-893|Integrated development plans|Lusangazi Central Ward|Infrastructure & Community Support|0.0|Ongoing|2024
LUS-CDF-894|Single copies of this Act may be obtained from the Government Printer|Lusangazi Central Ward|Infrastructure & Community Support|0.0|Ongoing|2024
LUS-CDF-895|P.O. Box 30136, 10101 Lusaka. Price K58.00|Lusangazi Central Ward|Infrastructure & Community Support|0.0|Ongoing|2024
LUS-CDF-896|Contents of integrated development plans|Lusangazi Central Ward|Infrastructure & Community Support|0.0|Ongoing|2024
LUS-CDF-897|Local area plans|Lusangazi Central Ward|Infrastructure & Community Support|0.0|Ongoing|2024
LUS-CDF-898|Contents of local area plans|Lusangazi Central Ward|Infrastructure & Community Support|0.0|Ongoing|2024
LUS-CDF-899|Adoption of local area plans|Lusangazi Central Ward|Infrastructure & Community Support|0.0|Ongoing|2024
LUS-CDF-900|Planning agreements|Lusangazi Central Ward|Infrastructure & Community Support|0.0|Ongoing|2024
LUS-CDF-901|2024 COMMUNITY PROJECTS PRIORITISED BY RESPECTIVES WDCS|Lusangazi Central Ward|Infrastructure & Community Support|0.0|Ongoing|2024
LUS-CDF-902|Drilling of borehole at Masosi village|Lusangazi Central Ward|Infrastructure & Community Support|0.0|Ongoing|2024
LUS-CDF-903|Water and Sanitation|Lusangazi Central Ward|Infrastructure & Community Support|0.0|Ongoing|2024
LUS-CDF-904|Drilling of borehole at mzaleka village|Lusangazi Central Ward|Infrastructure & Community Support|0.0|Ongoing|2024
LUS-CDF-905|Water and Sanitation|Lusangazi Central Ward|Infrastructure & Community Support|0.0|Ongoing|2024
LUS-CDF-906|Construction of a health post clinic at Chiwa zone|Lusangazi Central Ward|Infrastructure & Community Support|0.0|Ongoing|2024
LUS-CDF-907|Construction of a 1x3 classroom block for early childhood education at Ray school|Lusangazi Central Ward|Infrastructure & Community Support|0.0|Ongoing|2024
LUS-CDF-908|Construction of 1x3 classroom block at chiwa school|Lusangazi Central Ward|Infrastructure & Community Support|0.0|Ongoing|2024
LUS-CDF-909|Drilling of borehole at Jere village (chiwa)|Lusangazi Central Ward|Infrastructure & Community Support|0.0|Ongoing|2024
LUS-CDF-910|Water and Sanitation|Lusangazi Central Ward|Infrastructure & Community Support|0.0|Ongoing|2024
LUS-CDF-911|Drilling of a borehole at Chiwa Katonda area (Chiwa)|Lusangazi Central Ward|Infrastructure & Community Support|0.0|Ongoing|2024
LUS-CDF-912|Water and Sanitation|Lusangazi Central Ward|Infrastructure & Community Support|0.0|Ongoing|2024
LUS-CDF-913|Drilling of a borehole at chiwa kafufuma area (Chiwa)|Lusangazi Central Ward|Infrastructure & Community Support|0.0|Ongoing|2024
LUS-CDF-914|Water and Sanitation|Lusangazi Central Ward|Infrastructure & Community Support|0.0|Ongoing|2024
LUS-CDF-915|Drilling of borehole at chiwa chifunitla area (Chiwa)|Lusangazi Central Ward|Infrastructure & Community Support|0.0|Ongoing|2024
LUS-CDF-916|Water and Sanitation|Lusangazi Central Ward|Infrastructure & Community Support|0.0|Ongoing|2024
LUS-CDF-917|Drilling of borehole at masomphenya (Chiwa)|Lusangazi Central Ward|Infrastructure & Community Support|0.0|Ongoing|2024
LUS-CDF-918|Water and Sanitation|Lusangazi Central Ward|Infrastructure & Community Support|0.0|Ongoing|2024
LUS-CDF-919|Grading of 50km road at chilongozi to Sandwe road|Lusangazi Central Ward|Infrastructure & Community Support|0.0|Ongoing|2024
LUS-CDF-920|Construction of a health post at lumbuka|Lusangazi Central Ward|Infrastructure & Community Support|0.0|Ongoing|2024
LUS-CDF-921|Construction of maternity annex at Sandwe|Lusangazi Central Ward|Infrastructure & Community Support|0.0|Ongoing|2024
LUS-CDF-922|Construction of a maternity annex and a staff house at chiwale|Lusangazi Central Ward|Infrastructure & Community Support|0.0|Ongoing|2024
LUS-CDF-923|Construction of two staff houses at Chioteta Primary school|Lusangazi Central Ward|Infrastructure & Community Support|0.0|Ongoing|2024
LUS-CDF-924|Construction of two houses at Sandwe primary School|Lusangazi Central Ward|Infrastructure & Community Support|0.0|Ongoing|2024
LUS-CDF-925|Completion of 1x3 classroom block at Mileka Primary School|Lusangazi Central Ward|Infrastructure & Community Support|0.0|Ongoing|2024
LUS-CDF-926|Construction of two staff houses at Haugen primary|Lusangazi Central Ward|Infrastructure & Community Support|0.0|Ongoing|2024
LUS-CDF-927|Construction of two teachers houses at mangolo primary school|Lusangazi Central Ward|Infrastructure & Community Support|0.0|Ongoing|2024
LUS-CDF-928|Construction of two teachers houses at mwanika primary School|Lusangazi Central Ward|Infrastructure & Community Support|0.0|Ongoing|2024
LUS-CDF-929|Construction of health post at maila zone|Lusangazi Central Ward|Infrastructure & Community Support|0.0|Ongoing|2024
LUS-CDF-930|Rehabilitation of a Dam at Haugeni zone|Lusangazi Central Ward|Infrastructure & Community Support|0.0|Ongoing|2024
LUS-CDF-931|Official Use Only|Lusangazi Central Ward|Infrastructure & Community Support|0.0|Ongoing|2024
LUS-CDF-932|MINISTRY OF LOCAL GOVERNMENT AND RURAL DEVELOPMENT|Lusangazi Central Ward|Infrastructure & Community Support|0.0|Ongoing|2024
LUS-CDF-933|Council Citizen Engagement Strategy|Lusangazi Central Ward|Infrastructure & Community Support|0.0|Ongoing|2024
LUS-CDF-934|Zambia Devolution support program|Lusangazi Central Ward|Infrastructure & Community Support|0.0|Ongoing|2024
LUS-CDF-935|(With a Focus on Output Based Budgeting and|Lusangazi Central Ward|Infrastructure & Community Support|0.0|Ongoing|2024
LUS-CDF-936|Project Implementation Management)|Lusangazi Central Ward|Infrastructure & Community Support|0.0|Ongoing|2024
LUS-CDF-937|Official Use Only|Lusangazi Central Ward|Infrastructure & Community Support|0.0|Ongoing|2024
LUS-CDF-938|Town Council Citizen Engagement Strategy.................................. Error! Bookmark not defin|Lusangazi Central Ward|Infrastructure & Community Support|0.0|Ongoing|2024
LUS-CDF-939|1. Introduction ....................................................................................|Lusangazi Central Ward|Infrastructure & Community Support|0.0|Ongoing|2024
LUS-CDF-940|1.1 Background .....................................................................................|Lusangazi Central Ward|Infrastructure & Community Support|0.0|Ongoing|2024
LUS-CDF-941|1.2 Current C.E. Efforts by Council ...............................................................|Lusangazi Central Ward|Infrastructure & Community Support|0.0|Ongoing|2024
LUS-CDF-942|2. Vision, Aim and Objectives.......................................................................|Lusangazi Central Ward|Infrastructure & Community Support|0.0|Ongoing|2024
LUS-CDF-943|3.Approaches and Methods of Engagement .............................................................|Lusangazi Central Ward|Infrastructure & Community Support|0.0|Ongoing|2024
LUS-CDF-944|4. Implementation Plan .............................................................................|Lusangazi Central Ward|Infrastructure & Community Support|0.0|Ongoing|2024
LUS-CDF-945|5. Communication Plan ..............................................................................|Lusangazi Central Ward|Infrastructure & Community Support|0.0|Ongoing|2024
LUS-CDF-946|6. Budget (for the Implementation of the CE Process) ...............................................|Lusangazi Central Ward|Infrastructure & Community Support|0.0|Ongoing|2024
LUS-CDF-947|7.Monitoring, Evaluation and Reporting .............................................................|Lusangazi Central Ward|Infrastructure & Community Support|0.0|Ongoing|2024
LUS-CDF-948|8. Conclusion ......................................................................................|Lusangazi Central Ward|Infrastructure & Community Support|0.0|Ongoing|2024
LUS-CDF-949|Annex ..............................................................................................|Lusangazi Central Ward|Infrastructure & Community Support|0.0|Ongoing|2024
LUS-CDF-950|Official Use Only|Lusangazi Central Ward|Infrastructure & Community Support|0.0|Ongoing|2024
LUS-CDF-951|Section Content Notes:|Lusangazi Central Ward|Infrastructure & Community Support|0.0|Ongoing|2024
LUS-CDF-952|You may refer to the CES guideline to populate this section. The text may include:|Lusangazi Central Ward|Infrastructure & Community Support|0.0|Ongoing|2024
LUS-CDF-953|a) Provide a brief description of the importance of citizen engagement in democratic governance and|Lusangazi Central Ward|Infrastructure & Community Support|0.0|Ongoing|2024
LUS-CDF-954|the budget process at local level;|Lusangazi Central Ward|Infrastructure & Community Support|0.0|Ongoing|2024
LUS-CDF-955|b) A statement that certain legal and policy obligations are being fulfilled;|Lusangazi Central Ward|Infrastructure & Community Support|0.0|Ongoing|2024
LUS-CDF-956|c) You may also emphasize on the development of this document as a plan to achieve the goals to|Lusangazi Central Ward|Infrastructure & Community Support|0.0|Ongoing|2024
LUS-CDF-957|empower citizens, improve decision-making, and foster trust between government and the public.|Lusangazi Central Ward|Infrastructure & Community Support|0.0|Ongoing|2024
LUS-CDF-958|1.2 Current C.E. Efforts by Council|Lusangazi Central Ward|Infrastructure & Community Support|0.0|Ongoing|2024
LUS-CDF-959|a) Provide a description of the CE efforts that the council has invested in during the budgeting and|Lusangazi Central Ward|Infrastructure & Community Support|0.0|Ongoing|2024
LUS-CDF-960|project cycle processes.|Lusangazi Central Ward|Infrastructure & Community Support|0.0|Ongoing|2024
LUS-CDF-961|2025 COMMUNITY PROJECTS PRIORITISED BY RESPECTIVES|Lusangazi Central Ward|Infrastructure & Community Support|0.0|Ongoing|2024
LUS-CDF-962|COMMUNITIES THROUGH WDCs|Lusangazi Central Ward|Infrastructure & Community Support|0.0|Ongoing|2024
LUS-CDF-963|Drilling of borehole at Masosi village|Lusangazi Central Ward|Infrastructure & Community Support|0.0|Ongoing|2024
LUS-CDF-964|Water and Sanitation|Lusangazi Central Ward|Infrastructure & Community Support|0.0|Ongoing|2024
LUS-CDF-965|Drilling of borehole at mzaleka village|Lusangazi Central Ward|Infrastructure & Community Support|0.0|Ongoing|2024
LUS-CDF-966|Water and Sanitation|Lusangazi Central Ward|Infrastructure & Community Support|0.0|Ongoing|2024
LUS-CDF-967|Construction of a health post clinic at Chiwa zone|Lusangazi Central Ward|Infrastructure & Community Support|0.0|Ongoing|2024
LUS-CDF-968|Construction of a 1x3 classroom block for early childhood education at Ray school Education|Lusangazi Central Ward|Infrastructure & Community Support|0.0|Ongoing|2024
LUS-CDF-969|Construction of 1x3 classroom block at chiwa school|Lusangazi Central Ward|Infrastructure & Community Support|0.0|Ongoing|2024
LUS-CDF-970|Drilling of borehole at Jere village (chiwa)|Lusangazi Central Ward|Infrastructure & Community Support|0.0|Ongoing|2024
LUS-CDF-971|Water and Sanitation|Lusangazi Central Ward|Infrastructure & Community Support|0.0|Ongoing|2024
LUS-CDF-972|Drilling of a borehole at Chiwa Katonda area (Chiwa)|Lusangazi Central Ward|Infrastructure & Community Support|0.0|Ongoing|2024
LUS-CDF-973|Water and Sanitation|Lusangazi Central Ward|Infrastructure & Community Support|0.0|Ongoing|2024
LUS-CDF-974|Drilling of a borehole at chiwa kafufuma area (Chiwa)|Lusangazi Central Ward|Infrastructure & Community Support|0.0|Ongoing|2024
LUS-CDF-975|Water and Sanitation|Lusangazi Central Ward|Infrastructure & Community Support|0.0|Ongoing|2024
LUS-CDF-976|Drilling of borehole at chiwa chifunitla area (Chiwa)|Lusangazi Central Ward|Infrastructure & Community Support|0.0|Ongoing|2024
LUS-CDF-977|Water and Sanitation|Lusangazi Central Ward|Infrastructure & Community Support|0.0|Ongoing|2024
LUS-CDF-978|Drilling of borehole at masomphenya (Chiwa)|Lusangazi Central Ward|Infrastructure & Community Support|0.0|Ongoing|2024
LUS-CDF-979|Water and Sanitation|Lusangazi Central Ward|Infrastructure & Community Support|0.0|Ongoing|2024
LUS-CDF-980|Grading of 50km road at chilongozi to Sandwe road|Lusangazi Central Ward|Infrastructure & Community Support|0.0|Ongoing|2024
LUS-CDF-981|Construction of a health post at lumbuka|Lusangazi Central Ward|Infrastructure & Community Support|0.0|Ongoing|2024
LUS-CDF-982|Construction of maternity annex at Sandwe|Lusangazi Central Ward|Infrastructure & Community Support|0.0|Ongoing|2024
LUS-CDF-983|Construction of a maternity annex and a staff house at chiwale|Lusangazi Central Ward|Infrastructure & Community Support|0.0|Ongoing|2024
LUS-CDF-984|Construction of two staff houses at Chioteta Primary school|Lusangazi Central Ward|Infrastructure & Community Support|0.0|Ongoing|2024
LUS-CDF-985|Construction of two houses at Sandwe primary School|Lusangazi Central Ward|Infrastructure & Community Support|0.0|Ongoing|2024
LUS-CDF-986|Completion of 1x3 classroom block at Mileka Primary School|Lusangazi Central Ward|Infrastructure & Community Support|0.0|Ongoing|2024
LUS-CDF-987|Construction of two staff houses at Haugen primary|Lusangazi Central Ward|Infrastructure & Community Support|0.0|Ongoing|2024
LUS-CDF-988|Construction of two teachers houses at mangolo primary school|Lusangazi Central Ward|Infrastructure & Community Support|0.0|Ongoing|2024
LUS-CDF-989|Construction of two teachers houses at mwanika primary School|Lusangazi Central Ward|Infrastructure & Community Support|0.0|Ongoing|2024
LUS-CDF-990|Construction of health post at maila zone|Lusangazi Central Ward|Infrastructure & Community Support|0.0|Ongoing|2024
LUS-CDF-991|(For immediate release)|Lusangazi Central Ward|Infrastructure & Community Support|0.0|Ongoing|2024
LUS-CDF-992|8th November, 2022|Lusangazi Central Ward|Infrastructure & Community Support|0.0|Ongoing|2024
LUS-CDF-993|GOVERNMENT DISBURSES K1 BILLION CDF TO LOCAL AUTHORITIES FOR|Lusangazi Central Ward|Infrastructure & Community Support|0.0|Ongoing|2024
LUS-CDF-994|LUSAKA: The Ministry of Local Government wishes to inform the nation that it|Lusangazi Central Ward|Infrastructure & Community Support|0.0|Ongoing|2024
LUS-CDF-995|has disbursed a total of K1,003,656,525 as part of the Constituency|Lusangazi Central Ward|Infrastructure & Community Support|0.0|Ongoing|2024
LUS-CDF-996|Development Fund (CDF) to all the 156 Constituencies countrywide which|Lusangazi Central Ward|Infrastructure & Community Support|0.0|Ongoing|2024
LUS-CDF-997|translates to K6,433,695.67 per Constituency.|Lusangazi Central Ward|Infrastructure & Community Support|0.0|Ongoing|2024
LUS-CDF-998|This brings the total amount of funds disbursed under the 2022 CDF to|Lusangazi Central Ward|Infrastructure & Community Support|0.0|Ongoing|2024
LUS-CDF-999|K19,860,239.85 per Constituency.|Lusangazi Central Ward|Infrastructure & Community Support|0.0|Ongoing|2024
LUS-CDF-1000|The Ministry of Local Government and Rural Development Permanent Secretary|Lusangazi Central Ward|Infrastructure & Community Support|0.0|Ongoing|2024
LUS-CDF-1001|(Administration), Mr. Maambo B. Haamaundu announced today, 8th November,|Lusangazi Central Ward|Infrastructure & Community Support|0.0|Ongoing|2024
LUS-CDF-1002|2022, that the disbursement was made to all the 156 Constituencies through|Lusangazi Central Ward|Infrastructure & Community Support|0.0|Ongoing|2024
LUS-CDF-1003|their respective Local Authorities.|Lusangazi Central Ward|Infrastructure & Community Support|0.0|Ongoing|2024
LUS-CDF-1004|Mr Haamaundu stated that, from the total CDF allocation of 25.7 Million|Lusangazi Central Ward|Infrastructure & Community Support|0.0|Ongoing|2024
LUS-CDF-1005|Kwacha (K25.7 million) allocated to each Constituency in this year’s National|Lusangazi Central Ward|Infrastructure & Community Support|0.0|Ongoing|2024
LUS-CDF-1006|Budget, approximately Five Million Kwacha (K5 million) is yet to be disbursed.|Lusangazi Central Ward|Infrastructure & Community Support|0.0|Ongoing|2024
LUS-CDF-1007|He is confident that disbursement of the Fund would significantly help the Local|Lusangazi Central Ward|Infrastructure & Community Support|0.0|Ongoing|2024
LUS-CDF-1008|Authorities to successfully implement all CDF projects approved by the Ministry|Lusangazi Central Ward|Infrastructure & Community Support|0.0|Ongoing|2024
LUS-CDF-1009|since the beginning of the financial year-2022.|Lusangazi Central Ward|Infrastructure & Community Support|0.0|Ongoing|2024
LUS-CDF-1010|“With this latest figure, it shows that Ministry has disbursed significant amounts|Lusangazi Central Ward|Infrastructure & Community Support|0.0|Ongoing|2024
LUS-CDF-1011|of resources to the Local authorities to enable them carry out a number of|Lusangazi Central Ward|Infrastructure & Community Support|0.0|Ongoing|2024
LUS-CDF-1012|developmental activities as outlined in the CDF guidelines,” he stated.|Lusangazi Central Ward|Infrastructure & Community Support|0.0|Ongoing|2024
LUS-CDF-1013|The Permanent Secretary implored all the Local Authorities to ensure that there|Lusangazi Central Ward|Infrastructure & Community Support|0.0|Ongoing|2024
LUS-CDF-1014|is accountability and transparency in the utilization of the fund.|Lusangazi Central Ward|Infrastructure & Community Support|0.0|Ongoing|2024
LUS-CDF-1015|He said Government is elated to note that a number of developmental projects|Lusangazi Central Ward|Infrastructure & Community Support|0.0|Ongoing|2024
LUS-CDF-1016|are underway in Constituencies including implementation of bursary schemes,|Lusangazi Central Ward|Infrastructure & Community Support|0.0|Ongoing|2024
LUS-CDF-1017|and procurement of earthmoving equipment for working on feeder roads.|Lusangazi Central Ward|Infrastructure & Community Support|0.0|Ongoing|2024
LUS-CDF-1018|On the CDF loan scheme, Mr Haamaundu disclosed that the Ministry has|Lusangazi Central Ward|Infrastructure & Community Support|0.0|Ongoing|2024
LUS-CDF-1019|guidelines for the implementation of the loan component. The guidelines are|Lusangazi Central Ward|Infrastructure & Community Support|0.0|Ongoing|2024
LUS-CDF-1020|now in place and that there is an agreement with identified financial|Lusangazi Central Ward|Infrastructure & Community Support|0.0|Ongoing|2024
LUS-CDF-1021|CONSTITUENCY DEVELOPMENT FUND (CDF)|Lusangazi Central Ward|Infrastructure & Community Support|0.0|Ongoing|2024
LUS-CDF-1022|APPLICATION FORM FOR COMMUNITY PROJECTS|Lusangazi Central Ward|Infrastructure & Community Support|0.0|Ongoing|2024
LUS-CDF-1023|Instructions: This application form should be completed by the applicant and sent together with supp|Lusangazi Central Ward|Infrastructure & Community Support|0.0|Ongoing|2024
LUS-CDF-1024|documents to the Chairperson, Ward Development Committee.|Lusangazi Central Ward|Infrastructure & Community Support|0.0|Ongoing|2024
LUS-CDF-1025|NOTE: This form is not for sale.|Lusangazi Central Ward|Infrastructure & Community Support|0.0|Ongoing|2024
LUS-CDF-1026|Disclaimer: Completion of the form does not guarantee the approval of the Project|Lusangazi Central Ward|Infrastructure & Community Support|0.0|Ongoing|2024
LUS-CDF-1027|Project identification number|Lusangazi Central Ward|Infrastructure & Community Support|0.0|Ongoing|2024
LUS-CDF-1028|(for official use only)|Lusangazi Central Ward|Infrastructure & Community Support|0.0|Ongoing|2024
LUS-CDF-1029|CP/Zone/Ward Code Number|Lusangazi Central Ward|Infrastructure & Community Support|0.0|Ongoing|2024
LUS-CDF-1030|Types of projects Construction and rehabilitation of flush toilets or water borne|Lusangazi Central Ward|Infrastructure & Community Support|0.0|Ongoing|2024
LUS-CDF-1031|sanitation system, Construction of Police Posts, Construction of foot bridges,|Lusangazi Central Ward|Infrastructure & Community Support|0.0|Ongoing|2024
LUS-CDF-1032|Community libraries, sports centers, feeder roads, dip tanks, rehabilitation of|Lusangazi Central Ward|Infrastructure & Community Support|0.0|Ongoing|2024
LUS-CDF-1033|markets, rehabilitation and construction of community halls, construction and|Lusangazi Central Ward|Infrastructure & Community Support|0.0|Ongoing|2024
LUS-CDF-1034|rehabilitation of health posts, and others with community benefit and job creation.|Lusangazi Central Ward|Infrastructure & Community Support|0.0|Ongoing|2024
LUS-CDF-1035|Date of Application|Lusangazi Central Ward|Infrastructure & Community Support|0.0|Ongoing|2024
LUS-CDF-1036|SECTION A: GENERAL PROPOSAL DETAILS (To be filled by the applicant)|Lusangazi Central Ward|Infrastructure & Community Support|0.0|Ongoing|2024
LUS-CDF-1037|1. Name of Community making the proposal: ………………………………………………|Lusangazi Central Ward|Infrastructure & Community Support|0.0|Ongoing|2024
LUS-CDF-1038|2. Project Location:|Lusangazi Central Ward|Infrastructure & Community Support|0.0|Ongoing|2024
LUS-CDF-1039|(a) Name of District: …………………………………|Lusangazi Central Ward|Infrastructure & Community Support|0.0|Ongoing|2024
LUS-CDF-1040|(b) Name of Constituency: ………………………………|Lusangazi Central Ward|Infrastructure & Community Support|0.0|Ongoing|2024
LUS-CDF-1041|(c) Name of Ward: ………………………………………..|Lusangazi Central Ward|Infrastructure & Community Support|0.0|Ongoing|2024
LUS-CDF-1042|(d) Name of Zone: …………………………………………|Lusangazi Central Ward|Infrastructure & Community Support|0.0|Ongoing|2024
LUS-CDF-1043|3. Land Title/Ownership (where applicable)………………………|Lusangazi Central Ward|Infrastructure & Community Support|0.0|Ongoing|2024
LUS-CDF-1044|4. Type of Project (which sector does it fall in e.g.Water, Education or Health)|Lusangazi Central Ward|Infrastructure & Community Support|0.0|Ongoing|2024
LUS-CDF-1045|………………………………………………………………………………………………|Lusangazi Central Ward|Infrastructure & Community Support|0.0|Ongoing|2024
LUS-CDF-1046|5. Estimated population benefiting from the|Lusangazi Central Ward|Infrastructure & Community Support|0.0|Ongoing|2024
LUS-CDF-1047|project……………………………………………………|Lusangazi Central Ward|Infrastructure & Community Support|0.0|Ongoing|2024
LUS-CDF-1048|6. Has the community been involved in any community based project before?|Lusangazi Central Ward|Infrastructure & Community Support|0.0|Ongoing|2024
LUS-CDF-1049|(If yes please give details)|Lusangazi Central Ward|Infrastructure & Community Support|0.0|Ongoing|2024
LUS-CDF-1050|……………………………………………………………………………………………………|Lusangazi Central Ward|Infrastructure & Community Support|0.0|Ongoing|2024
LUS-CDF-1051|Local Government|Lusangazi Central Ward|Infrastructure & Community Support|0.0|Ongoing|2024
LUS-CDF-1052|THE LOCAL GOVERNMENT ACT, 2019|Lusangazi Central Ward|Infrastructure & Community Support|0.0|Ongoing|2024
LUS-CDF-1053|ARRANGEMENT OF SECTIONS|Lusangazi Central Ward|Infrastructure & Community Support|0.0|Ongoing|2024
LUS-CDF-1054|ESTABLISHMENT AND CONSTITUTION OF COUNCILS|Lusangazi Central Ward|Infrastructure & Community Support|0.0|Ongoing|2024
LUS-CDF-1055|Establishment of councils|Lusangazi Central Ward|Infrastructure & Community Support|0.0|Ongoing|2024
LUS-CDF-1056|Changes affecting districts|Lusangazi Central Ward|Infrastructure & Community Support|0.0|Ongoing|2024
LUS-CDF-1057|Incorporation of local authority|Lusangazi Central Ward|Infrastructure & Community Support|0.0|Ongoing|2024
LUS-CDF-1058|Corporate name of council|Lusangazi Central Ward|Infrastructure & Community Support|0.0|Ongoing|2024
LUS-CDF-1059|Functions of mayor or council chairperson|Lusangazi Central Ward|Infrastructure & Community Support|0.0|Ongoing|2024
LUS-CDF-1060|Election of deputy mayor or deputy council chairperson|Lusangazi Central Ward|Infrastructure & Community Support|0.0|Ongoing|2024
LUS-CDF-1061|Tenure of office of deputy mayor or deputy council|Lusangazi Central Ward|Infrastructure & Community Support|0.0|Ongoing|2024
LUS-CDF-1062|Discharge of functions of mayor or council chairperson|Lusangazi Central Ward|Infrastructure & Community Support|0.0|Ongoing|2024
LUS-CDF-1063|during vacancy or absence|Lusangazi Central Ward|Infrastructure & Community Support|0.0|Ongoing|2024
LUS-CDF-1064|Validity of discharge of functions|Lusangazi Central Ward|Infrastructure & Community Support|0.0|Ongoing|2024
LUS-CDF-1065|Meetings and proceedings of council|Lusangazi Central Ward|Infrastructure & Community Support|0.0|Ongoing|2024
LUS-CDF-1066|Functions of local authority|Lusangazi Central Ward|Infrastructure & Community Support|0.0|Ongoing|2024
LUS-CDF-1067|General provision with respect to discharge of functions|Lusangazi Central Ward|Infrastructure & Community Support|0.0|Ongoing|2024
LUS-CDF-1068|Power of Minister to confer additional functions on local|Lusangazi Central Ward|Infrastructure & Community Support|0.0|Ongoing|2024
LUS-CDF-1069|Single copies of this Act may be obtained from the Government Printer,|Lusangazi Central Ward|Infrastructure & Community Support|0.0|Ongoing|2024
LUS-CDF-1070|P.O. Box 30136, 10101 Lusaka, Price K112.00 each.|Lusangazi Central Ward|Infrastructure & Community Support|0.0|Ongoing|2024
LUS-CDF-1071|Local Government|Lusangazi Central Ward|Infrastructure & Community Support|0.0|Ongoing|2024
LUS-CDF-1072|Acquisition of land|Lusangazi Central Ward|Infrastructure & Community Support|0.0|Ongoing|2024
LUS-CDF-1073|Acceptance of gifts of property|Lusangazi Central Ward|Infrastructure & Community Support|0.0|Ongoing|2024
LUS-CDF-1074|Disposal of property|Lusangazi Central Ward|Infrastructure & Community Support|0.0|Ongoing|2024
LUS-CDF-1075|Grants and loans by local authority|Lusangazi Central Ward|Infrastructure & Community Support|0.0|Ongoing|2024
LUS-CDF-1076|Imposition of levies|Lusangazi Central Ward|Infrastructure & Community Support|0.0|Ongoing|2024
LUS-CDF-1077|Procedures and criteria for licensing|Lusangazi Central Ward|Infrastructure & Community Support|0.0|Ongoing|2024
LUS-CDF-1078|Imposition of other fees and charges|Lusangazi Central Ward|Infrastructure & Community Support|0.0|Ongoing|2024
LUS-CDF-1079|FUNCTIONS OF THE NATIONAL GOVERNMENT IN RELATION TO|Lusangazi Central Ward|Infrastructure & Community Support|0.0|Ongoing|2024
LUS-CDF-1080|LOCAL GOVERNMENT|Lusangazi Central Ward|Infrastructure & Community Support|0.0|Ongoing|2024
LUS-CDF-1081|SECONDARY BOARDING SCHOOL BURSARY APPLICATION FORM|Lusangazi Central Ward|Infrastructure & Community Support|0.0|Ongoing|2024
LUS-CDF-1082|REPUBLIC OF ZAMBIA|Lusangazi Central Ward|Infrastructure & Community Support|0.0|Ongoing|2024
LUS-CDF-1083|CONSTITUENCY DEVELOPMENT FUND (CDF)|Lusangazi Central Ward|Infrastructure & Community Support|0.0|Ongoing|2024
LUS-CDF-1084|SECONDARY BOARDING SCHOOL BURSARY APPLICATION FORM|Lusangazi Central Ward|Infrastructure & Community Support|0.0|Ongoing|2024
LUS-CDF-1085|Instructions: This application form should be completed by the applicant and sent together with supp|Lusangazi Central Ward|Infrastructure & Community Support|0.0|Ongoing|2024
LUS-CDF-1086|documents to the Chairperson, Ward Development Committee.|Lusangazi Central Ward|Infrastructure & Community Support|0.0|Ongoing|2024
LUS-CDF-1087|NOTE: This form is not for sale.|Lusangazi Central Ward|Infrastructure & Community Support|0.0|Ongoing|2024
LUS-CDF-1088|Disclaimer: Completion of the form does not guarantee the award of Secondary Boarding School Bursary|Lusangazi Central Ward|Infrastructure & Community Support|0.0|Ongoing|2024
LUS-CDF-1089|Complete all Sections in Capital/Block Letters|Lusangazi Central Ward|Infrastructure & Community Support|0.0|Ongoing|2024
LUS-CDF-1090|A. APPLICANT’S PERSONAL INFORMATION|Lusangazi Central Ward|Infrastructure & Community Support|0.0|Ongoing|2024
LUS-CDF-1091|Surname: First Name: Other Names:|Lusangazi Central Ward|Infrastructure & Community Support|0.0|Ongoing|2024
LUS-CDF-1092|_____________________ _________________ __________________|Lusangazi Central Ward|Infrastructure & Community Support|0.0|Ongoing|2024
LUS-CDF-1093|Date of Birth: DD______ MM___________ YY______________|Lusangazi Central Ward|Infrastructure & Community Support|0.0|Ongoing|2024
LUS-CDF-1094|(Attach birth certificate where Possible)|Lusangazi Central Ward|Infrastructure & Community Support|0.0|Ongoing|2024
LUS-CDF-1095|Nationality: __________________________ NRC NO. (where applicable)_____________________|Lusangazi Central Ward|Infrastructure & Community Support|0.0|Ongoing|2024
LUS-CDF-1096|Province:______________District:______________________Constituency:___________________|Lusangazi Central Ward|Infrastructure & Community Support|0.0|Ongoing|2024
LUS-CDF-1097|Ward: ________________________ Village/Township: ____________________|Lusangazi Central Ward|Infrastructure & Community Support|0.0|Ongoing|2024
LUS-CDF-1098|Do you have a disability/special need? Yes|Lusangazi Central Ward|Infrastructure & Community Support|0.0|Ongoing|2024
LUS-CDF-1099|If yes, please Specify and attach relevant documentation|Lusangazi Central Ward|Infrastructure & Community Support|0.0|Ongoing|2024
LUS-CDF-1100|________________________________________________________________________________|Lusangazi Central Ward|Infrastructure & Community Support|0.0|Ongoing|2024
LUS-CDF-1101|________________________________________________________________________________|Lusangazi Central Ward|Infrastructure & Community Support|0.0|Ongoing|2024
LUS-CDF-1102|B. SCHOOL DETAILS (where you are enrolled or have been accepted)|Lusangazi Central Ward|Infrastructure & Community Support|0.0|Ongoing|2024
LUS-CDF-1103|(Attach a copy of an acceptance letter or confirmation letter from the school, this is a|Lusangazi Central Ward|Infrastructure & Community Support|0.0|Ongoing|2024
LUS-CDF-1104|Name of School where you are enrolled or have been accepted____________________________|Lusangazi Central Ward|Infrastructure & Community Support|0.0|Ongoing|2024
LUS-CDF-1105|Last School Attended_________________________________________________________|Lusangazi Central Ward|Infrastructure & Community Support|0.0|Ongoing|2024
LUS-CDF-1106|Last Grade Attended_____________|Lusangazi Central Ward|Infrastructure & Community Support|0.0|Ongoing|2024
LUS-CDF-1107|Are you/ where you a boarder? Yes_____ No ______|Lusangazi Central Ward|Infrastructure & Community Support|0.0|Ongoing|2024
LUS-CDF-1108|Who has been paying your school fees______________________________________________|Lusangazi Central Ward|Infrastructure & Community Support|0.0|Ongoing|2024
LUS-CDF-1109|Have you been supported by any organization? Yes _____ No _______|Lusangazi Central Ward|Infrastructure & Community Support|0.0|Ongoing|2024
LUS-CDF-1110|(if yes kindly give details) __________________________________________________________|Lusangazi Central Ward|Infrastructure & Community Support|0.0|Ongoing|2024
LUS-CDF-1111|REPUBLIC OF ZAMBIA|Lusangazi Central Ward|Infrastructure & Community Support|0.0|Ongoing|2024
LUS-CDF-1112|APPENDIX A. TYPES OF PROJECTS FOR FUNDING|Lusangazi Central Ward|Infrastructure & Community Support|0.0|Ongoing|2024
LUS-CDF-1113|Examples of projects that can be funded using Constituency Development Fund:|Lusangazi Central Ward|Infrastructure & Community Support|0.0|Ongoing|2024
LUS-CDF-1114|(1) COMMUNITY PROJECTS|Lusangazi Central Ward|Infrastructure & Community Support|0.0|Ongoing|2024
LUS-CDF-1115|Water Supply and Sanitation.|Lusangazi Central Ward|Infrastructure & Community Support|0.0|Ongoing|2024
LUS-CDF-1116|Construction and rehabilitation of lined and other improved wells|Lusangazi Central Ward|Infrastructure & Community Support|0.0|Ongoing|2024
LUS-CDF-1117|Construction and rehabilitation of small scale dams|Lusangazi Central Ward|Infrastructure & Community Support|0.0|Ongoing|2024
LUS-CDF-1118|Construction and rehabilitation of boreholes|Lusangazi Central Ward|Infrastructure & Community Support|0.0|Ongoing|2024
LUS-CDF-1119|Piped water supply system|Lusangazi Central Ward|Infrastructure & Community Support|0.0|Ongoing|2024
LUS-CDF-1120|Construction and rehabilitation of flush toilets or water borne sanitation system|Lusangazi Central Ward|Infrastructure & Community Support|0.0|Ongoing|2024
LUS-CDF-1121|B) Roads and Construction|Lusangazi Central Ward|Infrastructure & Community Support|0.0|Ongoing|2024
LUS-CDF-1122|Construction, rehabilitation and maintenance of feeder and community roads|Lusangazi Central Ward|Infrastructure & Community Support|0.0|Ongoing|2024
LUS-CDF-1123|Community foot bridge construction and maintenance|Lusangazi Central Ward|Infrastructure & Community Support|0.0|Ongoing|2024
LUS-CDF-1124|Culvert installation|Lusangazi Central Ward|Infrastructure & Community Support|0.0|Ongoing|2024
LUS-CDF-1125|Cause way construction|Lusangazi Central Ward|Infrastructure & Community Support|0.0|Ongoing|2024
LUS-CDF-1126|Canals, waterways embankments|Lusangazi Central Ward|Infrastructure & Community Support|0.0|Ongoing|2024
LUS-CDF-1127|Rain water harvesting infrastructure|Lusangazi Central Ward|Infrastructure & Community Support|0.0|Ongoing|2024
LUS-CDF-1128|Communal refuse bays|Lusangazi Central Ward|Infrastructure & Community Support|0.0|Ongoing|2024
LUS-CDF-1129|C) Agriculture Project|Lusangazi Central Ward|Infrastructure & Community Support|0.0|Ongoing|2024
LUS-CDF-1130|Small Scale Irrigation Systems|Lusangazi Central Ward|Infrastructure & Community Support|0.0|Ongoing|2024
LUS-CDF-1131|Community Storage Sheds|Lusangazi Central Ward|Infrastructure & Community Support|0.0|Ongoing|2024
LUS-CDF-1132|D) Markets, Bus Shelters and Security|Lusangazi Central Ward|Infrastructure & Community Support|0.0|Ongoing|2024
LUS-CDF-1133|Construction and rehabilitation of markets|Lusangazi Central Ward|Infrastructure & Community Support|0.0|Ongoing|2024
LUS-CDF-1134|Construction and rehabilitation of bus shelters.|Lusangazi Central Ward|Infrastructure & Community Support|0.0|Ongoing|2024
LUS-CDF-1135|Rehabilitation and construction of community police posts|Lusangazi Central Ward|Infrastructure & Community Support|0.0|Ongoing|2024
LUS-CDF-1136|E) Education and health Projects|Lusangazi Central Ward|Infrastructure & Community Support|0.0|Ongoing|2024
LUS-CDF-1137|Construction and rehabilitation of education facilities (Schools, libraries and laboratories) includ|Lusangazi Central Ward|Infrastructure & Community Support|0.0|Ongoing|2024
LUS-CDF-1138|Construction and rehabilitation of health facilities e.g. health posts, maternity wing|Lusangazi Central Ward|Infrastructure & Community Support|0.0|Ongoing|2024
LUS-CDF-1139|Construction and rehabilitation of community library|Lusangazi Central Ward|Infrastructure & Community Support|0.0|Ongoing|2024
LUS-CDF-1140|Health Projects such as nutrition etc.|Lusangazi Central Ward|Infrastructure & Community Support|0.0|Ongoing|2024
LUS-CDF-1141|CONSTITUENCY DEVELOPMENT FUND (CDF)|Lusangazi Central Ward|Infrastructure & Community Support|0.0|Ongoing|2024
LUS-CDF-1142|APPLICATION FORM FOR COMMUNITY PROJECTS|Lusangazi Central Ward|Infrastructure & Community Support|0.0|Ongoing|2024
LUS-CDF-1143|Instructions: This application form should be completed by the applicant and sent together with supp|Lusangazi Central Ward|Infrastructure & Community Support|0.0|Ongoing|2024
LUS-CDF-1144|documents to the Chairperson, Ward Development Committee.|Lusangazi Central Ward|Infrastructure & Community Support|0.0|Ongoing|2024
LUS-CDF-1145|NOTE: This form is not for sale.|Lusangazi Central Ward|Infrastructure & Community Support|0.0|Ongoing|2024
LUS-CDF-1146|Disclaimer: Completion of the form does not guarantee the approval of the Project|Lusangazi Central Ward|Infrastructure & Community Support|0.0|Ongoing|2024
LUS-CDF-1147|Project identification number|Lusangazi Central Ward|Infrastructure & Community Support|0.0|Ongoing|2024
LUS-CDF-1148|(for official use only)|Lusangazi Central Ward|Infrastructure & Community Support|0.0|Ongoing|2024
LUS-CDF-1149|CP/Zone/Ward Code Number|Lusangazi Central Ward|Infrastructure & Community Support|0.0|Ongoing|2024
LUS-CDF-1150|Types of projects Construction and rehabilitation of flush toilets or water borne|Lusangazi Central Ward|Infrastructure & Community Support|0.0|Ongoing|2024
LUS-CDF-1151|sanitation system, Construction of Police Posts, Construction of foot bridges,|Lusangazi Central Ward|Infrastructure & Community Support|0.0|Ongoing|2024
LUS-CDF-1152|Community libraries, sports centers, feeder roads, dip tanks, rehabilitation of|Lusangazi Central Ward|Infrastructure & Community Support|0.0|Ongoing|2024
LUS-CDF-1153|markets, rehabilitation and construction of community halls, construction and|Lusangazi Central Ward|Infrastructure & Community Support|0.0|Ongoing|2024
LUS-CDF-1154|rehabilitation of health posts, and others with community benefit and job creation.|Lusangazi Central Ward|Infrastructure & Community Support|0.0|Ongoing|2024
LUS-CDF-1155|Date of Application|Lusangazi Central Ward|Infrastructure & Community Support|0.0|Ongoing|2024
LUS-CDF-1156|SECTION A: GENERAL PROPOSAL DETAILS (To be filled by the applicant)|Lusangazi Central Ward|Infrastructure & Community Support|0.0|Ongoing|2024
LUS-CDF-1157|1. Name of Community making the proposal: ………………………………………………|Lusangazi Central Ward|Infrastructure & Community Support|0.0|Ongoing|2024
LUS-CDF-1158|2. Project Location:|Lusangazi Central Ward|Infrastructure & Community Support|0.0|Ongoing|2024
LUS-CDF-1159|(a) Name of District: …………………………………|Lusangazi Central Ward|Infrastructure & Community Support|0.0|Ongoing|2024
LUS-CDF-1160|(b) Name of Constituency: ………………………………|Lusangazi Central Ward|Infrastructure & Community Support|0.0|Ongoing|2024
LUS-CDF-1161|(c) Name of Ward: ………………………………………..|Lusangazi Central Ward|Infrastructure & Community Support|0.0|Ongoing|2024
LUS-CDF-1162|(d) Name of Zone: …………………………………………|Lusangazi Central Ward|Infrastructure & Community Support|0.0|Ongoing|2024
LUS-CDF-1163|3. Land Title/Ownership (where applicable)………………………|Lusangazi Central Ward|Infrastructure & Community Support|0.0|Ongoing|2024
LUS-CDF-1164|4. Type of Project (which sector does it fall in e.g.Water, Education or Health)|Lusangazi Central Ward|Infrastructure & Community Support|0.0|Ongoing|2024
LUS-CDF-1165|………………………………………………………………………………………………|Lusangazi Central Ward|Infrastructure & Community Support|0.0|Ongoing|2024
LUS-CDF-1166|5. Estimated population benefiting from the|Lusangazi Central Ward|Infrastructure & Community Support|0.0|Ongoing|2024
LUS-CDF-1167|project……………………………………………………|Lusangazi Central Ward|Infrastructure & Community Support|0.0|Ongoing|2024
LUS-CDF-1168|6. Has the community been involved in any community based project before?|Lusangazi Central Ward|Infrastructure & Community Support|0.0|Ongoing|2024
LUS-CDF-1169|(If yes please give details)|Lusangazi Central Ward|Infrastructure & Community Support|0.0|Ongoing|2024
LUS-CDF-1170|……………………………………………………………………………………………………|Lusangazi Central Ward|Infrastructure & Community Support|0.0|Ongoing|2024
LUS-CDF-1171|MINISTRY OF FINANCE AND NATIONAL DEVELOPMENT|Lusangazi Central Ward|Infrastructure & Community Support|0.0|Ongoing|2024
LUS-CDF-1172|REPUBLIC OF ZAMBIA|Lusangazi Central Ward|Infrastructure & Community Support|0.0|Ongoing|2024
LUS-CDF-1173|DEVELOPMENT PLAN|Lusangazi Central Ward|Infrastructure & Community Support|0.0|Ongoing|2024
LUS-CDF-1174|“SOCIO-ECONOMIC TRANSFORMATION FOR IMPROVED LIVELIHOODS”|Lusangazi Central Ward|Infrastructure & Community Support|0.0|Ongoing|2024
LUS-CDF-1175|Ministry of Finance and National Planning|Lusangazi Central Ward|Infrastructure & Community Support|0.0|Ongoing|2024
LUS-CDF-1176|Tel: +260-211-252395|Lusangazi Central Ward|Infrastructure & Community Support|0.0|Ongoing|2024
LUS-CDF-1177|EIGHTH NATIONAL DEVELOPMENT PLAN|Lusangazi Central Ward|Infrastructure & Community Support|0.0|Ongoing|2024
LUS-CDF-1178|Socio-economic transformation for improved livelihoods|Lusangazi Central Ward|Infrastructure & Community Support|0.0|Ongoing|2024
LUS-CDF-1179|EIGHTH NATIONAL DEVELOPMENT PLAN (8NDP) 2022-2026|Lusangazi Central Ward|Infrastructure & Community Support|0.0|Ongoing|2024
LUS-CDF-1180|REPUBLIC OF ZAMBIA|Lusangazi Central Ward|Infrastructure & Community Support|0.0|Ongoing|2024
LUS-CDF-1181|MINISTRY OF FINANCE AND NATIONAL DEVELOPMENT DEVELOPMENT|Lusangazi Central Ward|Infrastructure & Community Support|0.0|Ongoing|2024
LUS-CDF-1182|The past few years have tested the resolve of people around the world and in Zambia. The COVID-19 Pa|Lusangazi Central Ward|Infrastructure & Community Support|0.0|Ongoing|2024
LUS-CDF-1183|adversely affected supply chains and economic activity, as well as the general wellbeing of millions|Lusangazi Central Ward|Infrastructure & Community Support|0.0|Ongoing|2024
LUS-CDF-1184|people, and more tragically, resulted in the death of millions of people around the world. In Zambia|Lusangazi Central Ward|Infrastructure & Community Support|0.0|Ongoing|2024
LUS-CDF-1185|compounded by high debt levels, the result of which was low growth, and narrowing of resources avail|Lusangazi Central Ward|Infrastructure & Community Support|0.0|Ongoing|2024
LUS-CDF-1186|for developmental programmes.|Lusangazi Central Ward|Infrastructure & Community Support|0.0|Ongoing|2024
LUS-CDF-1187|In view of these developments, the challenges facing the people of Zambia in the next few years are|Lusangazi Central Ward|Infrastructure & Community Support|0.0|Ongoing|2024
LUS-CDF-1188|enormous. We must as a nation ensure that we attain, and make national development the main priority|Lusangazi Central Ward|Infrastructure & Community Support|0.0|Ongoing|2024
LUS-CDF-1189|in the widest sense of the term. National development must go beyond growing the economy, which is a|Lusangazi Central Ward|Infrastructure & Community Support|0.0|Ongoing|2024
LUS-CDF-1190|important pre-requisite, but also ensuring that our people, the Zambian citizens, in all parts of th|Lusangazi Central Ward|Infrastructure & Community Support|0.0|Ongoing|2024
LUS-CDF-1191|are at the centre of everything that we do. We must not only aim at ensuring growth for its own sake|Lusangazi Central Ward|Infrastructure & Community Support|0.0|Ongoing|2024
LUS-CDF-1192|we will pursue growth that transforms the livelihood of the people, hence the theme of the Plan, “So|Lusangazi Central Ward|Infrastructure & Community Support|0.0|Ongoing|2024
LUS-CDF-1193|economic transformation for improved livelihoods”.|Lusangazi Central Ward|Infrastructure & Community Support|0.0|Ongoing|2024
LUS-CDF-1194|Even before we go into implementation of the Plan, we have already taken the initial steps, since co|Lusangazi Central Ward|Infrastructure & Community Support|0.0|Ongoing|2024
LUS-CDF-1195|into power in August 2021, to stabilize the economy, restore public confidence and strengthen democr|Lusangazi Central Ward|Infrastructure & Community Support|0.0|Ongoing|2024
LUS-CDF-1196|institutions. The key measures have targeted at addressing the debt problem, providing free educatio|Lusangazi Central Ward|Infrastructure & Community Support|0.0|Ongoing|2024
LUS-CDF-1197|scaling up social safety nets, and taking service delivery and resources closer to the people by inc|Lusangazi Central Ward|Infrastructure & Community Support|0.0|Ongoing|2024
LUS-CDF-1198|financing to constituencies. We are aware, however, that more must be done, and urgently. That is wh|Lusangazi Central Ward|Infrastructure & Community Support|0.0|Ongoing|2024
LUS-CDF-1199|glad that the Eighth National Development Plan(8NDP) has been formulated and launched in the first y|Lusangazi Central Ward|Infrastructure & Community Support|0.0|Ongoing|2024
LUS-CDF-1200|of the new dawn administration’s first term in office.|Lusangazi Central Ward|Infrastructure & Community Support|0.0|Ongoing|2024
LUS-CDF-1201|THE FOOD SAFETY ACT, 2019|Lusangazi Central Ward|Infrastructure & Community Support|0.0|Ongoing|2024
LUS-CDF-1202|ARRANGEMENT OF SECTIONS|Lusangazi Central Ward|Infrastructure & Community Support|0.0|Ongoing|2024
LUS-CDF-1203|1. Short title and commencement|Lusangazi Central Ward|Infrastructure & Community Support|0.0|Ongoing|2024
LUS-CDF-1204|2. Interpretation|Lusangazi Central Ward|Infrastructure & Community Support|0.0|Ongoing|2024
LUS-CDF-1205|THE FOOD SAFETY COORDINATING COMMITTEE|Lusangazi Central Ward|Infrastructure & Community Support|0.0|Ongoing|2024
LUS-CDF-1206|3. Establishment of Food Safety Coordinating Committee|Lusangazi Central Ward|Infrastructure & Community Support|0.0|Ongoing|2024
LUS-CDF-1207|4. Functions of Committee|Lusangazi Central Ward|Infrastructure & Community Support|0.0|Ongoing|2024
LUS-CDF-1208|5. ScientificAdvisory Sub-Committee|Lusangazi Central Ward|Infrastructure & Community Support|0.0|Ongoing|2024
LUS-CDF-1209|6. Functions of ScientificAdvisory Sub-Committee|Lusangazi Central Ward|Infrastructure & Community Support|0.0|Ongoing|2024
LUS-CDF-1210|REGULATION OFARTICLES|Lusangazi Central Ward|Infrastructure & Community Support|0.0|Ongoing|2024
LUS-CDF-1211|7. Prohibition sale of poisonous, unfit or adulterated food|Lusangazi Central Ward|Infrastructure & Community Support|0.0|Ongoing|2024
LUS-CDF-1212|8. Prohibition of sale of article not of nature, substance or|Lusangazi Central Ward|Infrastructure & Community Support|0.0|Ongoing|2024
LUS-CDF-1213|quality required by purchaser|Lusangazi Central Ward|Infrastructure & Community Support|0.0|Ongoing|2024
LUS-CDF-1214|9. Sale and preparation of food under insanitary conditions|Lusangazi Central Ward|Infrastructure & Community Support|0.0|Ongoing|2024
LUS-CDF-1215|10.Prohibition of deception in labelling packaging and selling of|Lusangazi Central Ward|Infrastructure & Community Support|0.0|Ongoing|2024
LUS-CDF-1216|11. Labelling, selling or advertising of food contrary to standards|Lusangazi Central Ward|Infrastructure & Community Support|0.0|Ongoing|2024
LUS-CDF-1217|12.Rendering food injurious to health|Lusangazi Central Ward|Infrastructure & Community Support|0.0|Ongoing|2024
LUS-CDF-1218|13.Selling food not compliant with food safety requirements|Lusangazi Central Ward|Infrastructure & Community Support|0.0|Ongoing|2024
LUS-CDF-1219|14.Prohibition of sale or advertisement of food as treatment for|Lusangazi Central Ward|Infrastructure & Community Support|0.0|Ongoing|2024
LUS-CDF-1220|15.Prohibition of handlingfood without certificate of compliance|Lusangazi Central Ward|Infrastructure & Community Support|0.0|Ongoing|2024
LUS-CDF-1221|or health inspection report|Lusangazi Central Ward|Infrastructure & Community Support|0.0|Ongoing|2024
LUS-CDF-1222|16.Prohibited sale of devices|Lusangazi Central Ward|Infrastructure & Community Support|0.0|Ongoing|2024
LUS-CDF-1223|Single copies of this Act may be obtained from the Government Printer,|Lusangazi Central Ward|Infrastructure & Community Support|0.0|Ongoing|2024
LUS-CDF-1224|P.O. Box 30136, 10101 Lusaka, Price K96.00 each.|Lusangazi Central Ward|Infrastructure & Community Support|0.0|Ongoing|2024
LUS-CDF-1225|17. Sale and preparation of devices under insanitary conditions|Lusangazi Central Ward|Infrastructure & Community Support|0.0|Ongoing|2024
LUS-CDF-1226|18. Prohibition of deception in labelling packaging and selling|Lusangazi Central Ward|Infrastructure & Community Support|0.0|Ongoing|2024
LUS-CDF-1227|19. Standards for devices|Lusangazi Central Ward|Infrastructure & Community Support|0.0|Ongoing|2024
LUS-CDF-1228|20. Importation of article|Lusangazi Central Ward|Infrastructure & Community Support|0.0|Ongoing|2024
LUS-CDF-1229|21. Warranty on article|Lusangazi Central Ward|Infrastructure & Community Support|0.0|Ongoing|2024
LUS-CDF-1230|22. Powers of appropriate enforcement authority|Lusangazi Central Ward|Infrastructure & Community Support|0.0|Ongoing|2024
LUS-CDF-1231|2024 COMMUNITY PROJECTS PRIORITISED BY RESPECTIVES WDCS|Lusangazi Central Ward|Infrastructure & Community Support|0.0|Ongoing|2024
LUS-CDF-1232|Drilling of borehole at Masosi village|Lusangazi Central Ward|Infrastructure & Community Support|0.0|Ongoing|2024
LUS-CDF-1233|Water and Sanitation|Lusangazi Central Ward|Infrastructure & Community Support|0.0|Ongoing|2024
LUS-CDF-1234|Drilling of borehole at mzaleka village|Lusangazi Central Ward|Infrastructure & Community Support|0.0|Ongoing|2024
LUS-CDF-1235|Water and Sanitation|Lusangazi Central Ward|Infrastructure & Community Support|0.0|Ongoing|2024
LUS-CDF-1236|Construction of a health post clinic at Chiwa zone|Lusangazi Central Ward|Infrastructure & Community Support|0.0|Ongoing|2024
LUS-CDF-1237|Construction of a 1x3 classroom block for early childhood education at Ray school|Lusangazi Central Ward|Infrastructure & Community Support|0.0|Ongoing|2024
LUS-CDF-1238|Construction of 1x3 classroom block at chiwa school|Lusangazi Central Ward|Infrastructure & Community Support|0.0|Ongoing|2024
LUS-CDF-1239|Drilling of borehole at Jere village (chiwa)|Lusangazi Central Ward|Infrastructure & Community Support|0.0|Ongoing|2024
LUS-CDF-1240|Water and Sanitation|Lusangazi Central Ward|Infrastructure & Community Support|0.0|Ongoing|2024
LUS-CDF-1241|Drilling of a borehole at Chiwa Katonda area (Chiwa)|Lusangazi Central Ward|Infrastructure & Community Support|0.0|Ongoing|2024
LUS-CDF-1242|Water and Sanitation|Lusangazi Central Ward|Infrastructure & Community Support|0.0|Ongoing|2024
LUS-CDF-1243|Drilling of a borehole at chiwa kafufuma area (Chiwa)|Lusangazi Central Ward|Infrastructure & Community Support|0.0|Ongoing|2024
LUS-CDF-1244|Water and Sanitation|Lusangazi Central Ward|Infrastructure & Community Support|0.0|Ongoing|2024
LUS-CDF-1245|Drilling of borehole at chiwa chifunitla area (Chiwa)|Lusangazi Central Ward|Infrastructure & Community Support|0.0|Ongoing|2024
LUS-CDF-1246|Water and Sanitation|Lusangazi Central Ward|Infrastructure & Community Support|0.0|Ongoing|2024
LUS-CDF-1247|Drilling of borehole at masomphenya (Chiwa)|Lusangazi Central Ward|Infrastructure & Community Support|0.0|Ongoing|2024
LUS-CDF-1248|Water and Sanitation|Lusangazi Central Ward|Infrastructure & Community Support|0.0|Ongoing|2024
LUS-CDF-1249|Grading of 50km road at chilongozi to Sandwe road|Lusangazi Central Ward|Infrastructure & Community Support|0.0|Ongoing|2024
LUS-CDF-1250|Construction of a health post at lumbuka|Lusangazi Central Ward|Infrastructure & Community Support|0.0|Ongoing|2024
LUS-CDF-1251|Construction of maternity annex at Sandwe|Lusangazi Central Ward|Infrastructure & Community Support|0.0|Ongoing|2024
LUS-CDF-1252|Construction of a maternity annex and a staff house at chiwale|Lusangazi Central Ward|Infrastructure & Community Support|0.0|Ongoing|2024
LUS-CDF-1253|Construction of two staff houses at Chioteta Primary school|Lusangazi Central Ward|Infrastructure & Community Support|0.0|Ongoing|2024
LUS-CDF-1254|Construction of two houses at Sandwe primary School|Lusangazi Central Ward|Infrastructure & Community Support|0.0|Ongoing|2024
LUS-CDF-1255|Completion of 1x3 classroom block at Mileka Primary School|Lusangazi Central Ward|Infrastructure & Community Support|0.0|Ongoing|2024
LUS-CDF-1256|Construction of two staff houses at Haugen primary|Lusangazi Central Ward|Infrastructure & Community Support|0.0|Ongoing|2024
LUS-CDF-1257|Construction of two teachers houses at mangolo primary school|Lusangazi Central Ward|Infrastructure & Community Support|0.0|Ongoing|2024
LUS-CDF-1258|Construction of two teachers houses at mwanika primary School|Lusangazi Central Ward|Infrastructure & Community Support|0.0|Ongoing|2024
LUS-CDF-1259|Construction of health post at maila zone|Lusangazi Central Ward|Infrastructure & Community Support|0.0|Ongoing|2024
LUS-CDF-1260|Rehabilitation of a Dam at Haugeni zone|Lusangazi Central Ward|Infrastructure & Community Support|0.0|Ongoing|2024
LUS-CDF-1261|The Urban and Regional Planning|Lusangazi Central Ward|Infrastructure & Community Support|0.0|Ongoing|2024
LUS-CDF-1262|[No. 3 of 2015|Lusangazi Central Ward|Infrastructure & Community Support|0.0|Ongoing|2024
LUS-CDF-1263|THE URBAN AND REGIONAL PLANNING ACT, 2015|Lusangazi Central Ward|Infrastructure & Community Support|0.0|Ongoing|2024
LUS-CDF-1264|ARRANGEMENT OF SECTIONS|Lusangazi Central Ward|Infrastructure & Community Support|0.0|Ongoing|2024
LUS-CDF-1265|Principles and standards for urban and regional planning|Lusangazi Central Ward|Infrastructure & Community Support|0.0|Ongoing|2024
LUS-CDF-1266|Inconsistencies between Acts|Lusangazi Central Ward|Infrastructure & Community Support|0.0|Ongoing|2024
LUS-CDF-1267|Integrated decision-making processes|Lusangazi Central Ward|Infrastructure & Community Support|0.0|Ongoing|2024
LUS-CDF-1268|PLANNING MANAGEMENT AND ADMINISTRATION|Lusangazi Central Ward|Infrastructure & Community Support|0.0|Ongoing|2024
LUS-CDF-1269|Planning management and administration|Lusangazi Central Ward|Infrastructure & Community Support|0.0|Ongoing|2024
LUS-CDF-1270|Role of Minister in planning|Lusangazi Central Ward|Infrastructure & Community Support|0.0|Ongoing|2024
LUS-CDF-1271|Director of Planning|Lusangazi Central Ward|Infrastructure & Community Support|0.0|Ongoing|2024
LUS-CDF-1272|Regional planning authorities|Lusangazi Central Ward|Infrastructure & Community Support|0.0|Ongoing|2024
LUS-CDF-1273|Functions of regional planning authorities|Lusangazi Central Ward|Infrastructure & Community Support|0.0|Ongoing|2024
LUS-CDF-1274|Provincial planning authorities|Lusangazi Central Ward|Infrastructure & Community Support|0.0|Ongoing|2024
LUS-CDF-1275|Functions of provincial planning authorities|Lusangazi Central Ward|Infrastructure & Community Support|0.0|Ongoing|2024
LUS-CDF-1276|Establishment of local authorities as planning authorities|Lusangazi Central Ward|Infrastructure & Community Support|0.0|Ongoing|2024
LUS-CDF-1277|Establishment of planning committees|Lusangazi Central Ward|Infrastructure & Community Support|0.0|Ongoing|2024
LUS-CDF-1278|Functions of planning committees|Lusangazi Central Ward|Infrastructure & Community Support|0.0|Ongoing|2024
LUS-CDF-1279|PLANNING FRAMEWORK AND SYSTEM|Lusangazi Central Ward|Infrastructure & Community Support|0.0|Ongoing|2024
LUS-CDF-1280|National Planning Framework|Lusangazi Central Ward|Infrastructure & Community Support|0.0|Ongoing|2024
LUS-CDF-1281|Planning guidelines|Lusangazi Central Ward|Infrastructure & Community Support|0.0|Ongoing|2024
LUS-CDF-1282|Regional development plans|Lusangazi Central Ward|Infrastructure & Community Support|0.0|Ongoing|2024
LUS-CDF-1283|Integrated development plans|Lusangazi Central Ward|Infrastructure & Community Support|0.0|Ongoing|2024
LUS-CDF-1284|Single copies of this Act may be obtained from the Government Printer|Lusangazi Central Ward|Infrastructure & Community Support|0.0|Ongoing|2024
LUS-CDF-1285|P.O. Box 30136, 10101 Lusaka. Price K58.00|Lusangazi Central Ward|Infrastructure & Community Support|0.0|Ongoing|2024
LUS-CDF-1286|Contents of integrated development plans|Lusangazi Central Ward|Infrastructure & Community Support|0.0|Ongoing|2024
LUS-CDF-1287|Local area plans|Lusangazi Central Ward|Infrastructure & Community Support|0.0|Ongoing|2024
LUS-CDF-1288|Contents of local area plans|Lusangazi Central Ward|Infrastructure & Community Support|0.0|Ongoing|2024
LUS-CDF-1289|Adoption of local area plans|Lusangazi Central Ward|Infrastructure & Community Support|0.0|Ongoing|2024
LUS-CDF-1290|Planning agreements|Lusangazi Central Ward|Infrastructure & Community Support|0.0|Ongoing|2024
LUS-CDF-1291|OUTPUT BASED ANNUAL BUDGET|Lusangazi Central Ward|Infrastructure & Community Support|0.0|Ongoing|2024
LUS-CDF-1292|LUSANGAZI TOWN COUNCIL|Lusangazi Central Ward|Infrastructure & Community Support|0.0|Ongoing|2024
LUS-CDF-1293|3.0 NATIONAL DEVELOPMENT PLAN FRAMEWORK|Lusangazi Central Ward|Infrastructure & Community Support|0.0|Ongoing|2024
LUS-CDF-1294|To provide operational and service excellence, innovation, community engagement and observance of|Lusangazi Central Ward|Infrastructure & Community Support|0.0|Ongoing|2024
LUS-CDF-1295|good financial management and accountability. This is in agreement with the Republican Constitution|Lusangazi Central Ward|Infrastructure & Community Support|0.0|Ongoing|2024
LUS-CDF-1296|(Amendment) Act No.2 of 2016 Part IX on the System of Devolved Governance [Article 147 (2)] and Part|Lusangazi Central Ward|Infrastructure & Community Support|0.0|Ongoing|2024
LUS-CDF-1297|XI on the System of Local Government.|Lusangazi Central Ward|Infrastructure & Community Support|0.0|Ongoing|2024
LUS-CDF-1298|Lusangazi Town Council will ensure effective and sustainable provision of quality services to the|Lusangazi Central Ward|Infrastructure & Community Support|0.0|Ongoing|2024
LUS-CDF-1299|community through stakeholder engagement, prioritise innovation in the provision of a safe, smarter,|Lusangazi Central Ward|Infrastructure & Community Support|0.0|Ongoing|2024
LUS-CDF-1300|healthy environmental protection and composition of infrastructure projects within the district.|Lusangazi Central Ward|Infrastructure & Community Support|0.0|Ongoing|2024
LUS-CDF-1301|Economic Transformation and Job Creation|Lusangazi Central Ward|Infrastructure & Community Support|0.0|Ongoing|2024
LUS-CDF-1302|An Industrialised and Diversified Economy|Lusangazi Central Ward|Infrastructure & Community Support|0.0|Ongoing|2024
LUS-CDF-1303|Improve agricultural production and productivity|Lusangazi Central Ward|Infrastructure & Community Support|0.0|Ongoing|2024
LUS-CDF-1304|Promote value addition and manufacturing|Lusangazi Central Ward|Infrastructure & Community Support|0.0|Ongoing|2024
LUS-CDF-1305|Improve transport and logistics|Lusangazi Central Ward|Infrastructure & Community Support|0.0|Ongoing|2024
LUS-CDF-1306|Enhanced Citizenry Participation in the Economy|Lusangazi Central Ward|Infrastructure & Community Support|0.0|Ongoing|2024
LUS-CDF-1307|Promote local and diaspora participation in the economy|Lusangazi Central Ward|Infrastructure & Community Support|0.0|Ongoing|2024
LUS-CDF-1308|Promote Enterprise development|Lusangazi Central Ward|Infrastructure & Community Support|0.0|Ongoing|2024
LUS-CDF-1309|Promote Financial Inclusion|Lusangazi Central Ward|Infrastructure & Community Support|0.0|Ongoing|2024
LUS-CDF-1310|A Competitive Private Sector|Lusangazi Central Ward|Infrastructure & Community Support|0.0|Ongoing|2024
LUS-CDF-1311|Promote quality and productivity|Lusangazi Central Ward|Infrastructure & Community Support|0.0|Ongoing|2024
LUS-CDF-1312|Facilitate increased domestic and international trade|Lusangazi Central Ward|Infrastructure & Community Support|0.0|Ongoing|2024
LUS-CDF-1313|Human and Social Development|Lusangazi Central Ward|Infrastructure & Community Support|0.0|Ongoing|2024
LUS-CDF-1314|Improved Education and Skills Development|Lusangazi Central Ward|Infrastructure & Community Support|0.0|Ongoing|2024
LUS-CDF-1315|Enhance access to quality, equitable and inclusive education|Lusangazi Central Ward|Infrastructure & Community Support|0.0|Ongoing|2024
LUS-CDF-1316|Improved Health, Food and Nutrition|Lusangazi Central Ward|Infrastructure & Community Support|0.0|Ongoing|2024
LUS-CDF-1317|Strengthen Public health|Lusangazi Central Ward|Infrastructure & Community Support|0.0|Ongoing|2024
LUS-CDF-1318|Increase access to quality health care|Lusangazi Central Ward|Infrastructure & Community Support|0.0|Ongoing|2024
LUS-CDF-1319|Enhanced food security and nutrition|Lusangazi Central Ward|Infrastructure & Community Support|0.0|Ongoing|2024
LUS-CDF-1320|Improved Water Supply and Sanitation|Lusangazi Central Ward|Infrastructure & Community Support|0.0|Ongoing|2024
LUS-CDF-1321|LUSANGAZI TOWN COUNCIL|Lusangazi Central Ward|Infrastructure & Community Support|0.0|Ongoing|2024
LUS-CDF-1322|Meeting title: MINUTES OF THE STAKEHOLDER’S ENGAGEMENT MEETING HELD WITH|Lusangazi Central Ward|Infrastructure & Community Support|0.0|Ongoing|2024
LUS-CDF-1323|MEMBERS OF THE WDC’s|Lusangazi Central Ward|Infrastructure & Community Support|0.0|Ongoing|2024
LUS-CDF-1324|Date: 18th November, 2025|Lusangazi Central Ward|Infrastructure & Community Support|0.0|Ongoing|2024
LUS-CDF-1325|Time: 11:00 hrs – 13:00 hrs|Lusangazi Central Ward|Infrastructure & Community Support|0.0|Ongoing|2024
LUS-CDF-1326|Venue: Lusangazi Town Council, Council Chamber|Lusangazi Central Ward|Infrastructure & Community Support|0.0|Ongoing|2024
LUS-CDF-1327|Facilitators: Timothy Banda, Anthony Makaliki, Lester Chilumba, Olipa Tembo|Lusangazi Central Ward|Infrastructure & Community Support|0.0|Ongoing|2024
LUS-CDF-1328|GENDER POSITION|Lusangazi Central Ward|Infrastructure & Community Support|0.0|Ongoing|2024
LUS-CDF-1329|Community Member|Lusangazi Central Ward|Infrastructure & Community Support|0.0|Ongoing|2024
LUS-CDF-1330|Community Member|Lusangazi Central Ward|Infrastructure & Community Support|0.0|Ongoing|2024
LUS-CDF-1331|Banda Christopher|Lusangazi Central Ward|Infrastructure & Community Support|0.0|Ongoing|2024
LUS-CDF-1332|Person living with a disability|Lusangazi Central Ward|Infrastructure & Community Support|0.0|Ongoing|2024
LUS-CDF-1333|Person living with a disability|Lusangazi Central Ward|Infrastructure & Community Support|0.0|Ongoing|2024
LUS-CDF-1334|District Social Welfare Officer|Lusangazi Central Ward|Infrastructure & Community Support|0.0|Ongoing|2024
LUS-CDF-1335|Lusangazi T. C. (devolved)|Lusangazi Central Ward|Infrastructure & Community Support|0.0|Ongoing|2024
LUS-CDF-1336|District Livestock and Fisheries|Lusangazi Central Ward|Infrastructure & Community Support|0.0|Ongoing|2024
LUS-CDF-1337|Lusangazi T. C. (devolved)|Lusangazi Central Ward|Infrastructure & Community Support|0.0|Ongoing|2024
LUS-CDF-1338|District Agriculture Coordinator Lusangazi T. C. (devolved)|Lusangazi Central Ward|Infrastructure & Community Support|0.0|Ongoing|2024
LUS-CDF-1339|Chilele Chitambo|Lusangazi Central Ward|Infrastructure & Community Support|0.0|Ongoing|2024
LUS-CDF-1340|Ag. Director Planning|Lusangazi Central Ward|Infrastructure & Community Support|0.0|Ongoing|2024
LUS-CDF-1341|Socio-economic Planner|Lusangazi Central Ward|Infrastructure & Community Support|0.0|Ongoing|2024
LUS-CDF-1342|Council Secretary|Lusangazi Central Ward|Infrastructure & Community Support|0.0|Ongoing|2024
LUS-CDF-1343|Anthony Makaliki|Lusangazi Central Ward|Infrastructure & Community Support|0.0|Ongoing|2024
LUS-CDF-1344|Comm. Develop. Off.|Lusangazi Central Ward|Infrastructure & Community Support|0.0|Ongoing|2024
LUS-CDF-1345|Health Inspector|Lusangazi Central Ward|Infrastructure & Community Support|0.0|Ongoing|2024
LUS-CDF-1346|Ag. Socio-economic Planner|Lusangazi Central Ward|Infrastructure & Community Support|0.0|Ongoing|2024
LUS-CDF-1347|1. Opening prayer|Lusangazi Central Ward|Infrastructure & Community Support|0.0|Ongoing|2024
LUS-CDF-1348|2. Introduction of participants|Lusangazi Central Ward|Infrastructure & Community Support|0.0|Ongoing|2024
LUS-CDF-1349|3. Opening remarks|Lusangazi Central Ward|Infrastructure & Community Support|0.0|Ongoing|2024
LUS-CDF-1350|4. Updates on the ZDSP 2023 and 2024 funding|Lusangazi Central Ward|Infrastructure & Community Support|0.0|Ongoing|2024
LUS-CDF-1351|THE PUBLIC FINANCE MANAGEMENT ACT, 2018|Lusangazi Central Ward|Infrastructure & Community Support|0.0|Ongoing|2024
LUS-CDF-1352|ARRANGEMENT OF SECTIONS|Lusangazi Central Ward|Infrastructure & Community Support|0.0|Ongoing|2024
LUS-CDF-1353|PRELIMINARY PROVISIONS|Lusangazi Central Ward|Infrastructure & Community Support|0.0|Ongoing|2024
LUS-CDF-1354|Short title and commencement|Lusangazi Central Ward|Infrastructure & Community Support|0.0|Ongoing|2024
LUS-CDF-1355|Supremacy of Act|Lusangazi Central Ward|Infrastructure & Community Support|0.0|Ongoing|2024
LUS-CDF-1356|MANAGEMENT OF PUBLIC FINANCES|Lusangazi Central Ward|Infrastructure & Community Support|0.0|Ongoing|2024
LUS-CDF-1357|Establishment of Treasury|Lusangazi Central Ward|Infrastructure & Community Support|0.0|Ongoing|2024
LUS-CDF-1358|Functions and powers of the Treasury|Lusangazi Central Ward|Infrastructure & Community Support|0.0|Ongoing|2024
LUS-CDF-1359|Secretary to Treasury|Lusangazi Central Ward|Infrastructure & Community Support|0.0|Ongoing|2024
LUS-CDF-1360|Functions of Secretary to Treasury|Lusangazi Central Ward|Infrastructure & Community Support|0.0|Ongoing|2024
LUS-CDF-1361|Accountant-General|Lusangazi Central Ward|Infrastructure & Community Support|0.0|Ongoing|2024
LUS-CDF-1362|Functions of Accountant-General|Lusangazi Central Ward|Infrastructure & Community Support|0.0|Ongoing|2024
LUS-CDF-1363|Controlling officers|Lusangazi Central Ward|Infrastructure & Community Support|0.0|Ongoing|2024
LUS-CDF-1364|General responsibilities of controlling officer|Lusangazi Central Ward|Infrastructure & Community Support|0.0|Ongoing|2024
LUS-CDF-1365|Fiduciary duties of controlling officer and controlling body|Lusangazi Central Ward|Infrastructure & Community Support|0.0|Ongoing|2024
LUS-CDF-1366|Appointment and responsibilities of accounting officers|Lusangazi Central Ward|Infrastructure & Community Support|0.0|Ongoing|2024
LUS-CDF-1367|Controller of InternalAudit|Lusangazi Central Ward|Infrastructure & Community Support|0.0|Ongoing|2024
LUS-CDF-1368|Functions of Controller of InternalAudit|Lusangazi Central Ward|Infrastructure & Community Support|0.0|Ongoing|2024
LUS-CDF-1369|Appointment and powers of internal auditors|Lusangazi Central Ward|Infrastructure & Community Support|0.0|Ongoing|2024
LUS-CDF-1370|Functions of internal auditors|Lusangazi Central Ward|Infrastructure & Community Support|0.0|Ongoing|2024
LUS-CDF-1371|Appointment and powers of stock verifiers|Lusangazi Central Ward|Infrastructure & Community Support|0.0|Ongoing|2024
LUS-CDF-1372|Audit committees|Lusangazi Central Ward|Infrastructure & Community Support|0.0|Ongoing|2024
LUS-CDF-1373|CONTROL OF PUBLIC FINANCES|Lusangazi Central Ward|Infrastructure & Community Support|0.0|Ongoing|2024
LUS-CDF-1374|Additional principles of public finance|Lusangazi Central Ward|Infrastructure & Community Support|0.0|Ongoing|2024
LUS-CDF-1375|Public funds to be credited to Consolidated Fund|Lusangazi Central Ward|Infrastructure & Community Support|0.0|Ongoing|2024
LUS-CDF-1376|Disbursement from Consolidated Fund|Lusangazi Central Ward|Infrastructure & Community Support|0.0|Ongoing|2024
LUS-CDF-1377|Issuance of warrant|Lusangazi Central Ward|Infrastructure & Community Support|0.0|Ongoing|2024
LUS-CDF-1378|Donations and Grants|Lusangazi Central Ward|Infrastructure & Community Support|0.0|Ongoing|2024
LUS-CDF-1379|Treasury SingleAccount|Lusangazi Central Ward|Infrastructure & Community Support|0.0|Ongoing|2024
LUS-CDF-1380|Borrowing and lending|Lusangazi Central Ward|Infrastructure & Community Support|0.0|Ongoing|2024
LUS-CDF-1381|MINUTES FOR STAKE HOLIDERS MEETING HELD ON WEDNESDAY 301|Lusangazi Central Ward|Infrastructure & Community Support|0.0|Ongoing|2024
LUS-CDF-1382|0CTOBER, 2024 AT THE CIVIC CENTRE IN LUSANGAZI DISTRICT AT 10:00|Lusangazi Central Ward|Infrastructure & Community Support|0.0|Ongoing|2024
LUS-CDF-1383|The National Anthem was sung and a prayer was given by Mr Jason Chembe and the mecting|Lusangazi Central Ward|Infrastructure & Community Support|0.0|Ongoing|2024
LUS-CDF-1384|"was declared open at ||:02 hours."|Lusangazi Central Ward|Infrastructure & Community Support|0.0|Ongoing|2024
LUS-CDF-1385|SELF INTRODUCTION|Lusangazi Central Ward|Infrastructure & Community Support|0.0|Ongoing|2024
LUS-CDF-1386|Everyonc prescnt was askcd to introduce thensclves.|Lusangazi Central Ward|Infrastructure & Community Support|0.0|Ongoing|2024
LUS-CDF-1387|WELCOMING REMARKS BY THE COUNCIL|Lusangazi Central Ward|Infrastructure & Community Support|0.0|Ongoing|2024
LUS-CDF-1388|The Council Chairperson welcomcd everyonc to the mceting, he|Lusangazi Central Ward|Infrastructure & Community Support|0.0|Ongoing|2024
LUS-CDF-1389|informcd them that the purposc of the mecting was to discuss the|Lusangazi Central Ward|Infrastructure & Community Support|0.0|Ongoing|2024
LUS-CDF-1390|budget. He mentioncd that when we talked about budgct. wc didn't|Lusangazi Central Ward|Infrastructure & Community Support|0.0|Ongoing|2024
LUS-CDF-1391|mcan moncy but development. Thercfore, he urgcd everyonc to fcel|Lusangazi Central Ward|Infrastructure & Community Support|0.0|Ongoing|2024
LUS-CDF-1392|frec and participate fully bccausc they were there to discuss the|Lusangazi Central Ward|Infrastructure & Community Support|0.0|Ongoing|2024
LUS-CDF-1393|development of the district not at ward level.|Lusangazi Central Ward|Infrastructure & Community Support|0.0|Ongoing|2024
LUS-CDF-1394|He further informed the members that ncxt ycar 2025 we shall be|Lusangazi Central Ward|Infrastructure & Community Support|0.0|Ongoing|2024
LUS-CDF-1395|conducting our stakcholders mccting in our community hall which was|Lusangazi Central Ward|Infrastructure & Community Support|0.0|Ongoing|2024
LUS-CDF-1396|about to be built in our District.|Lusangazi Central Ward|Infrastructure & Community Support|0.0|Ongoing|2024
LUS-CDF-1397|l'urthermore, he introduced the new Council Secretary to the members.|Lusangazi Central Ward|Infrastructure & Community Support|0.0|Ongoing|2024
LUS-CDF-1398|REMARKS BY THE USAID|Lusangazi Central Ward|Infrastructure & Community Support|0.0|Ongoing|2024
LUS-CDF-1399|The Citizen Engagement Officer. welcomed everyone present. and|Lusangazi Central Ward|Infrastructure & Community Support|0.0|Ongoing|2024
LUS-CDF-1400|int'ormed them that the USAID Local Government Impact worked in|Lusangazi Central Ward|Infrastructure & Community Support|0.0|Ongoing|2024
LUS-CDF-1401|conjunction with Councils, there aim was to help the community to be|Lusangazi Central Ward|Infrastructure & Community Support|0.0|Ongoing|2024
LUS-CDF-1402|engaged in the budgeting process and also to acquire knowledge on|Lusangazi Central Ward|Infrastructure & Community Support|0.0|Ongoing|2024
LUS-CDF-1403|how the Constiluency Development Fund (CDF) was going on.|Lusangazi Central Ward|Infrastructure & Community Support|0.0|Ongoing|2024
LUS-CDF-1404|Tle thanked cveryone lor coming.|Lusangazi Central Ward|Infrastructure & Community Support|0.0|Ongoing|2024
LUS-CDF-1405|E CUNCIL SECRETARY|Lusangazi Central Ward|Infrastructure & Community Support|0.0|Ongoing|2024
LUS-CDF-1406|The Council Seceary welconcd everyone preent, and inforned thcm|Lusangazi Central Ward|Infrastructure & Community Support|0.0|Ongoing|2024
LUS-CDF-1407|that it was mandatory to oductstakcholdes mceting becac it wa.|Lusangazi Central Ward|Infrastructure & Community Support|0.0|Ongoing|2024
LUS-CDF-1408|the ist slep lor thc budyct poces.|Lusangazi Central Ward|Infrastructure & Community Support|0.0|Ongoing|2024
LUS-CDF-1409|lC urpcdevery 0nc o ninmise movcmcnt and pay total atlcnio|Lusangazi Central Ward|Infrastructure & Community Support|0.0|Ongoing|2024
LUS-CDF-1410|le requCsted the member|Lusangazi Central Ward|Infrastructure & Community Support|0.0|Ongoing|2024
LUS-CDF-1411|Institutions implementing skills for youth empowerment programme|Lusangazi Central Ward|Infrastructure & Community Support|0.0|Ongoing|2024
LUS-CDF-1412|Name of Institution|Lusangazi Central Ward|Infrastructure & Community Support|0.0|Ongoing|2024
LUS-CDF-1413|Name of Training Programme|Lusangazi Central Ward|Infrastructure & Community Support|0.0|Ongoing|2024
LUS-CDF-1414|African College For Community Based Natural Resource Transfer Wildlife Safari|Lusangazi Central Ward|Infrastructure & Community Support|0.0|Ongoing|2024
LUS-CDF-1415|African College For Community Based Natural Resource Walking Wildlife Safari|Lusangazi Central Ward|Infrastructure & Community Support|0.0|Ongoing|2024
LUS-CDF-1416|African College For Community Based Natural Resource Driving Wildlife Safari Guide|Lusangazi Central Ward|Infrastructure & Community Support|0.0|Ongoing|2024
LUS-CDF-1417|Bauleni Special Needs Project|Lusangazi Central Ward|Infrastructure & Community Support|0.0|Ongoing|2024
LUS-CDF-1418|Fashion Design and Textile Tech- Lusaka|Lusangazi Central Ward|Infrastructure & Community Support|0.0|Ongoing|2024
LUS-CDF-1419|Bauleni Special Needs Project|Lusangazi Central Ward|Infrastructure & Community Support|0.0|Ongoing|2024
LUS-CDF-1420|General Agriculture|Lusangazi Central Ward|Infrastructure & Community Support|0.0|Ongoing|2024
LUS-CDF-1421|Bauleni Special Needs Project|Lusangazi Central Ward|Infrastructure & Community Support|0.0|Ongoing|2024
LUS-CDF-1422|Bauleni Special Needs Project|Lusangazi Central Ward|Infrastructure & Community Support|0.0|Ongoing|2024
LUS-CDF-1423|Carpentry and Joinery|Lusangazi Central Ward|Infrastructure & Community Support|0.0|Ongoing|2024
LUS-CDF-1424|Buchi Vocational Training Centre|Lusangazi Central Ward|Infrastructure & Community Support|0.0|Ongoing|2024
LUS-CDF-1425|Auto Body Repair|Lusangazi Central Ward|Infrastructure & Community Support|0.0|Ongoing|2024
LUS-CDF-1426|Buchi Vocational Training Centre|Lusangazi Central Ward|Infrastructure & Community Support|0.0|Ongoing|2024
LUS-CDF-1427|Automotive Mechanics|Lusangazi Central Ward|Infrastructure & Community Support|0.0|Ongoing|2024
LUS-CDF-1428|Buchi Vocational Training Centre|Lusangazi Central Ward|Infrastructure & Community Support|0.0|Ongoing|2024
LUS-CDF-1429|Power Electrical|Lusangazi Central Ward|Infrastructure & Community Support|0.0|Ongoing|2024
LUS-CDF-1430|Buchi Vocational Training Centre|Lusangazi Central Ward|Infrastructure & Community Support|0.0|Ongoing|2024
LUS-CDF-1431|Fashion Design and Textile Tech- Copperbelt|Lusangazi Central Ward|Infrastructure & Community Support|0.0|Ongoing|2024
LUS-CDF-1432|Buchi Vocational Training Centre|Lusangazi Central Ward|Infrastructure & Community Support|0.0|Ongoing|2024
LUS-CDF-1433|Carpentry and Joinery|Lusangazi Central Ward|Infrastructure & Community Support|0.0|Ongoing|2024
LUS-CDF-1434|Chama Youth Resource Centre|Lusangazi Central Ward|Infrastructure & Community Support|0.0|Ongoing|2024
LUS-CDF-1435|Bricklaying and Masonry|Lusangazi Central Ward|Infrastructure & Community Support|0.0|Ongoing|2024
LUS-CDF-1436|Chama Youth Resource Centre|Lusangazi Central Ward|Infrastructure & Community Support|0.0|Ongoing|2024
LUS-CDF-1437|Carpentry and Joinery|Lusangazi Central Ward|Infrastructure & Community Support|0.0|Ongoing|2024
LUS-CDF-1438|Chama Youth Resource Centre|Lusangazi Central Ward|Infrastructure & Community Support|0.0|Ongoing|2024
LUS-CDF-1439|Fashion Design and Textile Tech- Eastern|Lusangazi Central Ward|Infrastructure & Community Support|0.0|Ongoing|2024
LUS-CDF-1440|Chelstone Skills Training Centre|Lusangazi Central Ward|Infrastructure & Community Support|0.0|Ongoing|2024
LUS-CDF-1441|REPUBLIC OF ZAMBIA|Lusangazi Central Ward|Infrastructure & Community Support|0.0|Ongoing|2024
LUS-CDF-1442|THE LOCAL AUTHORITIES|Lusangazi Central Ward|Infrastructure & Community Support|0.0|Ongoing|2024
LUS-CDF-1443|DEBT AND ARREARS|Lusangazi Central Ward|Infrastructure & Community Support|0.0|Ongoing|2024
LUS-CDF-1444|MONITORING MECHANISM|Lusangazi Central Ward|Infrastructure & Community Support|0.0|Ongoing|2024
LUS-CDF-1445|THE LOCAL AUTHORITIES|Lusangazi Central Ward|Infrastructure & Community Support|0.0|Ongoing|2024
LUS-CDF-1446|DEBT AND ARREARS|Lusangazi Central Ward|Infrastructure & Community Support|0.0|Ongoing|2024
LUS-CDF-1447|MONITORING MECHANISM|Lusangazi Central Ward|Infrastructure & Community Support|0.0|Ongoing|2024
LUS-CDF-1448|TABLE OF CONTENTS|Lusangazi Central Ward|Infrastructure & Community Support|0.0|Ongoing|2024
LUS-CDF-1449|LIST OF FIGURES ....................................................................................|Lusangazi Central Ward|Infrastructure & Community Support|0.0|Ongoing|2024
LUS-CDF-1450|LIST OF TABLES .....................................................................................|Lusangazi Central Ward|Infrastructure & Community Support|0.0|Ongoing|2024
LUS-CDF-1451|LIST OF ABBREVIATIONS ..............................................................................|Lusangazi Central Ward|Infrastructure & Community Support|0.0|Ongoing|2024
LUS-CDF-1452|DEFINITIONS ........................................................................................|Lusangazi Central Ward|Infrastructure & Community Support|0.0|Ongoing|2024
LUS-CDF-1453|FOREWORD ...........................................................................................|Lusangazi Central Ward|Infrastructure & Community Support|0.0|Ongoing|2024
LUS-CDF-1454|ACKNOWLEDGMENTS ....................................................................................|Lusangazi Central Ward|Infrastructure & Community Support|0.0|Ongoing|2024
LUS-CDF-1455|1.0 INTRODUCTION ...................................................................................|Lusangazi Central Ward|Infrastructure & Community Support|0.0|Ongoing|2024
LUS-CDF-1456|1.0 BACKGROUND .....................................................................................|Lusangazi Central Ward|Infrastructure & Community Support|0.0|Ongoing|2024
LUS-CDF-1457|3.0 CAPACITY DEVELOPMENT IN MANAGEMENT OF DEBT .....................................................|Lusangazi Central Ward|Infrastructure & Community Support|0.0|Ongoing|2024
LUS-CDF-1458|5.0 RATIONALE ............................................................... ......................|Lusangazi Central Ward|Infrastructure & Community Support|0.0|Ongoing|2024
LUS-CDF-1459|5. 1. National level will be monitoring the following ..........................................|Lusangazi Central Ward|Infrastructure & Community Support|0.0|Ongoing|2024
LUS-CDF-1460|5.1.1. At Sub-national level, the following will be monitored ...................................|Lusangazi Central Ward|Infrastructure & Community Support|0.0|Ongoing|2024
LUS-CDF-1461|....................................................................................................|Lusangazi Central Ward|Infrastructure & Community Support|0.0|Ongoing|2024
LUS-CDF-1462|OVERVIEW OF THE LADAMM|Lusangazi Central Ward|Infrastructure & Community Support|0.0|Ongoing|2024
LUS-CDF-1463|6.1. Objectives................................................................................|Lusangazi Central Ward|Infrastructure & Community Support|0.0|Ongoing|2024
LUS-CDF-1464|6 .1.1. Overall Objective .........................................................................|Lusangazi Central Ward|Infrastructure & Community Support|0.0|Ongoing|2024
LUS-CDF-1465|6.1.2. Speciﬁc Objectives...........................................................................|Lusangazi Central Ward|Infrastructure & Community Support|0.0|Ongoing|2024
LUS-CDF-1466|............................................................... 5|Lusangazi Central Ward|Infrastructure & Community Support|0.0|Ongoing|2024
LUS-CDF-1467|COMPONENTS OF DEBT MONITORING MECHANISM|Lusangazi Central Ward|Infrastructure & Community Support|0.0|Ongoing|2024
LUS-CDF-1468|7.1. Monitoring framework .........................................................................|Lusangazi Central Ward|Infrastructure & Community Support|0.0|Ongoing|2024
LUS-CDF-1469|7.1.1. Risk management framework ...................................................................|Lusangazi Central Ward|Infrastructure & Community Support|0.0|Ongoing|2024
LUS-CDF-1470|7.1.2. Debt and Arrears Monitoring Database.........................................................|Lusangazi Central Ward|Infrastructure & Community Support|0.0|Ongoing|2024
LUS-CDF-1471|SKILLS DEVELOPMENT BURSARY APPLICATION FORM|Lusangazi Central Ward|Infrastructure & Community Support|0.0|Ongoing|2024
LUS-CDF-1472|APPENDIX I: SKILLS DEVELOPMENT BURSARY APPLICATION FORM|Lusangazi Central Ward|Infrastructure & Community Support|0.0|Ongoing|2024
LUS-CDF-1473|REPUBLIC OF ZAMBIA|Lusangazi Central Ward|Infrastructure & Community Support|0.0|Ongoing|2024
LUS-CDF-1474|CONSTITUENCY DEVELOPMENT FUND|Lusangazi Central Ward|Infrastructure & Community Support|0.0|Ongoing|2024
LUS-CDF-1475|SKILLS DEVELOPMENT BURSARY|Lusangazi Central Ward|Infrastructure & Community Support|0.0|Ongoing|2024
LUS-CDF-1476|APPLICATION FORM|Lusangazi Central Ward|Infrastructure & Community Support|0.0|Ongoing|2024
LUS-CDF-1477|Application Identification Number|Lusangazi Central Ward|Infrastructure & Community Support|0.0|Ongoing|2024
LUS-CDF-1478|(For official use only)|Lusangazi Central Ward|Infrastructure & Community Support|0.0|Ongoing|2024
LUS-CDF-1479|SBD/Zone//Ward Code Number|Lusangazi Central Ward|Infrastructure & Community Support|0.0|Ongoing|2024
LUS-CDF-1480|Instructions: This application form should be completed by the applicant and sent together with docu|Lusangazi Central Ward|Infrastructure & Community Support|0.0|Ongoing|2024
LUS-CDF-1481|in Annex 1 to the Chairperson, Ward Development Committee.|Lusangazi Central Ward|Infrastructure & Community Support|0.0|Ongoing|2024
LUS-CDF-1482|NOTE: This form is not for sale.|Lusangazi Central Ward|Infrastructure & Community Support|0.0|Ongoing|2024
LUS-CDF-1483|Disclaimer: Completion of the form does not guarantee the award of CDF Skills Development Bursary.|Lusangazi Central Ward|Infrastructure & Community Support|0.0|Ongoing|2024
LUS-CDF-1484|PART A: TO BE COMPLETED BY APPLICANT|Lusangazi Central Ward|Infrastructure & Community Support|0.0|Ongoing|2024
LUS-CDF-1485|1. Surname: ……………………………………………………………………|Lusangazi Central Ward|Infrastructure & Community Support|0.0|Ongoing|2024
LUS-CDF-1486|2. Other Names: ………………………………………………………………….|Lusangazi Central Ward|Infrastructure & Community Support|0.0|Ongoing|2024
LUS-CDF-1487|3. Sex (Male/Female)…………………Nationality……………………………..|Lusangazi Central Ward|Infrastructure & Community Support|0.0|Ongoing|2024
LUS-CDF-1488|4. N.R.C. No: ……………/…………/…… (Photocopy to be attached)|Lusangazi Central Ward|Infrastructure & Community Support|0.0|Ongoing|2024
LUS-CDF-1489|5. Date of Birth: …………………………Place of Birth: ……………………..|Lusangazi Central Ward|Infrastructure & Community Support|0.0|Ongoing|2024
LUS-CDF-1490|6. Residence of Applicant:|Lusangazi Central Ward|Infrastructure & Community Support|0.0|Ongoing|2024
LUS-CDF-1491|(a) District …………………………………………………..|Lusangazi Central Ward|Infrastructure & Community Support|0.0|Ongoing|2024
LUS-CDF-1492|(b) Constituency ……………………………………………|Lusangazi Central Ward|Infrastructure & Community Support|0.0|Ongoing|2024
LUS-CDF-1493|(c) Ward ……………………………………………………...|Lusangazi Central Ward|Infrastructure & Community Support|0.0|Ongoing|2024
LUS-CDF-1494|(d) Zone ………………………………………………………|Lusangazi Central Ward|Infrastructure & Community Support|0.0|Ongoing|2024
LUS-CDF-1495|7. Postal Address: ……………………………………………………………………………..|Lusangazi Central Ward|Infrastructure & Community Support|0.0|Ongoing|2024
LUS-CDF-1496|8. Mobile Phone No: ………………………………….…….. E-mail……………..…..……|Lusangazi Central Ward|Infrastructure & Community Support|0.0|Ongoing|2024
LUS-CDF-1497|9. Vulnerability Status:|Lusangazi Central Ward|Infrastructure & Community Support|0.0|Ongoing|2024
LUS-CDF-1498|(a) Single Orphan/Double Orphan/Other (Please Specify): …………………………|Lusangazi Central Ward|Infrastructure & Community Support|0.0|Ongoing|2024
LUS-CDF-1499|(b) Are you disabled? Yes/No. if yes, specify nature of disability: ……………………|Lusangazi Central Ward|Infrastructure & Community Support|0.0|Ongoing|2024
LUS-CDF-1500|(c) Financial challenge (Specify)………………………………………………………..|Lusangazi Central Ward|Infrastructure & Community Support|0.0|Ongoing|2024
LUS-CDF-1501|2024 COMMUNITY PROJECTS PRIORITISED BY RESPECTIVES WDCS|Lusangazi Central Ward|Infrastructure & Community Support|0.0|Ongoing|2024
LUS-CDF-1502|Drilling of borehole at Masosi village|Lusangazi Central Ward|Infrastructure & Community Support|0.0|Ongoing|2024
LUS-CDF-1503|Water and Sanitation|Lusangazi Central Ward|Infrastructure & Community Support|0.0|Ongoing|2024
LUS-CDF-1504|Drilling of borehole at mzaleka village|Lusangazi Central Ward|Infrastructure & Community Support|0.0|Ongoing|2024
LUS-CDF-1505|Water and Sanitation|Lusangazi Central Ward|Infrastructure & Community Support|0.0|Ongoing|2024
LUS-CDF-1506|Construction of a health post clinic at Chiwa zone|Lusangazi Central Ward|Infrastructure & Community Support|0.0|Ongoing|2024
LUS-CDF-1507|Construction of a 1x3 classroom block for early childhood education at Ray school Education|Lusangazi Central Ward|Infrastructure & Community Support|0.0|Ongoing|2024
LUS-CDF-1508|Construction of 1x3 classroom block at chiwa school|Lusangazi Central Ward|Infrastructure & Community Support|0.0|Ongoing|2024
LUS-CDF-1509|Drilling of borehole at Jere village (chiwa)|Lusangazi Central Ward|Infrastructure & Community Support|0.0|Ongoing|2024
LUS-CDF-1510|Water and Sanitation|Lusangazi Central Ward|Infrastructure & Community Support|0.0|Ongoing|2024
LUS-CDF-1511|Drilling of a borehole at Chiwa Katonda area (Chiwa)|Lusangazi Central Ward|Infrastructure & Community Support|0.0|Ongoing|2024
LUS-CDF-1512|Water and Sanitation|Lusangazi Central Ward|Infrastructure & Community Support|0.0|Ongoing|2024
LUS-CDF-1513|Drilling of a borehole at chiwa kafufuma area (Chiwa)|Lusangazi Central Ward|Infrastructure & Community Support|0.0|Ongoing|2024
LUS-CDF-1514|Water and Sanitation|Lusangazi Central Ward|Infrastructure & Community Support|0.0|Ongoing|2024
LUS-CDF-1515|Drilling of borehole at chiwa chifunitla area (Chiwa)|Lusangazi Central Ward|Infrastructure & Community Support|0.0|Ongoing|2024
LUS-CDF-1516|Water and Sanitation|Lusangazi Central Ward|Infrastructure & Community Support|0.0|Ongoing|2024
LUS-CDF-1517|Drilling of borehole at masomphenya (Chiwa)|Lusangazi Central Ward|Infrastructure & Community Support|0.0|Ongoing|2024
LUS-CDF-1518|Water and Sanitation|Lusangazi Central Ward|Infrastructure & Community Support|0.0|Ongoing|2024
LUS-CDF-1519|Grading of 50km road at chilongozi to Sandwe road|Lusangazi Central Ward|Infrastructure & Community Support|0.0|Ongoing|2024
LUS-CDF-1520|Construction of a health post at lumbuka|Lusangazi Central Ward|Infrastructure & Community Support|0.0|Ongoing|2024
LUS-CDF-1521|Construction of maternity annex at Sandwe|Lusangazi Central Ward|Infrastructure & Community Support|0.0|Ongoing|2024
LUS-CDF-1522|Construction of a maternity annex and a staff house at chiwale|Lusangazi Central Ward|Infrastructure & Community Support|0.0|Ongoing|2024
LUS-CDF-1523|Construction of two staff houses at Chioteta Primary school|Lusangazi Central Ward|Infrastructure & Community Support|0.0|Ongoing|2024
LUS-CDF-1524|Construction of two houses at Sandwe primary School|Lusangazi Central Ward|Infrastructure & Community Support|0.0|Ongoing|2024
LUS-CDF-1525|Completion of 1x3 classroom block at Mileka Primary School|Lusangazi Central Ward|Infrastructure & Community Support|0.0|Ongoing|2024
LUS-CDF-1526|Construction of two staff houses at Haugen primary|Lusangazi Central Ward|Infrastructure & Community Support|0.0|Ongoing|2024
LUS-CDF-1527|Construction of two teachers houses at mangolo primary school|Lusangazi Central Ward|Infrastructure & Community Support|0.0|Ongoing|2024
LUS-CDF-1528|Construction of two teachers houses at mwanika primary School|Lusangazi Central Ward|Infrastructure & Community Support|0.0|Ongoing|2024
LUS-CDF-1529|Construction of health post at maila zone|Lusangazi Central Ward|Infrastructure & Community Support|0.0|Ongoing|2024
LUS-CDF-1530|Rehabilitation of a Dam at Haugeni zone|Lusangazi Central Ward|Infrastructure & Community Support|0.0|Ongoing|2024
LUS-CDF-1531|LUSANGAZI TOWN COUNCIL|Lusangazi Central Ward|Infrastructure & Community Support|0.0|Ongoing|2024
LUS-CDF-1532|Meeting Title: Community Stakeholder’s Engagement Meeting in Sandwe Chiefdom|Lusangazi Central Ward|Infrastructure & Community Support|0.0|Ongoing|2024
LUS-CDF-1533|Date: 25/09/2025|Lusangazi Central Ward|Infrastructure & Community Support|0.0|Ongoing|2024
LUS-CDF-1534|Time: 10:33-13:58|Lusangazi Central Ward|Infrastructure & Community Support|0.0|Ongoing|2024
LUS-CDF-1535|Location: Council Chamber at the Civic Centre|Lusangazi Central Ward|Infrastructure & Community Support|0.0|Ongoing|2024
LUS-CDF-1536|Facilitators: Mr. Timothy Banda, Mr. Mwankhongono-zao Roy Kaonga, Ms. Margaret|Lusangazi Central Ward|Infrastructure & Community Support|0.0|Ongoing|2024
LUS-CDF-1537|Nachangwa, Mr. Ngwenya Mbaimbai|Lusangazi Central Ward|Infrastructure & Community Support|0.0|Ongoing|2024
LUS-CDF-1538|GENDER POSITION|Lusangazi Central Ward|Infrastructure & Community Support|0.0|Ongoing|2024
LUS-CDF-1539|Vice chairperson|Lusangazi Central Ward|Infrastructure & Community Support|0.0|Ongoing|2024
LUS-CDF-1540|WDC vice secretary|Lusangazi Central Ward|Infrastructure & Community Support|0.0|Ongoing|2024
LUS-CDF-1541|WDC Vice Chairperson|Lusangazi Central Ward|Infrastructure & Community Support|0.0|Ongoing|2024
LUS-CDF-1542|Banda Christopher|Lusangazi Central Ward|Infrastructure & Community Support|0.0|Ongoing|2024
LUS-CDF-1543|Assistant community development officer Local Authority|Lusangazi Central Ward|Infrastructure & Community Support|0.0|Ongoing|2024
LUS-CDF-1544|Health inspector|Lusangazi Central Ward|Infrastructure & Community Support|0.0|Ongoing|2024
LUS-CDF-1545|Margret Nachangwa|Lusangazi Central Ward|Infrastructure & Community Support|0.0|Ongoing|2024
LUS-CDF-1546|Public Relation Officer|Lusangazi Central Ward|Infrastructure & Community Support|0.0|Ongoing|2024
LUS-CDF-1547|Senior Health Inspector|Lusangazi Central Ward|Infrastructure & Community Support|0.0|Ongoing|2024
LUS-CDF-1548|Ngwenya Mbaimbai|Lusangazi Central Ward|Infrastructure & Community Support|0.0|Ongoing|2024
LUS-CDF-1549|Acting Accountant|Lusangazi Central Ward|Infrastructure & Community Support|0.0|Ongoing|2024
LUS-CDF-1550|Council Advocate (Ag. CS)|Lusangazi Central Ward|Infrastructure & Community Support|0.0|Ongoing|2024
LUS-CDF-1551|1) Call to order, introduction of meeting and Opening Prayer|Lusangazi Central Ward|Infrastructure & Community Support|0.0|Ongoing|2024
LUS-CDF-1552|2) Introductions of everyone in the meeting|Lusangazi Central Ward|Infrastructure & Community Support|0.0|Ongoing|2024
LUS-CDF-1553|3) Opening Remarks|Lusangazi Central Ward|Infrastructure & Community Support|0.0|Ongoing|2024
LUS-CDF-1554|4) Presentation on Budget Performance|Lusangazi Central Ward|Infrastructure & Community Support|0.0|Ongoing|2024
LUS-CDF-1555|5) Presentation of Zambia Devolution Support Program parameters and available funding|Lusangazi Central Ward|Infrastructure & Community Support|0.0|Ongoing|2024
LUS-CDF-1556|6) Presentation on Budget Proposals by the WDC’s and Submissions 7) Closing Remarks|Lusangazi Central Ward|Infrastructure & Community Support|0.0|Ongoing|2024
LUS-CDF-1557|and closing prayer|Lusangazi Central Ward|Infrastructure & Community Support|0.0|Ongoing|2024
LUS-CDF-1558|1. CALL TO ORDER|Lusangazi Central Ward|Infrastructure & Community Support|0.0|Ongoing|2024
LUS-CDF-1559|The meeting was opened with a call to order by the facilitator and a call to everyone to be attentiv|Lusangazi Central Ward|Infrastructure & Community Support|0.0|Ongoing|2024
LUS-CDF-1560|share in the views for the development of the district. The meeting began at 10:33 with an opening p|Lusangazi Central Ward|Infrastructure & Community Support|0.0|Ongoing|2024
